seed,nBalloons,ackPolicy,towerContact,meshHop,rounds,meanDegree,groundedPct,believedGroundedPct,originated,delivered,satellite,acked,ackLost,droppedLoop,droppedTtl,blocked,completionRate,meanTowerAdjacent,deliveryCeilingPerRound,slotsWithBundle,stallNoBelief,stallStaleNextHop
6,600,source-routed,1,1,800,2.8533,33.3333,25.1667,2383,433,1547,355,74,0,0,127,0.218687,12.8462,2.5692,49846,45628,78
0,600,source-routed,1,1,800,3.0317,44.0000,43.0000,2375,788,1242,723,51,6,0,129,0.387033,13.2338,2.6467,40866,35433,34
12,600,source-routed,1,1,800,3.1833,54.6667,34.8333,2379,525,1454,435,78,7,0,588,0.264350,7.1312,1.4263,44059,36713,62
6,600,source-routed,1,2,800,2.8533,33.3333,25.1667,2383,475,1506,362,106,0,0,477,0.239778,12.8462,2.5692,49303,45597,75
0,600,source-routed,1,2,800,3.0317,44.0000,43.0000,2374,805,1230,736,59,5,0,282,0.394608,13.2338,2.6467,40369,35428,34
12,600,source-routed,1,2,800,3.1833,54.6667,34.8333,2379,582,1391,438,131,8,2,1280,0.293495,7.1312,1.4263,43040,36665,60
6,600,source-routed,1,4,800,2.8533,33.3333,25.1667,2382,497,1489,372,117,0,0,1136,0.250252,12.8462,2.5692,49074,45573,77
12,600,source-routed,1,4,800,3.1833,54.6667,34.8333,2379,619,1357,438,164,7,2,2714,0.311839,7.1312,1.4263,42665,36690,61
0,600,source-routed,1,4,800,3.0317,44.0000,43.0000,2375,828,1201,721,97,5,1,1348,0.406880,13.2338,2.6467,40324,35427,34
6,600,source-routed,1,8,800,2.8533,33.3333,25.1667,2382,500,1486,377,115,0,0,2076,0.251762,12.8462,2.5692,49006,45573,77
0,600,source-routed,1,8,800,3.0317,44.0000,43.0000,2375,828,1199,722,97,5,4,2641,0.406680,13.2338,2.6467,40222,35427,34
12,600,source-routed,1,8,800,3.1833,54.6667,34.8333,2378,621,1352,436,169,6,2,5390,0.313478,7.1312,1.4263,42636,36687,61
6,600,source-routed,4,1,800,2.8533,33.3333,25.1667,2383,442,1539,360,78,0,0,125,0.223120,12.8462,10.2770,49796,45630,78
0,600,source-routed,4,1,800,3.0317,44.0000,43.0000,2375,797,1240,727,54,6,0,103,0.390113,13.2338,10.5870,40727,35433,33
12,600,source-routed,4,1,800,3.1833,54.6667,34.8333,2379,548,1434,427,108,7,0,584,0.275515,7.1312,5.7050,43945,36721,54
6,600,source-routed,4,2,800,2.8533,33.3333,25.1667,2383,523,1465,383,133,1,0,330,0.262946,12.8462,10.2770,49118,45597,80
0,600,source-routed,4,2,800,3.0317,44.0000,43.0000,2374,825,1218,754,58,5,0,244,0.402832,13.2338,10.5870,40081,35428,33
12,600,source-routed,4,2,800,3.1833,54.6667,34.8333,2379,672,1317,424,234,7,2,1154,0.336336,7.1312,5.7050,42781,36664,54
6,600,source-routed,4,4,800,2.8533,33.3333,25.1667,2383,580,1413,385,186,0,0,298,0.291019,12.8462,10.2770,48757,45596,77
12,600,source-routed,4,4,800,3.1833,54.6667,34.8333,2379,802,1207,443,341,6,2,1259,0.397620,7.1312,5.7050,42003,36687,59
0,600,source-routed,4,4,800,3.0317,44.0000,43.0000,2374,951,1086,728,210,5,3,422,0.465037,13.2338,10.5870,39840,35427,34
6,600,source-routed,4,8,800,2.8533,33.3333,25.1667,2382,601,1397,395,195,0,1,360,0.300650,12.8462,10.2770,48653,45598,76
12,600,source-routed,4,8,800,3.1833,54.6667,34.8333,2378,838,1179,444,375,6,5,2059,0.413215,7.1312,5.7050,41776,36664,56
0,600,source-routed,4,8,800,3.0317,44.0000,43.0000,2374,950,1085,732,203,5,5,814,0.464548,13.2338,10.5870,39705,35427,33
6,600,digest,1,1,800,2.8533,33.3333,25.1667,2382,501,1495,428,0,0,0,150,0.251002,12.8462,2.5692,50203,45628,79
12,600,digest,1,1,800,3.1833,54.6667,34.8333,2379,621,1370,526,0,7,0,541,0.310811,7.1312,1.4263,44447,36703,55
0,600,digest,1,1,800,3.0317,44.0000,43.0000,2375,837,1205,789,0,4,0,78,0.409091,13.2338,2.6467,41102,35433,32
6,600,digest,1,2,800,2.8533,33.3333,25.1667,2382,510,1480,420,0,0,1,717,0.256153,12.8462,2.5692,49649,45594,78
12,600,digest,1,2,800,3.1833,54.6667,34.8333,2379,696,1281,544,0,6,3,1391,0.350453,7.1312,1.4263,43479,36660,53
0,600,digest,1,2,800,3.0317,44.0000,43.0000,2375,838,1193,756,0,4,2,529,0.411389,13.2338,2.6467,40778,35428,32
6,600,digest,1,4,800,2.8533,33.3333,25.1667,2382,510,1480,420,0,0,1,1989,0.256153,12.8462,2.5692,49541,45593,78
12,600,digest,1,4,800,3.1833,54.6667,34.8333,2378,704,1271,564,0,9,3,3457,0.354303,7.1312,1.4263,43235,36676,60
0,600,digest,1,4,800,3.0317,44.0000,43.0000,2375,838,1194,750,0,4,1,2014,0.411389,13.2338,2.6467,40648,35427,32
6,600,digest,1,8,800,2.8533,33.3333,25.1667,2382,510,1480,420,0,0,1,3750,0.256153,12.8462,2.5692,49513,45593,78
12,600,digest,1,8,800,3.1833,54.6667,34.8333,2378,704,1269,565,0,11,3,6779,0.354303,7.1312,1.4263,43203,36686,60
0,600,digest,1,8,800,3.0317,44.0000,43.0000,2375,838,1193,748,0,4,2,3982,0.411389,13.2338,2.6467,40579,35427,32
6,600,digest,4,1,800,2.8533,33.3333,25.1667,2383,549,1450,474,0,0,0,71,0.274637,12.8462,10.2770,50120,45631,79
12,600,digest,4,1,800,3.1833,54.6667,34.8333,2379,696,1302,596,0,7,0,427,0.347132,7.1312,5.7050,44272,36707,55
0,600,digest,4,1,800,3.0317,44.0000,43.0000,2375,853,1193,794,0,4,0,78,0.416098,13.2338,10.5870,40977,35433,32
6,600,digest,4,2,800,2.8533,33.3333,25.1667,2383,636,1386,585,0,0,2,12,0.314229,12.8462,10.2770,49285,45597,78
12,600,digest,4,2,800,3.1833,54.6667,34.8333,2379,890,1148,802,0,7,4,262,0.434358,7.1312,5.7050,42841,36682,58
0,600,digest,4,2,800,3.0317,44.0000,43.0000,2375,987,1070,899,0,4,3,49,0.478198,13.2338,10.5870,40424,35428,32
6,600,digest,4,4,800,2.8533,33.3333,25.1667,2383,644,1380,600,0,0,1,8,0.318025,12.8462,10.2770,49013,45575,78
12,600,digest,4,4,800,3.1833,54.6667,34.8333,2379,951,1096,872,0,6,5,81,0.462099,7.1312,5.7050,42298,36641,49
0,600,digest,4,4,800,3.0317,44.0000,43.0000,2375,1008,1064,959,0,4,2,2,0.485082,13.2338,10.5870,40054,35427,32
6,600,digest,4,8,800,2.8533,33.3333,25.1667,2383,645,1379,600,0,0,1,30,0.318519,12.8462,10.2770,48962,45575,78
12,600,digest,4,8,800,3.1833,54.6667,34.8333,2379,955,1094,875,0,6,5,143,0.463592,7.1312,5.7050,42236,36641,49
0,600,digest,4,8,800,3.0317,44.0000,43.0000,2375,1009,1064,960,0,4,2,22,0.485329,13.2338,10.5870,39961,35427,32
6,1200,source-routed,1,1,800,5.9475,97.0833,97.1667,4763,2269,1616,1743,474,195,0,5502,0.556127,22.3100,4.4620,34105,2504,100
0,1200,source-routed,1,1,800,6.1308,96.3333,96.4167,4744,2656,1331,2179,429,162,2,4224,0.639846,29.6137,5.9227,31649,3033,104
12,1200,source-routed,1,1,800,6.2750,97.9167,98.0833,4761,1812,2040,1301,470,189,0,6638,0.448404,17.3375,3.4675,35696,2068,96
6,1200,source-routed,1,2,800,5.9475,97.0833,97.1667,4760,2439,1491,1749,634,163,1,12388,0.595750,22.3100,4.4620,30647,2504,94
0,1200,source-routed,1,2,800,6.1308,96.3333,96.4167,4740,2831,1186,2246,529,138,3,10316,0.680856,29.6137,5.9227,29046,3033,94
12,1200,source-routed,1,2,800,6.2750,97.9167,98.0833,4756,1972,1890,1346,581,171,10,14775,0.487757,17.3375,3.4675,32234,2062,77
6,1200,source-routed,1,4,800,5.9475,97.0833,97.1667,4759,2493,1432,1761,676,162,1,24528,0.609834,22.3100,4.4620,29442,2504,91
0,1200,source-routed,1,4,800,6.1308,96.3333,96.4167,4742,2882,1147,2280,544,129,9,19835,0.691625,29.6137,5.9227,27892,3033,92
12,1200,source-routed,1,4,800,6.2750,97.9167,98.0833,4753,2057,1779,1335,673,187,26,28468,0.508027,17.3375,3.4675,30788,2062,81
6,1200,source-routed,1,8,800,5.9475,97.0833,97.1667,4761,2525,1407,1781,675,167,6,40436,0.615104,22.3100,4.4620,29016,2504,89
0,1200,source-routed,1,8,800,6.1308,96.3333,96.4167,4739,2917,1110,2286,567,128,9,32908,0.700528,29.6137,5.9227,27563,3033,91
12,1200,source-routed,1,8,800,6.2750,97.9167,98.0833,4755,2110,1707,1334,727,186,48,47370,0.520859,17.3375,3.4675,30232,2074,82
6,1200,source-routed,4,1,800,5.9475,97.0833,97.1667,4760,2925,1070,1777,1086,192,0,3870,0.698591,22.3100,17.8480,32149,2504,99
0,1200,source-routed,4,1,800,6.1308,96.3333,96.4167,4744,3352,789,2166,1117,146,2,1962,0.781534,29.6137,23.6910,29296,3033,104
12,1200,source-routed,4,1,800,6.2750,97.9167,98.0833,4762,2281,1631,1320,914,191,1,5272,0.555799,17.3375,13.8700,34177,2062,78
6,1200,source-routed,4,2,800,5.9475,97.0833,97.1667,4761,3811,378,1803,1911,119,3,4176,0.884018,22.3100,17.8480,25888,2504,90
0,1200,source-routed,4,2,800,6.1308,96.3333,96.4167,4744,3843,410,2207,1551,118,9,3344,0.877397,29.6137,23.6910,24642,3033,86
12,1200,source-routed,4,2,800,6.2750,97.9167,98.0833,4760,3027,992,1375,1584,167,11,8122,0.721229,17.3375,13.8700,28495,2062,67
6,1200,source-routed,4,4,800,5.9475,97.0833,97.1667,4764,4236,129,1859,2271,102,7,2463,0.946804,22.3100,17.8480,22565,2504,82
0,1200,source-routed,4,4,800,6.1308,96.3333,96.4167,4746,4104,225,2242,1778,100,9,5114,0.924741,29.6137,23.6910,22693,3033,85
12,1200,source-routed,4,4,800,6.2750,97.9167,98.0833,4759,3756,359,1361,2325,137,41,8793,0.874913,17.3375,13.8700,24900,2062,67
6,1200,source-routed,4,8,800,5.9475,97.0833,97.1667,4763,4309,85,1879,2326,101,7,2433,0.957130,22.3100,17.8480,21918,2504,79
0,1200,source-routed,4,8,800,6.1308,96.3333,96.4167,4746,4146,212,2192,1867,89,7,8285,0.930849,29.6137,23.6910,22292,3033,83
12,1200,source-routed,4,8,800,6.2750,97.9167,98.0833,4758,3957,225,1357,2524,141,44,11831,0.906114,17.3375,13.8700,23653,2062,62
6,1200,digest,1,1,800,5.9475,97.0833,97.1667,4762,2435,1503,2096,0,186,1,6309,0.590303,22.3100,4.4620,35778,2504,102
0,1200,digest,1,1,800,6.1308,96.3333,96.4167,4744,2805,1217,2564,0,158,2,4727,0.670732,29.6137,5.9227,32787,3033,103
12,1200,digest,1,1,800,6.2750,97.9167,98.0833,4760,2001,1872,1695,0,182,4,7008,0.492979,17.3375,3.4675,37126,2062,92
6,1200,digest,1,2,800,5.9475,97.0833,97.1667,4761,2536,1414,2128,0,166,4,15744,0.615534,22.3100,4.4620,32995,2504,99
0,1200,digest,1,2,800,6.1308,96.3333,96.4167,4744,2921,1130,2646,0,147,7,11864,0.694649,29.6137,5.9227,30383,3033,93
12,1200,digest,1,2,800,6.2750,97.9167,98.0833,4760,2148,1732,1726,0,162,20,16387,0.528804,17.3375,3.4675,33983,2062,83
6,1200,digest,1,4,800,5.9475,97.0833,97.1667,4758,2580,1366,2175,0,164,5,30891,0.626974,22.3100,4.4620,32040,2504,97
0,1200,digest,1,4,800,6.1308,96.3333,96.4167,4742,2965,1085,2662,0,138,8,23404,0.706625,29.6137,5.9227,29746,3033,91
12,1200,digest,1,4,800,6.2750,97.9167,98.0833,4756,2240,1609,1736,0,168,39,33911,0.552268,17.3375,3.4675,32867,2062,80
0,1200,digest,1,8,800,6.1308,96.3333,96.4167,4741,2991,1058,2690,0,145,8,38440,0.711804,29.6137,5.9227,29381,3033,91
6,1200,digest,1,8,800,5.9475,97.0833,97.1667,4759,2606,1336,2196,0,170,10,50907,0.632217,22.3100,4.4620,31628,2504,91
12,1200,digest,1,8,800,6.2750,97.9167,98.0833,4753,2258,1557,1736,0,188,45,57844,0.557806,17.3375,3.4675,32430,2062,79
0,1200,digest,4,1,800,6.1308,96.3333,96.4167,4746,3740,519,3449,0,139,3,1168,0.849807,29.6137,23.6910,29406,3033,95
6,1200,digest,4,1,800,5.9475,97.0833,97.1667,4765,3624,537,3247,0,162,1,2386,0.838113,22.3100,17.8480,32260,2504,100
12,1200,digest,4,1,800,6.2750,97.9167,98.0833,4762,2868,1156,2519,0,175,5,3946,0.682207,17.3375,13.8700,34487,2062,84
0,1200,digest,4,2,800,6.1308,96.3333,96.4167,4747,4159,217,3894,0,110,11,1826,0.924839,29.6137,23.6910,24766,3033,82
6,1200,digest,4,2,800,5.9475,97.0833,97.1667,4765,4352,74,4087,0,114,6,316,0.957325,22.3100,17.8480,25178,2504,91
12,1200,digest,4,2,800,6.2750,97.9167,98.0833,4762,3901,328,3418,0,133,30,3931,0.888206,17.3375,13.8700,28019,2062,70
0,1200,digest,4,4,800,6.1308,96.3333,96.4167,4747,4198,214,3916,0,92,11,4399,0.929790,29.6137,23.6910,23550,3033,81
6,1200,digest,4,4,800,5.9475,97.0833,97.1667,4765,4405,75,4155,0,103,6,344,0.959904,22.3100,17.8480,23485,2504,90
12,1200,digest,4,4,800,6.2750,97.9167,98.0833,4761,4295,65,3924,0,106,45,2483,0.952117,17.3375,13.8700,24514,2062,65
0,1200,digest,4,8,800,6.1308,96.3333,96.4167,4746,4202,203,3916,0,95,10,8069,0.931707,29.6137,23.6910,23438,3033,80
6,1200,digest,4,8,800,5.9475,97.0833,97.1667,4765,4409,74,4153,0,95,9,736,0.961195,22.3100,17.8480,23286,2504,87
12,1200,digest,4,8,800,6.2750,97.9167,98.0833,4762,4322,59,3927,0,96,43,4224,0.956195,17.3375,13.8700,24038,2062,62
0,2000,source-routed,1,1,800,10.1565,99.8500,99.9000,7901,4434,2189,3511,830,254,1,10311,0.644664,44.9350,8.9870,50523,230,78
6,2000,source-routed,1,1,800,10.1530,99.8000,99.8000,7924,3921,2584,2990,851,330,0,12219,0.573665,37.5763,7.5152,53145,286,63
12,2000,source-routed,1,1,800,10.3525,99.7500,99.8000,7930,3394,2992,2590,743,331,3,12428,0.505060,29.2413,5.8483,55486,343,64
0,2000,source-routed,1,2,800,10.1565,99.8500,99.9000,7899,4745,1954,3635,998,217,1,20923,0.685991,44.9350,8.9870,44733,230,67
6,2000,source-routed,1,2,800,10.1530,99.8000,99.8000,7922,4194,2336,3085,1020,315,0,25581,0.612710,37.5763,7.5152,47699,286,59
12,2000,source-routed,1,2,800,10.3525,99.7500,99.8000,7924,3666,2760,2686,896,314,12,26808,0.542950,29.2413,5.8483,49412,343,58
0,2000,source-routed,1,4,800,10.1565,99.8500,99.9000,7899,4890,1817,3622,1128,231,3,37749,0.704509,44.9350,8.9870,42534,230,61
6,2000,source-routed,1,4,800,10.1530,99.8000,99.8000,7918,4356,2219,3123,1131,293,4,45902,0.633877,37.5763,7.5152,45105,286,54
12,2000,source-routed,1,4,800,10.3525,99.7500,99.8000,7923,3830,2593,2700,1037,305,10,48602,0.568418,29.2413,5.8483,46506,343,49
0,2000,source-routed,1,8,800,10.1565,99.8500,99.9000,7894,4927,1763,3637,1152,237,7,58861,0.710557,44.9350,8.9870,41834,230,62
6,2000,source-routed,1,8,800,10.1530,99.8000,99.8000,7917,4403,2159,3099,1195,293,4,72370,0.641930,37.5763,7.5152,44540,286,50
12,2000,source-routed,1,8,800,10.3525,99.7500,99.8000,7922,3887,2528,2659,1136,302,14,79548,0.577477,29.2413,5.8483,45840,343,50
0,2000,source-routed,4,1,800,10.1565,99.8500,99.9000,7909,6087,915,3404,2539,226,0,3874,0.842142,44.9350,35.9480,43828,230,71
6,2000,source-routed,4,1,800,10.1530,99.8000,99.8000,7931,5760,1158,3029,2613,258,0,4984,0.802676,37.5763,30.0610,45688,286,61
12,2000,source-routed,4,1,800,10.3525,99.7500,99.8000,7935,4800,1886,2549,2145,311,3,7391,0.685714,29.2413,23.3930,50293,343,54
0,2000,source-routed,4,2,800,10.1565,99.8500,99.9000,7908,6955,287,3457,3343,173,3,5561,0.937584,44.9350,35.9480,35179,230,56
6,2000,source-routed,4,2,800,10.1530,99.8000,99.8000,7930,6831,312,3062,3619,219,1,6067,0.927747,37.5763,30.0610,36247,286,50
12,2000,source-routed,4,2,800,10.3525,99.7500,99.8000,7937,5950,962,2548,3274,281,10,11331,0.826045,29.2413,23.3930,40547,343,49
0,2000,source-routed,4,4,800,10.1565,99.8500,99.9000,7906,7231,131,3479,3586,162,3,6850,0.960675,44.9350,35.9480,31518,230,49
6,2000,source-routed,4,4,800,10.1530,99.8000,99.8000,7933,7202,90,3004,4051,184,4,6124,0.962834,37.5763,30.0610,31923,286,44
12,2000,source-routed,4,4,800,10.3525,99.7500,99.8000,7937,6729,335,2590,4006,213,20,13975,0.922160,29.2413,23.3930,35375,343,42
0,2000,source-routed,4,8,800,10.1565,99.8500,99.9000,7906,7271,111,3486,3629,159,4,10980,0.963685,44.9350,35.9480,30957,230,44
6,2000,source-routed,4,8,800,10.1530,99.8000,99.8000,7933,7291,60,3048,4076,168,2,9087,0.969419,37.5763,30.0610,31169,286,43
12,2000,source-routed,4,8,800,10.3525,99.7500,99.8000,7936,6908,177,2577,4191,212,22,18607,0.943845,29.2413,23.3930,33769,343,36
0,2000,digest,1,1,800,10.1565,99.8500,99.9000,7902,4671,2020,4305,0,263,0,11200,0.671700,44.9350,8.9870,52244,230,73
6,2000,digest,1,1,800,10.1530,99.8000,99.8000,7922,4150,2394,3729,0,327,0,13910,0.603988,37.5763,7.5152,55702,286,67
12,2000,digest,1,1,800,10.3525,99.7500,99.8000,7933,3631,2802,3212,0,322,2,13558,0.537369,29.2413,5.8483,57502,343,66
0,2000,digest,1,2,800,10.1565,99.8500,99.9000,7901,4906,1819,4480,0,245,3,24042,0.703571,44.9350,8.9870,47198,230,71
6,2000,digest,1,2,800,10.1530,99.8000,99.8000,7923,4376,2162,3852,0,329,1,29863,0.637158,37.5763,7.5152,50653,286,58
12,2000,digest,1,2,800,10.3525,99.7500,99.8000,7928,3851,2618,3419,0,313,7,29929,0.567241,29.2413,5.8483,51726,343,59
0,2000,digest,1,4,800,10.1565,99.8500,99.9000,7892,5041,1712,4567,0,247,0,44034,0.720143,44.9350,8.9870,45418,230,63
6,2000,digest,1,4,800,10.1530,99.8000,99.8000,7924,4512,2031,4004,0,322,5,53956,0.656769,37.5763,7.5152,48324,286,57
12,2000,digest,1,4,800,10.3525,99.7500,99.8000,7929,4000,2465,3467,0,308,17,56305,0.589102,29.2413,5.8483,49464,343,55
0,2000,digest,1,8,800,10.1565,99.8500,99.9000,7899,5099,1632,4612,0,262,4,67675,0.728741,44.9350,8.9870,44904,230,62
6,2000,digest,1,8,800,10.1530,99.8000,99.8000,7923,4555,1979,4039,0,338,3,83475,0.662545,37.5763,7.5152,47725,286,55
12,2000,digest,1,8,800,10.3525,99.7500,99.8000,7925,4078,2376,3496,0,313,21,91293,0.600766,29.2413,5.8483,48763,343,53
0,2000,digest,4,1,800,10.1565,99.8500,99.9000,7909,6627,523,6135,0,226,0,2820,0.898454,44.9350,35.9480,43906,230,68
6,2000,digest,4,1,800,10.1530,99.8000,99.8000,7935,6450,609,6004,0,258,1,3406,0.881388,37.5763,30.0610,45491,286,62
12,2000,digest,4,1,800,10.3525,99.7500,99.8000,7940,5533,1317,5030,0,290,4,5576,0.774496,29.2413,23.3930,50066,343,57
0,2000,digest,4,2,800,10.1565,99.8500,99.9000,7908,7217,163,6760,0,181,3,3669,0.954125,44.9350,35.9480,35002,230,49
6,2000,digest,4,2,800,10.1530,99.8000,99.8000,7935,7262,85,6864,0,200,1,3135,0.962109,37.5763,30.0610,35693,286,47
12,2000,digest,4,2,800,10.3525,99.7500,99.8000,7940,6783,316,6211,0,245,18,6722,0.921353,29.2413,23.3930,39553,343,44
0,2000,digest,4,4,800,10.1565,99.8500,99.9000,7907,7314,108,6865,0,166,4,6082,0.963383,44.9350,35.9480,32550,230,45
6,2000,digest,4,4,800,10.1530,99.8000,99.8000,7936,7373,39,6984,0,174,2,4873,0.971666,37.5763,30.0610,32838,286,45
12,2000,digest,4,4,800,10.3525,99.7500,99.8000,7938,7115,79,6594,0,196,17,7966,0.960578,29.2413,23.3930,34990,343,42
0,2000,digest,4,8,800,10.1565,99.8500,99.9000,7907,7337,90,6876,0,162,3,10111,0.966412,44.9350,35.9480,32236,230,43
1,600,source-routed,1,1,800,3.0133,33.1667,33.8333,2379,724,1275,616,95,8,0,262,0.360737,14.4925,2.8985,45509,40867,59
6,2000,digest,4,8,800,10.1530,99.8000,99.8000,7936,7375,37,6984,0,171,2,7939,0.972314,37.5763,30.0610,32417,286,42
1,600,source-routed,1,2,800,3.0133,33.1667,33.8333,2378,788,1237,695,78,5,0,131,0.388177,14.4925,2.8985,44676,40848,57
7,600,source-routed,1,1,800,2.9367,17.6667,17.6667,2384,398,1595,310,78,6,0,259,0.199100,4.6913,0.9383,53459,50301,30
1,600,source-routed,1,4,800,3.0133,33.1667,33.8333,2379,799,1229,700,83,6,0,30,0.392822,14.4925,2.8985,44436,40811,60
12,2000,digest,4,8,800,10.3525,99.7500,99.8000,7936,7144,59,6608,0,184,24,13111,0.963972,29.2413,23.3930,34256,343,40
7,600,source-routed,1,2,800,2.9367,17.6667,17.6667,2382,418,1572,347,62,6,0,600,0.209419,4.6913,0.9383,53075,50301,30
1,600,source-routed,1,8,800,3.0133,33.1667,33.8333,2379,798,1229,705,77,8,0,44,0.392138,14.4925,2.8985,44415,40811,60
13,600,source-routed,1,1,800,3.1667,32.8333,32.8333,2371,646,1343,536,103,5,0,344,0.323972,12.3338,2.4668,44406,39627,33
7,600,source-routed,1,4,800,2.9367,17.6667,17.6667,2383,418,1572,343,64,8,0,924,0.209209,4.6913,0.9383,52941,50301,29
1,600,source-routed,4,1,800,3.0133,33.1667,33.8333,2379,726,1272,615,98,9,0,255,0.361734,14.4925,11.5940,45405,40867,61
13,600,source-routed,1,2,800,3.1667,32.8333,32.8333,2370,720,1282,596,110,6,0,329,0.358566,12.3338,2.4668,43710,39631,31
7,600,source-routed,1,8,800,2.9367,17.6667,17.6667,2383,419,1573,348,61,6,0,1488,0.209710,4.6913,0.9383,52953,50301,29
1,600,source-routed,4,2,800,3.0133,33.1667,33.8333,2379,798,1233,694,86,6,0,78,0.391753,14.4925,11.5940,44389,40848,57
13,600,source-routed,1,4,800,3.1667,32.8333,32.8333,2371,730,1271,599,120,6,0,842,0.363727,12.3338,2.4668,43546,39603,29
7,600,source-routed,4,1,800,2.9367,17.6667,17.6667,2384,455,1557,329,114,10,0,64,0.225025,4.6913,3.7530,53230,50301,30
1,600,source-routed,4,4,800,3.0133,33.1667,33.8333,2379,814,1227,662,136,5,0,4,0.397849,14.4925,11.5940,44174,40811,58
13,600,source-routed,1,8,800,3.1667,32.8333,32.8333,2371,735,1268,606,116,4,0,1523,0.366218,12.3338,2.4668,43517,39603,33
7,600,source-routed,4,2,800,2.9367,17.6667,17.6667,2384,482,1539,357,114,6,0,7,0.237790,4.6913,3.7530,52634,50301,29
1,600,source-routed,4,8,800,3.0133,33.1667,33.8333,2379,814,1227,668,130,5,0,7,0.397849,14.4925,11.5940,44144,40811,58
13,600,source-routed,4,1,800,3.1667,32.8333,32.8333,2370,672,1328,539,119,6,0,331,0.334995,12.3338,9.8670,44314,39629,34
7,600,source-routed,4,4,800,2.9367,17.6667,17.6667,2384,486,1537,349,124,5,0,0,0.239645,4.6913,3.7530,52533,50301,29
1,600,digest,1,1,800,3.0133,33.1667,33.8333,2379,810,1229,769,0,6,0,0,0.396088,14.4925,2.8985,45441,40867,60
13,600,source-routed,4,2,800,3.1667,32.8333,32.8333,2371,766,1248,560,189,5,0,228,0.379396,12.3338,9.8670,43399,39604,33
7,600,source-routed,4,8,800,2.9367,17.6667,17.6667,2384,484,1537,350,123,5,0,6,0.238894,4.6913,3.7530,52503,50301,29
1,600,digest,1,2,800,3.0133,33.1667,33.8333,2379,812,1229,773,0,4,0,20,0.397066,14.4925,2.8985,44854,40848,59
13,600,source-routed,4,4,800,3.1667,32.8333,32.8333,2371,814,1208,573,222,4,0,179,0.401777,12.3338,9.8670,43139,39604,34
7,600,digest,1,1,800,2.9367,17.6667,17.6667,2384,421,1574,390,0,7,0,295,0.210290,4.6913,0.9383,53515,50301,28
1,600,digest,1,4,800,3.0133,33.1667,33.8333,2379,812,1229,773,0,4,0,31,0.397066,14.4925,2.8985,44715,40811,59
13,600,source-routed,4,8,800,3.1667,32.8333,32.8333,2371,825,1204,585,218,4,0,115,0.405804,12.3338,9.8670,43061,39604,36
1,600,digest,1,8,800,3.0133,33.1667,33.8333,2379,812,1229,773,0,4,0,34,0.397066,14.4925,2.8985,44711,40811,59
7,600,digest,1,2,800,2.9367,17.6667,17.6667,2383,422,1571,386,0,4,0,726,0.211317,4.6913,0.9383,53221,50301,23
13,600,digest,1,1,800,3.1667,32.8333,32.8333,2371,740,1266,686,0,4,0,174,0.368159,12.3338,2.4668,44524,39632,35
1,600,digest,4,1,800,3.0133,33.1667,33.8333,2379,817,1229,779,0,6,0,0,0.398148,14.4925,11.5940,45319,40867,60
7,600,digest,1,4,800,2.9367,17.6667,17.6667,2383,422,1571,386,0,4,0,1271,0.211317,4.6913,0.9383,53181,50301,23
1,600,digest,4,2,800,3.0133,33.1667,33.8333,2379,822,1226,781,0,4,0,1,0.400585,14.4925,11.5940,44601,40848,59
7,600,digest,1,8,800,2.9367,17.6667,17.6667,2383,422,1572,387,0,4,0,1856,0.211211,4.6913,0.9383,53153,50301,23
13,600,digest,1,2,800,3.1667,32.8333,32.8333,2371,741,1264,690,0,3,0,551,0.369024,12.3338,2.4668,44010,39604,31
1,600,digest,4,4,800,3.0133,33.1667,33.8333,2379,822,1226,781,0,4,0,4,0.400585,14.4925,11.5940,44441,40811,59
7,600,digest,4,1,800,2.9367,17.6667,17.6667,2384,482,1541,454,0,7,0,0,0.237438,4.6913,3.7530,53196,50301,28
13,600,digest,1,4,800,3.1667,32.8333,32.8333,2371,741,1262,693,0,3,0,1482,0.369392,12.3338,2.4668,44007,39604,31
1,600,digest,4,8,800,3.0133,33.1667,33.8333,2379,822,1226,781,0,4,0,6,0.400585,14.4925,11.5940,44436,40811,59
7,600,digest,4,2,800,2.9367,17.6667,17.6667,2384,490,1536,462,0,4,0,0,0.241379,4.6913,3.7530,52748,50301,23
13,600,digest,1,8,800,3.1667,32.8333,32.8333,2369,741,1261,692,0,3,0,2730,0.369576,12.3338,2.4668,44027,39604,31
7,600,digest,4,4,800,2.9367,17.6667,17.6667,2384,491,1535,463,0,4,0,0,0.241872,4.6913,3.7530,52686,50301,23
13,600,digest,4,1,800,3.1667,32.8333,32.8333,2371,770,1245,734,0,4,0,118,0.381377,12.3338,9.8670,44359,39632,35
7,600,digest,4,8,800,2.9367,17.6667,17.6667,2384,491,1535,463,0,4,0,1,0.241872,4.6913,3.7530,52673,50301,23
13,600,digest,4,2,800,3.1667,32.8333,32.8333,2371,840,1203,814,0,3,0,15,0.410557,12.3338,9.8670,43596,39604,31
13,600,digest,4,4,800,3.1667,32.8333,32.8333,2371,840,1203,813,0,3,0,20,0.410557,12.3338,9.8670,43493,39604,31
1,1200,source-routed,1,1,800,6.3242,99.0833,99.1667,4753,2384,1557,1875,461,169,0,4737,0.580049,28.3163,5.6632,32415,2256,84
13,600,digest,4,8,800,3.1667,32.8333,32.8333,2371,840,1203,813,0,3,0,22,0.410557,12.3338,9.8670,43486,39604,31
7,1200,source-routed,1,1,800,5.8517,98.9167,98.9167,4761,1968,1848,1474,442,277,3,4253,0.480469,21.4950,4.2990,34533,1505,84
1,1200,source-routed,1,2,800,6.3242,99.0833,99.1667,4755,2541,1414,1957,527,166,2,11389,0.616299,28.3163,5.6632,29369,2256,81
13,1200,source-routed,1,1,800,6.2383,97.7500,97.9167,4751,2010,1884,1546,419,196,1,6113,0.491322,21.8125,4.3625,33919,2468,96
7,1200,source-routed,1,2,800,5.8517,98.9167,98.9167,4762,2213,1638,1483,677,232,16,9908,0.539888,21.4950,4.2990,30779,1505,78
1,1200,source-routed,1,4,800,6.3242,99.0833,99.1667,4753,2682,1286,1953,668,157,1,21620,0.650024,28.3163,5.6632,28028,2256,79
13,1200,source-routed,1,2,800,6.2383,97.7500,97.9167,4750,2131,1775,1618,452,174,2,14139,0.522048,21.8125,4.3625,30960,2468,88
7,1200,source-routed,1,4,800,5.8517,98.9167,98.9167,4758,2305,1561,1515,724,207,22,21353,0.562882,21.4950,4.2990,29026,1505,77
1,1200,source-routed,1,8,800,6.3242,99.0833,99.1667,4750,2760,1192,1990,705,164,2,34671,0.670228,28.3163,5.6632,27526,2256,81
13,1200,source-routed,1,4,800,6.2383,97.7500,97.9167,4749,2205,1707,1591,556,171,3,28206,0.539648,21.8125,4.3625,29777,2468,78
7,1200,source-routed,1,8,800,5.8517,98.9167,98.9167,4753,2378,1486,1522,786,199,31,38605,0.580850,21.4950,4.2990,28694,1505,78
1,1200,source-routed,4,1,800,6.3242,99.0833,99.1667,4757,2730,1283,1937,725,172,0,4168,0.652330,28.3163,22.6530,31416,2256,86
13,1200,source-routed,1,8,800,6.2383,97.7500,97.9167,4749,2245,1657,1596,581,179,6,46450,0.549303,21.8125,4.3625,29453,2468,81
7,1200,source-routed,4,1,800,5.8517,98.9167,98.9167,4761,2182,1684,1500,617,277,4,3872,0.526163,21.4950,17.1960,33748,1505,82
1,1200,source-routed,4,2,800,6.3242,99.0833,99.1667,4760,3472,670,1948,1447,148,0,6509,0.809324,28.3163,22.6530,26289,2256,82
13,1200,source-routed,4,1,800,6.2383,97.7500,97.9167,4757,2728,1233,1580,1098,188,1,3556,0.657349,21.8125,17.4500,31451,2468,94
7,1200,source-routed,4,2,800,5.8517,98.9167,98.9167,4762,2932,1065,1529,1332,236,16,6668,0.690045,21.4950,17.1960,28496,1505,76
1,1200,source-routed,4,4,800,6.3242,99.0833,99.1667,4758,4052,239,1974,1990,117,1,6016,0.919029,28.3163,22.6530,23048,2256,71
13,1200,source-routed,4,2,800,6.2383,97.7500,97.9167,4756,3448,646,1612,1774,142,3,5441,0.813399,21.8125,17.4500,26259,2468,80
7,1200,source-routed,4,4,800,5.8517,98.9167,98.9167,4757,3605,501,1521,1994,201,29,9150,0.831411,21.4950,17.1960,25177,1505,74
1,1200,source-routed,4,8,800,6.3242,99.0833,99.1667,4758,4143,169,1992,2056,121,1,7918,0.934371,28.3163,22.6530,22321,2256,74
13,1200,source-routed,4,4,800,6.2383,97.7500,97.9167,4757,3879,331,1643,2155,114,8,8186,0.895429,21.8125,17.4500,23737,2468,72
7,1200,source-routed,4,8,800,5.8517,98.9167,98.9167,4761,3759,371,1543,2135,178,35,13844,0.865531,21.4950,17.1960,24009,1505,70
1,1200,digest,1,1,800,6.3242,99.0833,99.1667,4758,2587,1386,2299,0,164,0,5153,0.625332,28.3163,5.6632,33928,2256,83
13,1200,source-routed,4,8,800,6.2383,97.7500,97.9167,4755,3977,273,1635,2264,102,8,13043,0.912156,21.8125,17.4500,23185,2468,76
7,1200,digest,1,1,800,5.8517,98.9167,98.9167,4762,2278,1572,1954,0,261,8,4549,0.553047,21.4950,4.2990,36283,1505,85
1,1200,digest,1,2,800,6.3242,99.0833,99.1667,4754,2822,1174,2430,0,165,0,12461,0.678202,28.3163,5.6632,30980,2256,83
13,1200,digest,1,1,800,6.2383,97.7500,97.9167,4751,2192,1729,1919,0,189,2,6755,0.533074,21.8125,4.3625,35470,2468,98
7,1200,digest,1,2,800,5.8517,98.9167,98.9167,4761,2482,1396,2041,0,233,19,11509,0.600969,21.4950,4.2990,32850,1505,79
1,1200,digest,1,4,800,6.3242,99.0833,99.1667,4754,3002,993,2564,0,175,2,23748,0.719559,28.3163,5.6632,29835,2256,81
13,1200,digest,1,2,800,6.2383,97.7500,97.9167,4750,2311,1638,1992,0,167,5,15730,0.560786,21.8125,4.3625,32581,2468,89
7,1200,digest,1,4,800,5.8517,98.9167,98.9167,4759,2604,1265,2105,0,221,30,25388,0.632039,21.4950,4.2990,31428,1505,81
1,1200,digest,1,8,800,6.3242,99.0833,99.1667,4754,3106,914,2643,0,164,2,38743,0.741997,28.3163,5.6632,29532,2256,82
13,1200,digest,1,4,800,6.2383,97.7500,97.9167,4751,2373,1572,2006,0,168,3,31615,0.576531,21.8125,4.3625,31877,2468,85
7,1200,digest,1,8,800,5.8517,98.9167,98.9167,4762,2633,1252,2137,0,210,32,45672,0.637994,21.4950,4.2990,31062,1505,81
1,1200,digest,4,1,800,6.3242,99.0833,99.1667,4759,3332,797,2971,0,163,0,3098,0.776328,28.3163,22.6530,31913,2256,83
7,1200,digest,4,1,800,5.8517,98.9167,98.9167,4763,2809,1179,2414,0,261,9,2940,0.659699,21.4950,17.1960,34704,1505,84
13,1200,digest,1,8,800,6.2383,97.7500,97.9167,4749,2391,1545,2007,0,175,8,52177,0.580481,21.8125,4.3625,31390,2468,84
1,1200,digest,4,2,800,6.3242,99.0833,99.1667,4760,4248,131,3972,0,121,6,1629,0.942743,28.3163,22.6530,25396,2256,81
7,1200,digest,4,2,800,5.8517,98.9167,98.9167,4763,3827,332,3376,0,198,28,3117,0.872748,21.4950,17.1960,28666,1505,76
13,1200,digest,4,1,800,6.2383,97.7500,97.9167,4759,3240,836,2921,0,172,2,2550,0.762353,21.8125,17.4500,31822,2468,94
1,1200,digest,4,4,800,6.3242,99.0833,99.1667,4760,4413,68,4163,0,114,3,476,0.959765,28.3163,22.6530,23129,2256,76
7,1200,digest,4,4,800,5.8517,98.9167,98.9167,4763,4281,39,3848,0,167,34,631,0.946914,21.4950,17.1960,25011,1505,76
13,1200,digest,4,2,800,6.2383,97.7500,97.9167,4760,4006,259,3589,0,119,5,3479,0.912736,21.8125,17.4500,26434,2468,85
1,1200,digest,4,8,800,6.3242,99.0833,99.1667,4760,4404,68,4157,0,115,2,902,0.959686,28.3163,22.6530,22919,2256,75
7,1200,digest,4,8,800,5.8517,98.9167,98.9167,4763,4284,39,3881,0,158,36,1843,0.948417,21.4950,17.1960,24604,1505,75
13,1200,digest,4,4,800,6.2383,97.7500,97.9167,4758,4271,111,3880,0,98,8,3732,0.951649,21.8125,17.4500,24046,2468,78
13,1200,digest,4,8,800,6.2383,97.7500,97.9167,4758,4274,114,3883,0,95,7,6671,0.951893,21.8125,17.4500,23781,2468,79
1,2000,source-routed,1,1,800,10.1750,99.8000,99.9000,7938,3956,2579,3054,808,287,1,11421,0.579804,41.7525,8.3505,51840,421,75
7,2000,source-routed,1,1,800,9.7295,99.8500,99.8500,7923,3883,2629,2951,849,332,0,11315,0.567358,37.1025,7.4205,51827,168,48
13,2000,source-routed,1,1,800,10.3620,100.0000,100.0000,7920,3704,2792,2852,774,324,1,11518,0.543029,35.7088,7.1418,53977,137,78
1,2000,source-routed,1,2,800,10.1750,99.8000,99.9000,7931,4337,2249,3174,1066,252,2,22494,0.634064,41.7525,8.3505,46182,421,68
7,2000,source-routed,1,2,800,9.7295,99.8500,99.8500,7920,4132,2447,3087,944,314,1,25036,0.599362,37.1025,7.4205,46784,168,45
13,2000,source-routed,1,2,800,10.3620,100.0000,100.0000,7916,4023,2494,2948,981,309,1,24357,0.589278,35.7088,7.1418,48053,137,70
1,2000,source-routed,1,4,800,10.1750,99.8000,99.9000,7929,4572,2027,3218,1220,261,4,40213,0.666084,41.7525,8.3505,43712,421,64
7,2000,source-routed,1,4,800,9.7295,99.8500,99.8500,7912,4215,2342,3165,954,326,0,45998,0.612378,37.1025,7.4205,44649,168,42
13,2000,source-routed,1,4,800,10.3620,100.0000,100.0000,7911,4174,2379,3002,1069,269,3,44985,0.611575,35.7088,7.1418,45426,137,70
1,2000,source-routed,1,8,800,10.1750,99.8000,99.9000,7929,4665,1948,3203,1349,242,3,62964,0.680227,41.7525,8.3505,42745,421,67
7,2000,source-routed,1,8,800,9.7295,99.8500,99.8500,7917,4266,2299,3155,1003,330,2,73259,0.618530,37.1025,7.4205,43868,168,42
13,2000,source-routed,1,8,800,10.3620,100.0000,100.0000,7912,4267,2295,3018,1140,274,2,70860,0.624013,35.7088,7.1418,44444,137,71
1,2000,source-routed,4,1,800,10.1750,99.8000,99.9000,7940,5127,1670,2942,2049,263,1,7298,0.726101,41.7525,33.4020,47158,421,70
7,2000,source-routed,4,1,800,9.7295,99.8500,99.8500,7926,5447,1386,3012,2308,307,1,6026,0.762778,37.1025,29.6820,46416,168,47
13,2000,source-routed,4,1,800,10.3620,100.0000,100.0000,7923,4925,1833,2745,2078,304,1,6797,0.697296,35.7088,28.5670,48690,137,78
1,2000,source-routed,4,2,800,10.1750,99.8000,99.9000,7941,6190,862,3039,2988,211,2,10045,0.852030,41.7525,33.4020,38241,421,62
7,2000,source-routed,4,2,800,9.7295,99.8500,99.8500,7930,6488,607,2999,3338,247,1,8711,0.883563,37.1025,29.6820,37345,168,44
13,2000,source-routed,4,2,800,10.3620,100.0000,100.0000,7923,6115,891,2806,3167,233,1,10490,0.844613,35.7088,28.5670,39588,137,68
1,2000,source-routed,4,4,800,10.1750,99.8000,99.9000,7939,6909,308,3087,3634,192,4,11796,0.932011,41.7525,33.4020,33655,421,58
7,2000,source-routed,4,4,800,9.7295,99.8500,99.8500,7927,6819,385,3018,3655,231,0,13879,0.917149,37.1025,29.6820,34009,168,34
13,2000,source-routed,4,4,800,10.3620,100.0000,100.0000,7923,6839,320,2871,3816,203,6,13626,0.928203,35.7088,28.5670,34723,137,65
1,2000,source-routed,4,8,800,10.1750,99.8000,99.9000,7941,7176,101,3034,3972,180,3,13487,0.961930,41.7525,33.4020,32083,421,53
7,2000,source-routed,4,8,800,9.7295,99.8500,99.8500,7925,6973,270,2992,3816,250,0,19635,0.930602,37.1025,29.6820,33015,168,34
13,2000,source-routed,4,8,800,10.3620,100.0000,100.0000,7924,7001,215,2897,3948,192,3,20380,0.944677,35.7088,28.5670,33500,137,67
1,2000,digest,1,1,800,10.1750,99.8000,99.9000,7935,4278,2298,3860,0,292,3,12055,0.622617,41.7525,8.3505,53758,421,77
7,2000,digest,1,1,800,9.7295,99.8500,99.8500,7921,4089,2493,3718,0,335,1,12892,0.591067,37.1025,7.4205,54110,168,57
13,2000,digest,1,1,800,10.3620,100.0000,100.0000,7921,3995,2548,3535,0,311,1,12429,0.582786,35.7088,7.1418,56373,137,80
7,2000,digest,1,2,800,9.7295,99.8500,99.8500,7921,4276,2339,3878,0,329,0,28069,0.615783,37.1025,7.4205,49268,168,52
1,2000,digest,1,2,800,10.1750,99.8000,99.9000,7935,4707,1935,4168,0,267,5,25047,0.680793,41.7525,8.3505,48817,421,70
13,2000,digest,1,2,800,10.3620,100.0000,100.0000,7917,4292,2288,3813,0,306,1,27299,0.623203,35.7088,7.1418,50705,137,72
7,2000,digest,1,4,800,9.7295,99.8500,99.8500,7920,4341,2254,3899,0,349,2,51783,0.624964,37.1025,7.4205,47298,168,47
1,2000,digest,1,4,800,10.1750,99.8000,99.9000,7934,5011,1667,4381,0,245,3,46245,0.723506,41.7525,8.3505,46718,421,68
13,2000,digest,1,4,800,10.3620,100.0000,100.0000,7915,4420,2171,3863,0,295,3,50900,0.641603,35.7088,7.1418,48484,137,73
7,2000,digest,1,8,800,9.7295,99.8500,99.8500,7919,4374,2206,3910,0,369,2,82289,0.629262,37.1025,7.4205,46581,168,47
1,2000,digest,1,8,800,10.1750,99.8000,99.9000,7931,5105,1576,4482,0,269,7,73040,0.733793,41.7525,8.3505,45979,421,62
13,2000,digest,1,8,800,10.3620,100.0000,100.0000,7916,4473,2128,3926,0,281,3,80604,0.649673,35.7088,7.1418,47617,137,73
7,2000,digest,4,1,800,9.7295,99.8500,99.8500,7928,6039,981,5546,0,293,2,4654,0.825564,37.1025,29.6820,46226,168,52
1,2000,digest,4,1,800,10.1750,99.8000,99.9000,7943,5836,1145,5412,0,263,2,5562,0.805410,41.7525,33.4020,46992,421,73
13,2000,digest,4,1,800,10.3620,100.0000,100.0000,7927,5673,1233,5119,0,280,1,5289,0.789342,35.7088,28.5670,49099,137,77
7,2000,digest,4,2,800,9.7295,99.8500,99.8500,7930,6796,409,6321,0,251,0,7706,0.911481,37.1025,29.6820,37784,168,44
1,2000,digest,4,2,800,10.1750,99.8000,99.9000,7943,7083,221,6514,0,196,3,5252,0.944022,41.7525,33.4020,37283,421,60
13,2000,digest,4,2,800,10.3620,100.0000,100.0000,7925,6784,384,6165,0,208,2,7429,0.919490,35.7088,28.5670,39278,137,67
7,2000,digest,4,4,800,9.7295,99.8500,99.8500,7928,7103,185,6625,0,227,0,11988,0.945176,37.1025,29.6820,34802,168,38
1,2000,digest,4,4,800,10.1750,99.8000,99.9000,7945,7478,12,6976,0,172,2,2702,0.975731,41.7525,33.4020,32640,421,53
13,2000,digest,4,4,800,10.3620,100.0000,100.0000,7926,7177,123,6553,0,186,2,10530,0.958467,35.7088,28.5670,35276,137,66
7,2000,digest,4,8,800,9.7295,99.8500,99.8500,7928,7199,127,6740,0,218,0,15863,0.954268,37.1025,29.6820,33747,168,39
1,2000,digest,4,8,800,10.1750,99.8000,99.9000,7945,7482,12,6951,0,171,2,4364,0.975871,41.7525,33.4020,32105,421,50
8,600,source-routed,1,1,800,3.0483,48.6667,36.6667,2379,550,1388,429,108,32,0,276,0.279188,8.5850,1.7170,45598,39537,66
2,600,source-routed,1,1,800,3.0317,31.6667,33.1667,2382,636,1370,559,64,0,0,414,0.317049,13.0000,2.6000,45566,41508,33
8,600,source-routed,1,2,800,3.0483,48.6667,36.6667,2377,576,1381,453,105,24,2,1108,0.290469,8.5850,1.7170,44861,39457,74
2,600,source-routed,1,2,800,3.0317,31.6667,33.1667,2382,681,1332,595,74,0,0,749,0.338301,13.0000,2.6000,45147,41508,34
8,600,source-routed,1,4,800,3.0483,48.6667,36.6667,2376,585,1375,468,101,23,4,2338,0.294414,8.5850,1.7170,44488,39442,75
2,600,source-routed,1,4,800,3.0317,31.6667,33.1667,2382,709,1307,614,80,0,0,1171,0.351687,13.0000,2.6000,45028,41508,33
8,600,source-routed,1,8,800,3.0483,48.6667,36.6667,2377,594,1365,460,116,22,6,3969,0.298943,8.5850,1.7170,44400,39442,72
2,600,source-routed,1,8,800,3.0317,31.6667,33.1667,2380,720,1294,618,90,0,0,1523,0.357498,13.0000,2.6000,44956,41508,33
8,600,source-routed,4,1,800,3.0483,48.6667,36.6667,2379,645,1321,445,182,31,0,110,0.322984,8.5850,6.8680,45356,39526,79
13,2000,digest,4,8,800,10.3620,100.0000,100.0000,7927,7243,99,6587,0,182,2,16643,0.962397,35.7088,28.5670,34469,137,64
2,600,source-routed,4,1,800,3.0317,31.6667,33.1667,2382,639,1367,559,67,0,0,414,0.318544,13.0000,10.4000,45504,41508,33
8,600,source-routed,4,2,800,3.0483,48.6667,36.6667,2379,787,1220,476,287,26,2,139,0.386732,8.5850,6.8680,44262,39457,77
14,600,source-routed,1,1,800,3.0833,41.8333,41.6667,2376,748,1243,651,84,24,0,417,0.371216,10.5538,2.1108,43300,38035,36
2,600,source-routed,4,2,800,3.0317,31.6667,33.1667,2382,701,1325,600,83,0,0,788,0.346002,13.0000,10.4000,44976,41508,34
8,600,source-routed,4,4,800,3.0483,48.6667,36.6667,2379,815,1203,480,314,23,4,82,0.398533,8.5850,6.8680,43718,39442,77
14,600,source-routed,1,2,800,3.0833,41.8333,41.6667,2376,787,1214,677,91,20,0,819,0.389411,10.5538,2.1108,42691,38035,37
2,600,source-routed,4,4,800,3.0317,31.6667,33.1667,2382,762,1278,607,131,0,0,899,0.373529,13.0000,10.4000,44710,41508,33
8,600,source-routed,4,8,800,3.0483,48.6667,36.6667,2379,826,1197,477,325,24,5,226,0.402534,8.5850,6.8680,43610,39442,73
14,600,source-routed,1,4,800,3.0833,41.8333,41.6667,2376,795,1207,696,85,20,0,1451,0.393175,10.5538,2.1108,42516,38035,36
2,600,source-routed,4,8,800,3.0317,31.6667,33.1667,2382,797,1248,605,169,0,0,692,0.389731,13.0000,10.4000,44605,41508,34
8,600,digest,1,1,800,3.0483,48.6667,36.6667,2379,594,1374,522,0,31,0,413,0.297149,8.5850,1.7170,45940,39513,65
14,600,source-routed,1,8,800,3.0833,41.8333,41.6667,2375,796,1207,686,92,19,0,2353,0.393670,10.5538,2.1108,42518,38035,37
2,600,digest,1,1,800,3.0317,31.6667,33.1667,2382,708,1318,663,0,0,0,290,0.349457,13.0000,2.6000,45640,41508,33
8,600,digest,1,2,800,3.0483,48.6667,36.6667,2378,611,1364,509,0,24,2,1509,0.305347,8.5850,1.7170,45297,39460,62
14,600,source-routed,4,1,800,3.0833,41.8333,41.6667,2376,832,1186,654,156,28,0,104,0.406647,10.5538,8.4430,42871,38035,37
2,600,digest,1,2,800,3.0317,31.6667,33.1667,2382,781,1249,749,0,0,0,247,0.384729,13.0000,2.6000,45157,41508,33
8,600,digest,1,4,800,3.0483,48.6667,36.6667,2376,631,1341,526,0,24,5,2992,0.315342,8.5850,1.7170,45007,39446,62
14,600,source-routed,4,2,800,3.0833,41.8333,41.6667,2376,890,1155,685,178,21,0,33,0.430784,10.5538,8.4430,42046,38035,37
2,600,digest,1,4,800,3.0317,31.6667,33.1667,2382,784,1248,759,0,0,0,229,0.385827,13.0000,2.6000,45033,41508,33
8,600,digest,1,8,800,3.0483,48.6667,36.6667,2376,647,1331,535,0,23,5,4813,0.322532,8.5850,1.7170,44878,39431,60
14,600,source-routed,4,4,800,3.0833,41.8333,41.6667,2376,901,1153,702,178,19,0,8,0.434636,10.5538,8.4430,41837,38035,36
2,600,digest,1,8,800,3.0317,31.6667,33.1667,2382,784,1248,759,0,0,0,248,0.385827,13.0000,2.6000,45020,41508,33
8,600,digest,4,1,800,3.0483,48.6667,36.6667,2379,776,1233,695,0,31,0,47,0.380392,8.5850,6.8680,45597,39513,64
14,600,source-routed,4,8,800,3.0833,41.8333,41.6667,2376,901,1153,697,182,19,0,8,0.434636,10.5538,8.4430,41812,38035,36
2,600,digest,4,1,800,3.0317,31.6667,33.1667,2382,719,1313,668,0,0,0,290,0.353839,13.0000,10.4000,45565,41508,33
8,600,digest,4,2,800,3.0483,48.6667,36.6667,2379,847,1195,741,0,23,2,23,0.409773,8.5850,6.8680,44483,39444,61
14,600,digest,1,1,800,3.0833,41.8333,41.6667,2376,813,1207,755,0,17,0,446,0.399116,10.5538,2.1108,43483,38035,38
2,600,digest,4,2,800,3.0317,31.6667,33.1667,2382,804,1248,774,0,0,0,0,0.391813,13.0000,10.4000,44850,41508,33
8,600,digest,4,4,800,3.0483,48.6667,36.6667,2379,863,1179,751,0,21,5,58,0.417311,8.5850,6.8680,44099,39430,59
14,600,digest,1,2,800,3.0833,41.8333,41.6667,2376,817,1206,757,0,15,0,1093,0.400883,10.5538,2.1108,43053,38035,36
2,600,digest,4,4,800,3.0317,31.6667,33.1667,2382,805,1247,775,0,0,0,0,0.392300,13.0000,10.4000,44767,41508,33
8,600,digest,4,8,800,3.0483,48.6667,36.6667,2379,865,1176,753,0,22,5,115,0.418279,8.5850,6.8680,44015,39415,59
14,600,digest,1,4,800,3.0833,41.8333,41.6667,2376,819,1207,758,0,14,0,1941,0.401471,10.5538,2.1108,43024,38035,36
2,600,digest,4,8,800,3.0317,31.6667,33.1667,2382,805,1247,775,0,0,0,0,0.392300,13.0000,10.4000,44761,41508,33
14,600,digest,1,8,800,3.0833,41.8333,41.6667,2376,819,1207,758,0,14,0,2930,0.401471,10.5538,2.1108,43020,38035,36
14,600,digest,4,1,800,3.0833,41.8333,41.6667,2376,914,1153,877,0,17,0,0,0.438580,10.5538,8.4430,42940,38035,38
14,600,digest,4,2,800,3.0833,41.8333,41.6667,2376,922,1152,883,0,15,0,0,0.441360,10.5538,8.4430,42264,38035,36
8,1200,source-routed,1,1,800,6.1867,98.7500,98.8333,4754,1624,2112,1202,393,231,1,7105,0.409274,12.1625,2.4325,36021,1463,88
2,1200,source-routed,1,1,800,6.4275,98.1667,98.1667,4749,1948,1922,1531,378,168,4,6231,0.481940,24.4425,4.8885,34827,2729,107
14,600,digest,4,4,800,3.0833,41.8333,41.6667,2376,926,1151,883,0,14,0,0,0.442850,10.5538,8.4430,42201,38035,36
14,600,digest,4,8,800,3.0833,41.8333,41.6667,2376,926,1151,883,0,14,0,0,0.442850,10.5538,8.4430,42197,38035,36
8,1200,source-routed,1,2,800,6.1867,98.7500,98.8333,4748,1677,2050,1178,463,225,3,17281,0.424020,12.1625,2.4325,32908,1461,85
2,1200,source-routed,1,2,800,6.4275,98.1667,98.1667,4743,2117,1768,1601,477,150,13,13558,0.522974,24.4425,4.8885,31256,2729,97
14,1200,source-routed,1,1,800,6.2500,98.6667,98.6667,4743,2282,1631,1755,484,181,1,5293,0.557265,25.6600,5.1320,33333,2016,79
8,1200,source-routed,1,4,800,6.1867,98.7500,98.8333,4745,1705,2001,1176,496,228,12,34431,0.432083,12.1625,2.4325,31812,1468,97
2,1200,source-routed,1,4,800,6.4275,98.1667,98.1667,4745,2197,1680,1614,534,155,21,26615,0.542068,24.4425,4.8885,29878,2729,102
14,1200,source-routed,1,2,800,6.2500,98.6667,98.6667,4742,2565,1386,1828,680,149,18,10983,0.622875,25.6600,5.1320,29860,2016,71
8,1200,source-routed,1,8,800,6.1867,98.7500,98.8333,4745,1711,2003,1131,540,225,13,57779,0.432945,12.1625,2.4325,31427,1459,94
2,1200,source-routed,1,8,800,6.4275,98.1667,98.1667,4745,2250,1634,1604,589,161,24,44638,0.552961,24.4425,4.8885,29478,2729,95
14,1200,source-routed,1,4,800,6.2500,98.6667,98.6667,4740,2668,1291,1854,758,136,25,21437,0.647573,25.6600,5.1320,28479,2016,64
8,1200,source-routed,4,1,800,6.1867,98.7500,98.8333,4753,2427,1502,1211,1158,208,1,4641,0.586515,12.1625,9.7300,33584,1463,89
2,1200,source-routed,4,1,800,6.4275,98.1667,98.1667,4751,2478,1472,1556,863,173,5,4453,0.600291,24.4425,19.5540,32989,2748,103
14,1200,source-routed,1,8,800,6.2500,98.6667,98.6667,4736,2724,1232,1862,807,143,27,35027,0.660204,25.6600,5.1320,27865,2016,61
8,1200,source-routed,4,2,800,6.1867,98.7500,98.8333,4751,3144,896,1271,1812,164,3,8232,0.747326,12.1625,9.7300,28151,1461,78
2,1200,source-routed,4,2,800,6.4275,98.1667,98.1667,4749,3167,906,1556,1533,143,18,7241,0.747992,24.4425,19.5540,27876,2729,92
14,1200,source-routed,4,1,800,6.2500,98.6667,98.6667,4747,2817,1224,1721,1031,181,3,3336,0.666746,25.6600,20.5280,31158,2016,76
8,1200,source-routed,4,4,800,6.1867,98.7500,98.8333,4754,3697,424,1271,2356,138,15,10861,0.864998,12.1625,9.7300,25271,1469,87
2,1200,source-routed,4,4,800,6.4275,98.1667,98.1667,4750,3764,416,1595,2087,119,34,10171,0.868682,24.4425,19.5540,25222,2729,89
14,1200,source-routed,4,2,800,6.2500,98.6667,98.6667,4747,3311,814,1785,1449,148,18,5694,0.771615,25.6600,20.5280,26313,2016,62
8,1200,source-routed,4,8,800,6.1867,98.7500,98.8333,4755,3811,341,1262,2479,133,23,17649,0.884633,12.1625,9.7300,24664,1463,77
2,1200,source-routed,4,8,800,6.4275,98.1667,98.1667,4749,3937,292,1612,2244,115,38,14727,0.898448,24.4425,19.5540,24444,2729,89
14,1200,source-routed,4,4,800,6.2500,98.6667,98.6667,4746,3787,412,1752,1955,131,18,7413,0.870975,25.6600,20.5280,23709,2016,55
8,1200,digest,1,1,800,6.1867,98.7500,98.8333,4751,1707,2036,1425,0,224,1,8132,0.430192,12.1625,2.4325,37611,1463,90
2,1200,digest,1,1,800,6.4275,98.1667,98.1667,4747,2150,1758,1893,0,161,7,6330,0.527478,24.4425,4.8885,35835,2729,109
14,1200,source-routed,4,8,800,6.2500,98.6667,98.6667,4745,4023,238,1765,2170,113,31,10770,0.913280,25.6600,20.5280,22931,2016,58
8,1200,digest,1,2,800,6.1867,98.7500,98.8333,4746,1729,1991,1392,0,232,2,19746,0.437279,12.1625,2.4325,34500,1467,94
2,1200,digest,1,2,800,6.4275,98.1667,98.1667,4747,2280,1644,1994,0,155,14,14522,0.557049,24.4425,4.8885,32500,2729,96
14,1200,digest,1,1,800,6.2500,98.6667,98.6667,4745,2570,1402,2292,0,177,2,5308,0.619128,25.6600,5.1320,34553,2016,84
8,1200,digest,1,4,800,6.1867,98.7500,98.8333,4744,1735,1966,1372,0,244,7,39349,0.439018,12.1625,2.4325,33586,1469,96
2,1200,digest,1,4,800,6.4275,98.1667,98.1667,4747,2328,1582,1998,0,162,27,29572,0.567943,24.4425,4.8885,31479,2729,99
14,1200,digest,1,2,800,6.2500,98.6667,98.6667,4742,2801,1183,2380,0,155,20,12423,0.673479,25.6600,5.1320,31700,2016,74
8,1200,digest,1,8,800,6.1867,98.7500,98.8333,4744,1747,1941,1405,0,259,14,65425,0.441050,12.1625,2.4325,33370,1469,95
2,1200,digest,1,8,800,6.4275,98.1667,98.1667,4747,2363,1543,2011,0,163,38,51067,0.575359,24.4425,4.8885,31321,2729,96
14,1200,digest,1,4,800,6.2500,98.6667,98.6667,4742,2901,1088,2432,0,150,25,23872,0.696686,25.6600,5.1320,30354,2016,69
8,1200,digest,4,1,800,6.1867,98.7500,98.8333,4755,2893,1127,2468,0,198,1,4055,0.685708,12.1625,9.7300,34167,1463,84
2,1200,digest,4,1,800,6.4275,98.1667,98.1667,4750,2988,1069,2698,0,153,7,3405,0.708561,24.4425,19.5540,33267,2729,103
14,1200,digest,1,8,800,6.2500,98.6667,98.6667,4739,2925,1043,2412,0,148,44,40293,0.703125,25.6600,5.1320,30093,2016,66
8,1200,digest,4,2,800,6.1867,98.7500,98.8333,4755,3739,434,3284,0,149,10,5091,0.863112,12.1625,9.7300,27856,1463,76
2,1200,digest,4,2,800,6.4275,98.1667,98.1667,4751,3808,423,3357,0,128,27,4308,0.868217,24.4425,19.5540,27792,2729,90
14,1200,digest,4,1,800,6.2500,98.6667,98.6667,4747,3262,885,2943,0,171,1,2359,0.755267,25.6600,20.5280,31520,2016,79
8,1200,digest,4,4,800,6.1867,98.7500,98.8333,4756,3993,259,3541,0,135,17,9066,0.906676,12.1625,9.7300,25908,1463,70
2,1200,digest,4,4,800,6.4275,98.1667,98.1667,4752,4164,152,3850,0,105,44,4641,0.932587,24.4425,19.5540,24915,2729,87
14,1200,digest,4,2,800,6.2500,98.6667,98.6667,4748,3948,305,3481,0,140,25,2825,0.893617,25.6600,20.5280,26325,2016,66
8,1200,digest,4,8,800,6.1867,98.7500,98.8333,4753,4029,243,3547,0,133,20,16488,0.910508,12.1625,9.7300,25619,1463,66
2,1200,digest,4,8,800,6.4275,98.1667,98.1667,4753,4204,135,3847,0,110,42,8686,0.936094,24.4425,19.5540,24592,2729,87
14,1200,digest,4,4,800,6.2500,98.6667,98.6667,4748,4350,54,3956,0,118,32,373,0.955204,25.6600,20.5280,23302,2016,56
14,1200,digest,4,8,800,6.2500,98.6667,98.6667,4748,4364,54,3966,0,108,37,896,0.956388,25.6600,20.5280,22891,2016,53
8,2000,source-routed,1,1,800,10.3715,99.9000,99.9000,7906,3925,2588,3073,770,295,1,12264,0.576443,30.4975,6.0995,51551,219,53
2,2000,source-routed,1,1,800,10.3600,99.8500,99.8500,7910,3505,2949,2723,705,363,3,12256,0.513930,36.8975,7.3795,53772,523,82
14,2000,source-routed,1,1,800,10.4330,100.0000,100.0000,7914,3683,2834,2836,765,313,1,12634,0.539160,32.3588,6.4718,53559,133,76
8,2000,source-routed,1,2,800,10.3715,99.9000,99.9000,7902,4163,2327,3165,915,313,1,25379,0.611846,30.4975,6.0995,46383,219,48
2,2000,source-routed,1,2,800,10.3600,99.8500,99.8500,7904,3676,2761,2750,839,404,5,26719,0.536956,36.8975,7.3795,48474,523,76
14,2000,source-routed,1,2,800,10.4330,100.0000,100.0000,7909,3971,2553,2900,974,306,3,25957,0.581150,32.3588,6.4718,47962,133,63
8,2000,source-routed,1,4,800,10.3715,99.9000,99.9000,7900,4250,2234,3165,993,321,3,46380,0.624266,30.4975,6.0995,44469,219,45
2,2000,source-routed,1,4,800,10.3600,99.8500,99.8500,7903,3795,2648,2740,974,386,5,50179,0.555312,36.8975,7.3795,46202,523,67
14,2000,source-routed,1,4,800,10.4330,100.0000,100.0000,7900,4090,2437,2921,1066,302,8,47794,0.598216,32.3588,6.4718,45728,133,63
8,2000,source-routed,1,8,800,10.3715,99.9000,99.9000,7898,4253,2192,3156,1016,346,2,72916,0.626086,30.4975,6.0995,43911,219,48
2,2000,source-routed,1,8,800,10.3600,99.8500,99.8500,7902,3871,2589,2801,987,360,4,79176,0.567263,36.8975,7.3795,45392,523,67
14,2000,source-routed,1,8,800,10.4330,100.0000,100.0000,7899,4125,2414,2927,1098,299,6,74652,0.602718,32.3588,6.4718,44786,133,57
8,2000,source-routed,4,1,800,10.3715,99.9000,99.9000,7908,5463,1394,3062,2272,260,0,6243,0.767599,30.4975,24.3980,44957,219,42
2,2000,source-routed,4,1,800,10.3600,99.8500,99.8500,7911,5098,1694,2738,2257,326,4,6823,0.715810,36.8975,29.5180,48495,523,73
14,2000,source-routed,4,1,800,10.4330,100.0000,100.0000,7919,5165,1650,2749,2289,288,1,6661,0.727055,32.3588,25.8870,47452,133,64
8,2000,source-routed,4,2,800,10.3715,99.9000,99.9000,7912,6458,636,3091,3220,224,0,8181,0.882482,30.4975,24.3980,35958,219,36
2,2000,source-routed,4,2,800,10.3600,99.8500,99.8500,7911,6262,711,2719,3418,292,6,9374,0.861230,36.8975,29.5180,39097,523,63
14,2000,source-routed,4,2,800,10.4330,100.0000,100.0000,7916,6197,821,2717,3352,255,2,9951,0.851821,32.3588,25.8870,38488,133,53
8,2000,source-routed,4,4,800,10.3715,99.9000,99.9000,7911,6811,447,3062,3595,201,0,12001,0.913125,30.4975,24.3980,32487,219,39
2,2000,source-routed,4,4,800,10.3600,99.8500,99.8500,7912,6760,358,2712,3929,233,1,13762,0.919478,36.8975,29.5180,35156,523,53
14,2000,source-routed,4,4,800,10.4330,100.0000,100.0000,7918,6858,323,2772,3936,223,2,12785,0.926006,32.3588,25.8870,33844,133,49
8,2000,source-routed,4,8,800,10.3715,99.9000,99.9000,7909,6903,381,3012,3741,184,1,18281,0.924220,30.4975,24.3980,31709,219,35
2,2000,source-routed,4,8,800,10.3600,99.8500,99.8500,7911,6897,254,2685,4071,227,2,21144,0.934553,36.8975,29.5180,34199,523,49
14,2000,source-routed,4,8,800,10.4330,100.0000,100.0000,7915,7043,206,2820,4071,202,3,18009,0.944862,32.3588,25.8870,32614,133,47
8,2000,digest,1,1,800,10.3715,99.9000,99.9000,7908,4134,2397,3746,0,314,0,13400,0.603944,30.4975,6.0995,53515,219,53
2,2000,digest,1,1,800,10.3600,99.8500,99.8500,7911,3654,2835,3316,0,372,2,13338,0.532420,36.8975,7.3795,55490,523,83
14,2000,digest,1,1,800,10.4330,100.0000,100.0000,7913,3938,2585,3515,0,328,0,14144,0.574807,32.3588,6.4718,56246,133,79
8,2000,digest,1,2,800,10.3715,99.9000,99.9000,7902,4275,2228,3830,0,325,1,29069,0.626007,30.4975,6.0995,49064,219,52
2,2000,digest,1,2,800,10.3600,99.8500,99.8500,7903,3824,2637,3356,0,390,6,29347,0.557678,36.8975,7.3795,50591,523,79
14,2000,digest,1,2,800,10.4330,100.0000,100.0000,7905,4185,2381,3720,0,327,3,29586,0.606874,32.3588,6.4718,51031,133,64
8,2000,digest,1,4,800,10.3715,99.9000,99.9000,7902,4329,2141,3903,0,354,2,53614,0.634193,30.4975,6.0995,47678,219,47
2,2000,digest,1,4,800,10.3600,99.8500,99.8500,7906,3985,2488,3465,0,384,3,55049,0.580904,36.8975,7.3795,48471,523,72
14,2000,digest,1,4,800,10.4330,100.0000,100.0000,7902,4287,2243,3689,0,333,7,55848,0.624017,32.3588,6.4718,49097,133,58
8,2000,digest,1,8,800,10.3715,99.9000,99.9000,7902,4352,2101,3894,0,367,2,83403,0.637936,30.4975,6.0995,46924,219,50
2,2000,digest,1,8,800,10.3600,99.8500,99.8500,7906,4049,2415,3530,0,385,9,87062,0.590405,36.8975,7.3795,47606,523,69
14,2000,digest,1,8,800,10.4330,100.0000,100.0000,7904,4307,2221,3686,0,331,5,88320,0.627477,32.3588,6.4718,48493,133,58
8,2000,digest,4,1,800,10.3715,99.9000,99.9000,7912,6098,917,5650,0,260,0,4610,0.838213,30.4975,24.3980,44634,219,46
2,2000,digest,4,1,800,10.3600,99.8500,99.8500,7914,5683,1221,5181,0,325,1,5540,0.786030,36.8975,29.5180,48468,523,75
14,2000,digest,4,1,800,10.4330,100.0000,100.0000,7921,5759,1201,5273,0,289,1,5448,0.794345,32.3588,25.8870,47549,133,65
8,2000,digest,4,2,800,10.3715,99.9000,99.9000,7911,6912,399,6528,0,202,1,5957,0.919883,30.4975,24.3980,35909,219,40
2,2000,digest,4,2,800,10.3600,99.8500,99.8500,7914,6767,358,6242,0,251,6,6847,0.916689,36.8975,29.5180,38749,523,59
14,2000,digest,4,2,800,10.4330,100.0000,100.0000,7920,6837,372,6217,0,239,4,7167,0.917472,32.3588,25.8870,38348,133,49
8,2000,digest,4,4,800,10.3715,99.9000,99.9000,7910,7203,149,6773,0,185,1,8298,0.955559,30.4975,24.3980,32950,219,34
2,2000,digest,4,4,800,10.3600,99.8500,99.8500,7912,7047,192,6507,0,215,1,11760,0.945272,36.8975,29.5180,35595,523,50
14,2000,digest,4,4,800,10.4330,100.0000,100.0000,7919,7237,97,6619,0,209,1,9631,0.959305,32.3588,25.8870,34398,133,45
8,2000,digest,4,8,800,10.3715,99.9000,99.9000,7912,7257,119,6822,0,184,1,13065,0.959794,30.4975,24.3980,32549,219,33
2,2000,digest,4,8,800,10.3600,99.8500,99.8500,7911,7085,151,6515,0,218,1,19235,0.950369,36.8975,29.5180,35167,523,52
9,600,source-routed,1,1,800,3.4267,47.8333,47.8333,2372,833,1197,728,95,1,0,656,0.410143,17.2437,3.4487,38368,31924,56
3,600,source-routed,1,1,800,2.9267,30.3333,30.3333,2378,362,1603,289,65,10,0,293,0.183291,10.0150,2.0030,49622,44745,51
9,600,source-routed,1,2,800,3.4267,47.8333,47.8333,2372,939,1101,769,155,1,0,912,0.460069,17.2437,3.4487,37535,31855,49
3,600,source-routed,1,2,800,2.9267,30.3333,30.3333,2377,380,1591,280,86,6,0,945,0.192210,10.0150,2.0030,49014,44744,48
9,600,source-routed,1,4,800,3.4267,47.8333,47.8333,2372,986,1059,799,160,1,2,1362,0.481445,17.2437,3.4487,37098,31855,45
3,600,source-routed,1,4,800,2.9267,30.3333,30.3333,2377,390,1582,277,102,5,0,2735,0.197269,10.0150,2.0030,48801,44744,47
14,2000,digest,4,8,800,10.4330,100.0000,100.0000,7918,7304,69,6670,0,197,0,14169,0.964861,32.3588,25.8870,33644,133,45
9,600,source-routed,1,8,800,3.4267,47.8333,47.8333,2372,994,1053,796,175,1,2,2098,0.484878,17.2437,3.4487,36978,31855,45
3,600,source-routed,1,8,800,2.9267,30.3333,30.3333,2378,398,1572,281,105,5,0,5069,0.201519,10.0150,2.0030,48741,44744,48
15,600,source-routed,1,1,800,3.1933,37.0000,37.1667,2375,578,1402,523,47,1,0,157,0.291772,8.0525,1.6105,46319,40964,46
9,600,source-routed,4,1,800,3.4267,47.8333,47.8333,2372,858,1178,732,113,1,0,631,0.421208,17.2437,13.7950,38229,31924,57
3,600,source-routed,4,1,800,2.9267,30.3333,30.3333,2378,397,1580,284,100,9,0,277,0.199899,10.0150,8.0120,49549,44745,51
15,600,source-routed,1,2,800,3.1933,37.0000,37.1667,2374,591,1394,503,77,1,0,911,0.297583,8.0525,1.6105,45803,40964,46
9,600,source-routed,4,2,800,3.4267,47.8333,47.8333,2372,1004,1057,766,214,1,0,761,0.486906,17.2437,13.7950,37148,31855,47
3,600,source-routed,4,2,800,2.9267,30.3333,30.3333,2377,555,1452,289,248,5,0,437,0.275845,10.0150,8.0120,48737,44744,44
15,600,source-routed,1,4,800,3.1933,37.0000,37.1667,2373,593,1392,512,73,1,0,2009,0.298590,8.0525,1.6105,45559,40964,46
9,600,source-routed,4,4,800,3.4267,47.8333,47.8333,2372,1092,993,797,270,1,1,262,0.523239,17.2437,13.7950,36336,31855,49
3,600,source-routed,4,4,800,2.9267,30.3333,30.3333,2377,644,1381,284,335,6,0,585,0.317085,10.0150,8.0120,48223,44744,44
15,600,source-routed,1,8,800,3.1933,37.0000,37.1667,2374,593,1394,510,74,1,0,3821,0.298290,8.0525,1.6105,45544,40964,46
9,600,source-routed,4,8,800,3.4267,47.8333,47.8333,2372,1097,983,795,282,1,2,375,0.526644,17.2437,13.7950,36215,31855,45
3,600,source-routed,4,8,800,2.9267,30.3333,30.3333,2378,676,1360,284,370,4,0,578,0.331373,10.0150,8.0120,48113,44744,47
15,600,source-routed,4,1,800,3.1933,37.0000,37.1667,2374,612,1373,513,87,1,0,169,0.308157,8.0525,6.4420,46215,40964,44
9,600,digest,1,1,800,3.4267,47.8333,47.8333,2372,1012,1040,921,0,1,0,243,0.492937,17.2437,3.4487,38559,31927,49
3,600,digest,1,1,800,2.9267,30.3333,30.3333,2378,395,1586,318,0,7,0,402,0.198692,10.0150,2.0030,50042,44745,51
15,600,source-routed,4,2,800,3.1933,37.0000,37.1667,2375,764,1257,517,229,1,0,72,0.377844,8.0525,6.4420,45196,40964,44
9,600,digest,1,2,800,3.4267,47.8333,47.8333,2372,1058,1016,990,0,1,0,697,0.509880,17.2437,3.4487,37761,31855,42
3,600,digest,1,2,800,2.9267,30.3333,30.3333,2377,401,1573,315,0,5,0,1493,0.202628,10.0150,2.0030,49429,44744,49
15,600,source-routed,4,4,800,3.1933,37.0000,37.1667,2375,793,1246,532,242,1,1,36,0.388535,8.0525,6.4420,44753,40964,44
9,600,digest,1,4,800,3.4267,47.8333,47.8333,2372,1065,1012,992,0,1,1,1433,0.512266,17.2437,3.4487,37566,31855,43
3,600,digest,1,4,800,2.9267,30.3333,30.3333,2378,403,1571,303,0,6,0,3726,0.203535,10.0150,2.0030,49247,44744,48
15,600,source-routed,4,8,800,3.1933,37.0000,37.1667,2375,795,1244,529,247,1,1,94,0.389515,8.0525,6.4420,44752,40964,44
9,600,digest,1,8,800,3.4267,47.8333,47.8333,2372,1067,1014,990,0,1,1,2390,0.512242,17.2437,3.4487,37542,31855,43
3,600,digest,1,8,800,2.9267,30.3333,30.3333,2378,406,1564,300,0,7,0,7163,0.205362,10.0150,2.0030,49198,44744,48
15,600,digest,1,1,800,3.1933,37.0000,37.1667,2375,603,1396,538,0,1,0,289,0.301500,8.0525,1.6105,46701,40964,48
9,600,digest,4,1,800,3.4267,47.8333,47.8333,2372,1067,1015,990,0,1,0,75,0.512242,17.2437,13.7950,38267,31927,49
3,600,digest,4,1,800,2.9267,30.3333,30.3333,2378,523,1476,430,0,7,0,205,0.260718,10.0150,8.0120,49933,44745,51
15,600,digest,1,2,800,3.1933,37.0000,37.1667,2374,606,1390,536,0,1,1,1350,0.303303,8.0525,1.6105,46161,40964,47
9,600,digest,4,2,800,3.4267,47.8333,47.8333,2372,1133,972,1076,0,1,1,0,0.537731,17.2437,13.7950,37117,31855,42
3,600,digest,4,2,800,2.9267,30.3333,30.3333,2378,695,1352,610,0,4,0,37,0.338859,10.0150,8.0120,48868,44744,45
15,600,digest,1,4,800,3.1933,37.0000,37.1667,2373,606,1387,523,0,1,1,2951,0.303759,8.0525,1.6105,46025,40964,47
9,600,digest,4,4,800,3.4267,47.8333,47.8333,2372,1136,970,1088,0,1,1,2,0.538899,17.2437,13.7950,36831,31855,42
3,600,digest,4,4,800,2.9267,30.3333,30.3333,2378,710,1343,627,0,4,0,20,0.345163,10.0150,8.0120,48484,44744,44
15,600,digest,1,8,800,3.1933,37.0000,37.1667,2373,606,1388,527,0,1,1,5027,0.303607,8.0525,1.6105,46010,40964,47
9,600,digest,4,8,800,3.4267,47.8333,47.8333,2372,1136,970,1090,0,1,1,10,0.538899,17.2437,13.7950,36805,31855,42
3,600,digest,4,8,800,2.9267,30.3333,30.3333,2378,711,1342,629,0,4,0,70,0.345649,10.0150,8.0120,48420,44744,44
15,600,digest,4,1,800,3.1933,37.0000,37.1667,2375,719,1290,605,0,1,0,81,0.357711,8.0525,6.4420,46504,40964,48
15,600,digest,4,2,800,3.1933,37.0000,37.1667,2375,807,1242,764,0,1,1,2,0.393467,8.0525,6.4420,45479,40964,47
15,600,digest,4,4,800,3.1933,37.0000,37.1667,2375,814,1239,767,0,1,1,3,0.396107,8.0525,6.4420,45192,40964,47
15,600,digest,4,8,800,3.1933,37.0000,37.1667,2375,815,1238,767,0,1,1,6,0.396594,8.0525,6.4420,45172,40964,47
9,1200,source-routed,1,1,800,6.4483,98.5000,98.5000,4739,2253,1713,1782,424,156,3,5926,0.546182,25.8675,5.1735,33337,2027,121
3,1200,source-routed,1,1,800,5.9667,97.1667,97.2500,4741,2123,1827,1692,388,153,1,5375,0.517300,25.7063,5.1413,32240,1570,127
15,1200,source-routed,1,1,800,6.2175,97.3333,96.1667,4751,2045,1844,1576,432,181,6,6121,0.501717,21.0538,4.2107,35337,2176,123
9,1200,source-routed,1,2,800,6.4483,98.5000,98.5000,4739,2478,1523,1875,542,122,1,12652,0.600873,25.8675,5.1735,30148,2027,114
3,1200,source-routed,1,2,800,5.9667,97.1667,97.2500,4741,2298,1676,1753,484,134,1,11995,0.559260,25.7063,5.1413,29177,1570,122
15,1200,source-routed,1,2,800,6.2175,97.3333,96.1667,4742,2195,1728,1667,482,148,13,12220,0.537463,21.0538,4.2107,31140,2176,107
9,1200,source-routed,1,4,800,6.4483,98.5000,98.5000,4738,2679,1307,1879,732,122,8,22693,0.650875,25.8675,5.1735,28577,2027,110
3,1200,source-routed,1,4,800,5.9667,97.1667,97.2500,4738,2403,1572,1750,601,121,2,24113,0.586384,25.7063,5.1413,28219,1570,116
15,1200,source-routed,1,4,800,6.2175,97.3333,96.1667,4744,2318,1588,1638,630,135,56,24449,0.565780,21.0538,4.2107,30044,2176,109
9,1200,source-routed,1,8,800,6.4483,98.5000,98.5000,4740,2730,1239,1880,780,135,8,35827,0.663911,25.8675,5.1735,27997,2027,114
3,1200,source-routed,1,8,800,5.9667,97.1667,97.2500,4735,2421,1558,1775,586,123,1,42664,0.590056,25.7063,5.1413,27824,1572,117
15,1200,source-routed,1,8,800,6.2175,97.3333,96.1667,4741,2360,1531,1731,582,133,67,41195,0.576876,21.0538,4.2107,29434,2176,110
3,1200,source-routed,4,1,800,5.9667,97.1667,97.2500,4745,2469,1504,1680,746,156,2,4587,0.597676,25.7063,20.5650,31092,1570,132
9,1200,source-routed,4,1,800,6.4483,98.5000,98.5000,4741,2606,1424,1792,761,152,3,4721,0.622700,25.8675,20.6940,31736,2027,119
15,1200,source-routed,4,1,800,6.2175,97.3333,96.1667,4752,2511,1459,1585,873,176,6,4668,0.604769,21.0538,16.8430,33736,2176,120
3,1200,source-routed,4,2,800,5.9667,97.1667,97.2500,4743,3112,975,1739,1300,131,0,8213,0.737790,25.7063,20.5650,26719,1570,115
9,1200,source-routed,4,2,800,6.4483,98.5000,98.5000,4741,3204,950,1861,1263,121,0,8194,0.749474,25.8675,20.6940,27053,2027,108
15,1200,source-routed,4,2,800,6.2175,97.3333,96.1667,4749,3112,965,1682,1364,147,17,7194,0.733789,21.0538,16.8430,28120,2176,105
3,1200,source-routed,4,4,800,5.9667,97.1667,97.2500,4741,3681,524,1736,1872,100,1,11633,0.854854,25.7063,20.5650,24158,1572,111
9,1200,source-routed,4,4,800,6.4483,98.5000,98.5000,4739,3781,461,1880,1812,93,9,10316,0.870396,25.8675,20.6940,24049,2027,105
15,1200,source-routed,4,4,800,6.2175,97.3333,96.1667,4749,3738,427,1668,1991,124,60,9371,0.859508,21.0538,16.8430,25325,2176,101
3,1200,source-routed,4,8,800,5.9667,97.1667,97.2500,4743,3868,355,1719,2066,104,2,18218,0.893509,25.7063,20.5650,23403,1572,107
9,1200,source-routed,4,8,800,6.4483,98.5000,98.5000,4739,3991,262,1902,1999,97,12,11176,0.914947,25.8675,20.6940,22738,2027,105
15,1200,source-routed,4,8,800,6.2175,97.3333,96.1667,4751,4014,209,1633,2292,112,77,12309,0.909791,21.0538,16.8430,24288,2176,106
3,1200,digest,1,1,800,5.9667,97.1667,97.2500,4743,2359,1635,2112,0,148,1,5494,0.569394,25.7063,5.1413,33375,1572,132
9,1200,digest,1,1,800,6.4483,98.5000,98.5000,4740,2544,1449,2217,0,145,2,5818,0.614493,25.8675,5.1735,34455,2027,120
15,1200,digest,1,1,800,6.2175,97.3333,96.1667,4749,2236,1693,2007,0,181,7,6264,0.543114,21.0538,4.2107,36233,2176,120
3,1200,digest,1,2,800,5.9667,97.1667,97.2500,4740,2509,1493,2217,0,131,0,12811,0.607065,25.7063,5.1413,30604,1572,123
9,1200,digest,1,2,800,6.4483,98.5000,98.5000,4739,2909,1121,2477,0,117,6,12625,0.700458,25.8675,5.1735,31568,2027,113
15,1200,digest,1,2,800,6.2175,97.3333,96.1667,4745,2399,1531,2079,0,147,32,13396,0.583840,21.0538,4.2107,32797,2176,113
3,1200,digest,1,4,800,5.9667,97.1667,97.2500,4738,2577,1440,2257,0,120,2,26506,0.622614,25.7063,5.1413,29843,1572,120
9,1200,digest,1,4,800,6.4483,98.5000,98.5000,4739,3037,988,2597,0,129,9,24348,0.729522,25.8675,5.1735,30174,2027,111
15,1200,digest,1,4,800,6.2175,97.3333,96.1667,4743,2487,1431,2138,0,134,59,27503,0.604962,21.0538,4.2107,31665,2176,109
3,1200,digest,1,8,800,5.9667,97.1667,97.2500,4738,2592,1402,2252,0,134,2,46856,0.627603,25.7063,5.1413,29601,1572,123
9,1200,digest,1,8,800,6.4483,98.5000,98.5000,4740,3053,947,2644,0,143,15,40153,0.734247,25.8675,5.1735,29977,2027,111
15,1200,digest,1,8,800,6.2175,97.3333,96.1667,4743,2506,1406,2137,0,131,75,47409,0.608548,21.0538,4.2107,31452,2176,109
3,1200,digest,4,1,800,5.9667,97.1667,97.2500,4745,2984,1110,2669,0,151,1,3620,0.702779,25.7063,20.5650,31567,1570,128
9,1200,digest,4,1,800,6.4483,98.5000,98.5000,4741,3168,964,2865,0,140,2,3654,0.741226,25.8675,20.6940,32060,2027,119
15,1200,digest,4,1,800,6.2175,97.3333,96.1667,4751,2985,1080,2696,0,180,7,3717,0.702023,21.0538,16.8430,33831,2176,117
3,1200,digest,4,2,800,5.9667,97.1667,97.2500,4745,3767,464,3367,0,111,3,5262,0.866974,25.7063,20.5650,26667,1570,113
9,1200,digest,4,2,800,6.4483,98.5000,98.5000,4743,4063,292,3752,0,86,6,2860,0.913650,25.8675,20.6940,25878,2027,109
15,1200,digest,4,2,800,6.2175,97.3333,96.1667,4752,3894,314,3511,0,135,51,3292,0.886208,21.0538,16.8430,27909,2176,108
3,1200,digest,4,4,800,5.9667,97.1667,97.2500,4745,4178,155,3797,0,91,4,6360,0.943541,25.7063,20.5650,24361,1570,110
9,1200,digest,4,4,800,6.4483,98.5000,98.5000,4744,4431,54,4138,0,76,10,955,0.969372,25.8675,20.6940,23136,2027,101
15,1200,digest,4,4,800,6.2175,97.3333,96.1667,4753,4260,65,3896,0,111,83,2274,0.942686,21.0538,16.8430,25055,2176,105
3,1200,digest,4,8,800,5.9667,97.1667,97.2500,4744,4228,114,3877,0,99,3,9968,0.951395,25.7063,20.5650,23940,1570,109
9,1200,digest,4,8,800,6.4483,98.5000,98.5000,4744,4441,53,4139,0,71,12,849,0.970286,25.8675,20.6940,22726,2027,98
15,1200,digest,4,8,800,6.2175,97.3333,96.1667,4754,4277,59,3927,0,106,90,3636,0.943733,21.0538,16.8430,24520,2176,105
3,2000,source-routed,1,1,800,10.1330,99.8000,99.8000,7902,3196,3232,2433,707,325,0,14151,0.473271,34.5312,6.9062,53276,326,94
9,2000,source-routed,1,1,800,10.4290,99.7500,99.8000,7919,4567,2057,3613,869,289,1,8779,0.660544,45.4800,9.0960,50940,251,52
15,2000,source-routed,1,1,800,10.4750,99.8000,99.8000,7924,3564,2942,2728,763,314,3,12922,0.522351,35.5500,7.1100,53616,328,61
3,2000,source-routed,1,2,800,10.1330,99.8000,99.8000,7898,3451,2992,2507,868,337,1,30014,0.508922,34.5312,6.9062,48405,326,80
9,2000,source-routed,1,2,800,10.4290,99.7500,99.8000,7919,4939,1710,3768,1070,275,2,18036,0.713110,45.4800,9.0960,44483,251,44
15,2000,source-routed,1,2,800,10.4750,99.8000,99.8000,7917,3856,2641,2844,936,316,1,27498,0.565894,35.5500,7.1100,48551,328,53
3,2000,source-routed,1,4,800,10.1330,99.8000,99.8000,7893,3626,2818,2535,1021,329,1,53606,0.535282,34.5312,6.9062,46179,326,77
9,2000,source-routed,1,4,800,10.4290,99.7500,99.8000,7917,5174,1491,3790,1259,280,10,31821,0.743925,45.4800,9.0960,41866,251,43
15,2000,source-routed,1,4,800,10.4750,99.8000,99.8000,7915,3961,2542,2826,1060,309,5,49749,0.581047,35.5500,7.1100,46319,328,54
3,2000,source-routed,1,8,800,10.1330,99.8000,99.8000,7893,3676,2743,2592,1003,362,1,84529,0.542023,34.5312,6.9062,45281,326,75
9,2000,source-routed,1,8,800,10.4290,99.7500,99.8000,7916,5219,1457,3811,1278,271,5,48769,0.750719,45.4800,9.0960,40995,251,38
15,2000,source-routed,1,8,800,10.4750,99.8000,99.8000,7914,4056,2415,2860,1108,329,12,76389,0.595420,35.5500,7.1100,45436,328,49
3,2000,source-routed,4,1,800,10.1330,99.8000,99.8000,7905,4564,2152,2371,2102,293,1,8463,0.651070,34.5312,27.6250,47607,326,79
9,2000,source-routed,4,1,800,10.4290,99.7500,99.8000,7922,5709,1193,3550,2037,259,2,4480,0.797012,45.4800,36.3840,45654,251,46
15,2000,source-routed,4,1,800,10.4750,99.8000,99.8000,7929,4821,1950,2645,2078,284,4,8319,0.682958,35.5500,28.4400,48866,328,59
3,2000,source-routed,4,2,800,10.1330,99.8000,99.8000,7907,5441,1436,2481,2853,247,0,15752,0.763756,34.5312,27.6250,40256,326,75
9,2000,source-routed,4,2,800,10.4290,99.7500,99.8000,7922,6602,483,3633,2810,230,3,6486,0.902159,45.4800,36.3840,36387,251,40
15,2000,source-routed,4,2,800,10.4750,99.8000,99.8000,7927,5842,1089,2653,3064,273,1,13723,0.810826,35.5500,28.4400,40445,328,48
3,2000,source-routed,4,4,800,10.1330,99.8000,99.8000,7906,6116,852,2488,3526,224,0,23795,0.850389,34.5312,27.6250,36415,326,69
9,2000,source-routed,4,4,800,10.4290,99.7500,99.8000,7923,7145,144,3592,3378,205,7,7951,0.952540,45.4800,36.3840,32346,251,35
15,2000,source-routed,4,4,800,10.4750,99.8000,99.8000,7928,6611,449,2645,3839,239,6,18562,0.904997,35.5500,28.4400,36134,328,44
3,2000,source-routed,4,8,800,10.1330,99.8000,99.8000,7906,6499,528,2542,3837,215,1,32840,0.897280,34.5312,27.6250,35141,326,60
9,2000,source-routed,4,8,800,10.4290,99.7500,99.8000,7923,7274,61,3645,3466,172,7,10130,0.968060,45.4800,36.3840,31142,251,30
15,2000,source-routed,4,8,800,10.4750,99.8000,99.8000,7928,6824,298,2730,3961,235,9,24494,0.926419,35.5500,28.4400,34312,328,39
3,2000,digest,1,1,800,10.1330,99.8000,99.8000,7905,3464,3013,3142,0,319,0,14698,0.509712,34.5312,6.9062,54754,326,94
9,2000,digest,1,1,800,10.4290,99.7500,99.8000,7920,4923,1756,4446,0,290,3,9485,0.706110,45.4800,9.0960,53047,251,53
15,2000,digest,1,1,800,10.4750,99.8000,99.8000,7922,3804,2718,3492,0,311,4,13801,0.556384,35.5500,7.1100,55361,328,59
3,2000,digest,1,2,800,10.1330,99.8000,99.8000,7898,3718,2794,3314,0,311,0,31393,0.544922,34.5312,6.9062,50229,326,85
9,2000,digest,1,2,800,10.4290,99.7500,99.8000,7919,5240,1445,4655,0,286,4,21473,0.751254,45.4800,9.0960,47520,251,46
15,2000,digest,1,2,800,10.4750,99.8000,99.8000,7918,4076,2470,3655,0,322,2,29698,0.593304,35.5500,7.1100,50532,328,57
3,2000,digest,1,4,800,10.1330,99.8000,99.8000,7901,3879,2616,3396,0,340,0,57803,0.567520,34.5312,6.9062,48466,326,83
9,2000,digest,1,4,800,10.4290,99.7500,99.8000,7921,5345,1342,4739,0,285,5,39983,0.766089,45.4800,9.0960,45581,251,40
15,2000,digest,1,4,800,10.4750,99.8000,99.8000,7916,4251,2278,3786,0,319,6,53747,0.620222,35.5500,7.1100,48577,328,55
3,2000,digest,1,8,800,10.1330,99.8000,99.8000,7898,3926,2554,3422,0,351,2,92779,0.574565,34.5312,6.9062,47920,326,82
9,2000,digest,1,8,800,10.4290,99.7500,99.8000,7919,5371,1294,4778,0,317,7,61297,0.768493,45.4800,9.0960,44839,251,43
15,2000,digest,1,8,800,10.4750,99.8000,99.8000,7917,4311,2204,3819,0,339,9,83918,0.628151,35.5500,7.1100,47904,328,51
3,2000,digest,4,1,800,10.1330,99.8000,99.8000,7910,5168,1670,4738,0,264,0,7652,0.727682,34.5312,27.6250,48155,326,86
9,2000,digest,4,1,800,10.4290,99.7500,99.8000,7923,6356,701,5871,0,248,2,3538,0.869851,45.4800,36.3840,46163,251,46
15,2000,digest,4,1,800,10.4750,99.8000,99.8000,7929,5436,1444,5019,0,288,5,6859,0.757842,35.5500,28.4400,48734,328,56
3,2000,digest,4,2,800,10.1330,99.8000,99.8000,7913,6347,675,5775,0,228,1,11849,0.875328,34.5312,27.6250,39899,326,73
9,2000,digest,4,2,800,10.4290,99.7500,99.8000,7925,7290,48,6781,0,198,4,3920,0.966844,45.4800,36.3840,36354,251,34
15,2000,digest,4,2,800,10.4750,99.8000,99.8000,7930,6667,447,6109,0,251,5,9936,0.904613,35.5500,28.4400,39796,328,50
3,2000,digest,4,4,800,10.1330,99.8000,99.8000,7912,7149,98,6678,0,205,1,9384,0.959211,34.5312,27.6250,34234,326,66
15,2000,digest,4,4,800,10.4750,99.8000,99.8000,7931,7236,65,6764,0,214,7,9031,0.961978,35.5500,28.4400,34499,328,45
9,2000,digest,4,4,800,10.4290,99.7500,99.8000,7926,7443,13,6940,0,170,2,3686,0.975747,45.4800,36.3840,32470,251,30
3,2000,digest,4,8,800,10.1330,99.8000,99.8000,7912,7243,36,6761,0,200,1,13370,0.968316,34.5312,27.6250,33440,326,65
4,600,source-routed,1,1,800,3.0900,29.1667,31.1667,2377,547,1427,446,88,7,0,233,0.276123,13.2912,2.6582,48324,43982,29
4,600,source-routed,1,2,800,3.0900,29.1667,31.1667,2376,616,1365,490,111,5,0,252,0.310171,13.2912,2.6582,47633,43962,25
15,2000,digest,4,8,800,10.4750,99.8000,99.8000,7933,7274,57,6788,0,214,6,13082,0.963316,35.5500,28.4400,33689,328,44
9,2000,digest,4,8,800,10.4290,99.7500,99.8000,7926,7465,14,6954,0,174,3,5457,0.975052,45.4800,36.3840,31941,251,28
4,600,source-routed,1,4,800,3.0900,29.1667,31.1667,2376,648,1342,497,136,2,0,151,0.325301,13.2912,2.6582,47386,43962,24
16,600,source-routed,1,1,800,2.8367,3.6667,3.8333,2385,114,1852,112,1,0,0,28,0.057986,4.1950,0.8390,60286,59662,2
10,600,source-routed,1,1,800,3.1850,57.8333,45.8333,2384,472,1489,373,86,32,1,242,0.236710,8.7425,1.7485,46687,40533,93
4,600,source-routed,1,8,800,3.0900,29.1667,31.1667,2377,662,1337,497,150,2,0,268,0.330835,13.2912,2.6582,47381,43962,25
16,600,source-routed,1,2,800,2.8367,3.6667,3.8333,2385,114,1852,111,2,0,0,71,0.057986,4.1950,0.8390,60245,59666,2
10,600,source-routed,1,2,800,3.1850,57.8333,45.8333,2385,509,1450,400,101,33,3,642,0.255138,8.7425,1.7485,45804,40458,92
4,600,source-routed,4,1,800,3.0900,29.1667,31.1667,2377,554,1421,446,94,7,0,232,0.279516,13.2912,10.6330,48252,43982,28
16,600,source-routed,1,4,800,2.8367,3.6667,3.8333,2384,114,1852,111,2,0,0,111,0.057986,4.1950,0.8390,60240,59670,2
10,600,source-routed,1,4,800,3.1850,57.8333,45.8333,2385,539,1418,402,129,31,6,1728,0.270311,8.7425,1.7485,45451,40391,93
4,600,source-routed,4,2,800,3.0900,29.1667,31.1667,2376,619,1365,495,110,3,0,295,0.311525,13.2912,10.6330,47467,43962,25
16,600,source-routed,1,8,800,2.8367,3.6667,3.8333,2384,114,1852,111,2,0,0,170,0.057986,4.1950,0.8390,60237,59670,2
10,600,source-routed,1,8,800,3.1850,57.8333,45.8333,2384,535,1421,405,121,33,8,3226,0.267902,8.7425,1.7485,45352,40412,91
4,600,source-routed,4,4,800,3.0900,29.1667,31.1667,2377,679,1329,478,182,2,0,108,0.337811,13.2912,10.6330,47129,43962,25
16,600,source-routed,4,1,800,2.8367,3.6667,3.8333,2385,118,1849,111,6,0,0,19,0.059990,4.1950,3.3560,60238,59629,2
10,600,source-routed,4,1,800,3.1850,57.8333,45.8333,2384,486,1481,372,97,32,1,246,0.243000,8.7425,6.9940,46609,40533,93
4,600,source-routed,4,8,800,3.0900,29.1667,31.1667,2377,693,1323,502,171,2,0,69,0.343409,13.2912,10.6330,47081,43962,25
16,600,source-routed,4,2,800,2.8367,3.6667,3.8333,2385,118,1848,108,9,0,0,53,0.060020,4.1950,3.3560,60195,59645,2
10,600,source-routed,4,2,800,3.1850,57.8333,45.8333,2385,551,1432,401,132,35,3,525,0.272637,8.7425,6.9940,45565,40457,91
4,600,digest,1,1,800,3.0900,29.1667,31.1667,2377,660,1340,605,0,2,0,49,0.329670,13.2912,2.6582,48475,43982,28
16,600,source-routed,4,4,800,2.8367,3.6667,3.8333,2385,118,1848,108,9,0,0,97,0.060020,4.1950,3.3560,60188,59645,2
10,600,source-routed,4,4,800,3.1850,57.8333,45.8333,2385,681,1340,389,276,30,5,984,0.331226,8.7425,6.9940,45136,40392,91
4,600,digest,1,2,800,3.0900,29.1667,31.1667,2377,703,1324,646,0,2,0,6,0.346476,13.2912,2.6582,47845,43962,25
16,600,source-routed,4,8,800,2.8367,3.6667,3.8333,2385,118,1848,108,9,0,0,138,0.060020,4.1950,3.3560,60186,59645,2
10,600,source-routed,4,8,800,3.1850,57.8333,45.8333,2384,703,1322,386,300,32,7,1443,0.340601,8.7425,6.9940,44961,40406,91
4,600,digest,1,4,800,3.0900,29.1667,31.1667,2377,705,1323,653,0,2,0,23,0.347291,13.2912,2.6582,47710,43962,25
16,600,digest,1,1,800,2.8367,3.6667,3.8333,2385,115,1851,114,0,0,0,30,0.058494,4.1950,0.8390,60271,59636,2
10,600,digest,1,1,800,3.1850,57.8333,45.8333,2384,534,1442,482,0,26,4,258,0.266201,8.7425,1.7485,47015,40550,95
4,600,digest,1,8,800,3.0900,29.1667,31.1667,2377,705,1323,653,0,2,0,28,0.347291,13.2912,2.6582,47701,43962,25
16,600,digest,1,2,800,2.8367,3.6667,3.8333,2384,115,1851,114,0,0,0,72,0.058494,4.1950,0.8390,60244,59649,2
10,600,digest,1,2,800,3.1850,57.8333,45.8333,2385,557,1404,477,0,34,6,883,0.278361,8.7425,1.7485,46166,40458,90
4,600,digest,4,1,800,3.0900,29.1667,31.1667,2377,664,1338,618,0,2,0,49,0.331337,13.2912,10.6330,48367,43982,28
16,600,digest,1,4,800,2.8367,3.6667,3.8333,2384,115,1851,114,0,0,0,118,0.058494,4.1950,0.8390,60237,59649,2
10,600,digest,1,4,800,3.1850,57.8333,45.8333,2384,572,1391,475,0,32,7,2268,0.285714,8.7425,1.7485,45796,40392,89
4,600,digest,4,2,800,3.0900,29.1667,31.1667,2377,718,1319,671,0,2,0,0,0.352133,13.2912,10.6330,47618,43962,25
16,600,digest,1,8,800,2.8367,3.6667,3.8333,2384,115,1851,114,0,0,0,169,0.058494,4.1950,0.8390,60236,59649,2
10,600,digest,1,8,800,3.1850,57.8333,45.8333,2384,569,1394,481,0,31,9,4316,0.284074,8.7425,1.7485,45739,40401,87
4,600,digest,4,4,800,3.0900,29.1667,31.1667,2377,724,1313,679,0,2,0,0,0.355076,13.2912,10.6330,47456,43962,25
16,600,digest,4,1,800,2.8367,3.6667,3.8333,2385,120,1847,119,0,0,0,19,0.061007,4.1950,3.3560,60249,59632,2
10,600,digest,4,1,800,3.1850,57.8333,45.8333,2384,576,1425,511,0,26,4,184,0.283604,8.7425,6.9940,46894,40550,95
4,600,digest,4,8,800,3.0900,29.1667,31.1667,2377,724,1313,678,0,2,0,1,0.355076,13.2912,10.6330,47447,43962,25
16,600,digest,4,2,800,2.8367,3.6667,3.8333,2385,121,1845,120,0,0,0,46,0.061546,4.1950,3.3560,60156,59594,2
10,600,digest,4,2,800,3.1850,57.8333,45.8333,2385,719,1309,610,0,33,10,248,0.347175,8.7425,6.9940,45833,40459,90
16,600,digest,4,4,800,2.8367,3.6667,3.8333,2385,122,1844,121,0,0,0,72,0.062055,4.1950,3.3560,60147,59592,2
10,600,digest,4,4,800,3.1850,57.8333,45.8333,2385,784,1267,673,0,22,10,188,0.376380,8.7425,6.9940,45237,40390,89
16,600,digest,4,8,800,2.8367,3.6667,3.8333,2385,122,1844,121,0,0,0,101,0.062055,4.1950,3.3560,60145,59592,2
10,600,digest,4,8,800,3.1850,57.8333,45.8333,2384,792,1262,675,0,22,10,348,0.379674,8.7425,6.9940,45148,40400,87
4,1200,source-routed,1,1,800,6.2833,99.0000,99.1667,4746,2284,1606,1796,431,218,0,5910,0.555988,25.0150,5.0030,33574,1272,62
16,1200,source-routed,1,1,800,6.3058,96.5833,96.5833,4755,2344,1618,1833,471,145,2,5935,0.570455,19.9850,3.9970,34096,2723,82
10,1200,source-routed,1,1,800,6.3150,98.9167,99.0000,4758,2006,1872,1545,404,220,12,6405,0.488078,18.3137,3.6627,35982,1553,89
4,1200,source-routed,1,2,800,6.2833,99.0000,99.1667,4743,2503,1395,1896,542,222,6,12581,0.606641,25.0150,5.0030,29700,1272,57
16,1200,source-routed,1,2,800,6.3058,96.5833,96.5833,4756,2577,1396,1935,578,132,1,11783,0.627618,19.9850,3.9970,30500,2723,81
10,1200,source-routed,1,2,800,6.3150,98.9167,99.0000,4753,2161,1711,1566,534,203,24,14289,0.527202,18.3137,3.6627,32127,1553,75
4,1200,source-routed,1,4,800,6.2833,99.0000,99.1667,4742,2644,1265,1935,644,221,10,22812,0.638647,25.0150,5.0030,28343,1272,58
16,1200,source-routed,1,4,800,6.3058,96.5833,96.5833,4754,2646,1316,1997,586,135,4,22897,0.645208,19.9850,3.9970,29139,2723,74
10,1200,source-routed,1,4,800,6.3150,98.9167,99.0000,4754,2244,1605,1613,580,194,54,27541,0.547718,18.3137,3.6627,30466,1553,68
4,1200,source-routed,1,8,800,6.2833,99.0000,99.1667,4743,2653,1242,1928,655,233,13,36687,0.640667,25.0150,5.0030,28040,1272,61
16,1200,source-routed,1,8,800,6.3058,96.5833,96.5833,4752,2668,1280,1970,640,126,4,37030,0.654242,19.9850,3.9970,28698,2723,72
10,1200,source-routed,1,8,800,6.3150,98.9167,99.0000,4753,2243,1593,1593,587,203,73,45946,0.545477,18.3137,3.6627,30109,1553,67
4,1200,source-routed,4,1,800,6.2833,99.0000,99.1667,4748,2817,1168,1854,895,213,1,3982,0.670874,25.0150,20.0120,31420,1272,59
16,1200,source-routed,4,1,800,6.3058,96.5833,96.5833,4756,2932,1163,1843,1015,130,0,4206,0.693964,19.9850,15.9880,32067,2723,81
10,1200,source-routed,4,1,800,6.3150,98.9167,99.0000,4764,3003,1036,1553,1379,220,12,2823,0.703114,18.3137,14.6510,32572,1553,84
4,1200,source-routed,4,2,800,6.2833,99.0000,99.1667,4747,3468,618,1889,1492,211,8,5928,0.805575,25.0150,20.0120,25789,1272,54
16,1200,source-routed,4,2,800,6.3058,96.5833,96.5833,4757,3772,475,1926,1751,89,9,4489,0.868124,19.9850,15.9880,26034,2723,77
10,1200,source-routed,4,2,800,6.3150,98.9167,99.0000,4762,3671,493,1623,1970,189,32,4066,0.837172,18.3137,14.6510,26659,1553,69
4,1200,source-routed,4,4,800,6.2833,99.0000,99.1667,4747,3987,239,1885,1997,167,14,5724,0.904697,25.0150,20.0120,22518,1272,50
16,1200,source-routed,4,4,800,6.3058,96.5833,96.5833,4758,4235,110,1939,2206,78,7,3257,0.955982,19.9850,15.9880,22750,2723,72
10,1200,source-routed,4,4,800,6.3150,98.9167,99.0000,4760,3973,247,1615,2275,170,56,7012,0.893612,18.3137,14.6510,24409,1553,66
4,1200,source-routed,4,8,800,6.2833,99.0000,99.1667,4747,4123,130,1890,2131,155,16,8256,0.931962,25.0150,20.0120,21866,1272,46
16,1200,source-routed,4,8,800,6.3058,96.5833,96.5833,4759,4327,81,1958,2271,76,10,3539,0.962839,19.9850,15.9880,22061,2723,65
10,1200,source-routed,4,8,800,6.3150,98.9167,99.0000,4760,3994,225,1629,2279,164,71,11745,0.896722,18.3137,14.6510,23728,1553,62
4,1200,digest,1,1,800,6.2833,99.0000,99.1667,4745,2562,1379,2268,0,226,2,6022,0.614536,25.0150,5.0030,34680,1272,63
16,1200,digest,1,1,800,6.3058,96.5833,96.5833,4756,2618,1368,2361,0,140,3,6121,0.634052,19.9850,3.9970,35281,2723,83
10,1200,digest,1,1,800,6.3150,98.9167,99.0000,4757,2207,1680,1909,0,229,14,6762,0.534383,18.3137,3.6627,37076,1553,90
4,1200,digest,1,2,800,6.2833,99.0000,99.1667,4745,2736,1204,2342,0,223,7,14072,0.656115,25.0150,5.0030,31740,1272,63
16,1200,digest,1,2,800,6.3058,96.5833,96.5833,4756,2710,1285,2385,0,138,3,13610,0.655222,19.9850,3.9970,32161,2723,81
10,1200,digest,1,2,800,6.3150,98.9167,99.0000,4754,2292,1609,1945,0,197,31,16009,0.555098,18.3137,3.6627,33740,1553,77
4,1200,digest,1,4,800,6.2833,99.0000,99.1667,4746,2795,1145,2397,0,226,16,26520,0.668341,25.0150,5.0030,30483,1272,60
16,1200,digest,1,4,800,6.3058,96.5833,96.5833,4756,2742,1253,2388,0,133,3,27380,0.663762,19.9850,3.9970,31389,2723,81
10,1200,digest,1,4,800,6.3150,98.9167,99.0000,4753,2310,1558,1970,0,199,53,31560,0.560680,18.3137,3.6627,32455,1553,72
4,1200,digest,1,8,800,6.2833,99.0000,99.1667,4744,2813,1119,2399,0,219,18,42512,0.674742,25.0150,5.0030,30147,1272,61
10,1200,digest,1,8,800,6.3150,98.9167,99.0000,4753,2317,1512,1960,0,213,80,51616,0.562106,18.3137,3.6627,32143,1553,72
16,1200,digest,1,8,800,6.3058,96.5833,96.5833,4753,2755,1217,2369,0,135,7,45700,0.669665,19.9850,3.9970,31181,2723,77
4,1200,digest,4,1,800,6.2833,99.0000,99.1667,4746,3364,742,3062,0,205,3,2677,0.779787,25.0150,20.0120,31467,1272,59
10,1200,digest,4,1,800,6.3150,98.9167,99.0000,4764,3474,681,3137,0,208,16,1744,0.793332,18.3137,14.6510,32629,1553,78
16,1200,digest,4,1,800,6.3058,96.5833,96.5833,4757,3532,707,3237,0,121,3,2506,0.809535,19.9850,15.9880,31762,2723,82
4,1200,digest,4,2,800,6.2833,99.0000,99.1667,4749,4126,150,3819,0,169,11,2316,0.925943,25.0150,20.0120,25250,1272,54
10,1200,digest,4,2,800,6.3150,98.9167,99.0000,4764,3985,274,3551,0,172,43,3208,0.890702,18.3137,14.6510,27365,1553,69
16,1200,digest,4,2,800,6.3058,96.5833,96.5833,4759,4356,93,4064,0,83,5,802,0.960106,19.9850,15.9880,25443,2723,70
4,1200,digest,4,4,800,6.2833,99.0000,99.1667,4749,4326,49,4058,0,156,13,1522,0.952025,25.0150,20.0120,22701,1272,50
10,1200,digest,4,4,800,6.3150,98.9167,99.0000,4763,4103,172,3676,0,153,60,6526,0.914216,18.3137,14.6510,25424,1553,61
16,1200,digest,4,4,800,6.3058,96.5833,96.5833,4759,4420,73,4157,0,81,5,483,0.965276,19.9850,15.9880,23483,2723,69
4,1200,digest,4,8,800,6.2833,99.0000,99.1667,4749,4321,47,4058,0,163,12,2822,0.951134,25.0150,20.0120,22417,1272,50
10,1200,digest,4,8,800,6.3150,98.9167,99.0000,4761,4108,166,3655,0,159,62,11236,0.913904,18.3137,14.6510,25108,1553,61
16,1200,digest,4,8,800,6.3058,96.5833,96.5833,4759,4423,71,4161,0,80,6,1119,0.965721,19.9850,15.9880,23235,2723,69
4,2000,source-routed,1,1,800,10.6330,99.9500,99.9500,7918,4353,2213,3348,912,318,4,9313,0.631969,44.6775,8.9355,51386,260,71
10,2000,source-routed,1,1,800,10.5360,99.9000,99.9000,7929,3674,2883,2845,763,297,1,13389,0.535959,33.8963,6.7793,53687,265,70
16,2000,source-routed,1,1,800,10.3470,99.5000,99.7000,7928,3857,2706,3007,773,276,1,12903,0.563889,31.8137,6.3628,53633,878,78
4,2000,source-routed,1,2,800,10.6330,99.9500,99.9500,7915,4731,1868,3492,1131,305,7,19604,0.684561,44.6775,8.9355,45066,260,65
10,2000,source-routed,1,2,800,10.5360,99.9000,99.9000,7927,3879,2675,2817,978,301,3,28154,0.565617,33.8963,6.7793,48655,265,57
16,2000,source-routed,1,2,800,10.3470,99.5000,99.7000,7928,4096,2468,3025,978,286,4,26756,0.597607,31.8137,6.3628,48284,878,73
4,2000,source-routed,1,4,800,10.6330,99.9500,99.9500,7918,4885,1744,3605,1171,289,5,35402,0.705619,44.6775,8.9355,42712,260,63
10,2000,source-routed,1,4,800,10.5360,99.9000,99.9000,7923,4032,2503,2903,1052,323,4,50869,0.587584,33.8963,6.7793,46612,265,53
16,2000,source-routed,1,4,800,10.3470,99.5000,99.7000,7926,4204,2337,3073,1030,313,8,47032,0.612649,31.8137,6.3628,45901,878,70
4,2000,source-routed,1,8,800,10.6330,99.9500,99.9500,7916,4961,1701,3539,1277,269,8,55519,0.714945,44.6775,8.9355,42095,260,63
10,2000,source-routed,1,8,800,10.5360,99.9000,99.9000,7925,4128,2414,2905,1137,329,5,77730,0.600349,33.8963,6.7793,45288,265,48
16,2000,source-routed,1,8,800,10.3470,99.5000,99.7000,7923,4217,2309,3043,1071,312,8,74730,0.615980,31.8137,6.3628,45381,878,68
4,2000,source-routed,4,1,800,10.6330,99.9500,99.9500,7924,5492,1383,3284,2055,293,3,5567,0.765863,44.6775,35.7420,46672,260,66
10,2000,source-routed,4,1,800,10.5360,99.9000,99.9000,7936,5519,1408,2817,2598,255,1,5940,0.768342,33.8963,27.1170,46381,265,63
16,2000,source-routed,4,1,800,10.3470,99.5000,99.7000,7934,5472,1401,2929,2423,237,1,6526,0.769512,31.8137,25.4510,46832,878,68
4,2000,source-routed,4,2,800,10.6330,99.9500,99.9500,7922,6439,647,3381,2899,255,7,7786,0.876293,44.6775,35.7420,36957,260,57
10,2000,source-routed,4,2,800,10.5360,99.9000,99.9000,7936,6589,565,2834,3634,210,3,8313,0.894394,33.8963,27.1170,37326,265,43
16,2000,source-routed,4,2,800,10.3470,99.5000,99.7000,7937,6475,619,3000,3349,201,4,8492,0.887108,31.8137,25.4510,37273,878,58
4,2000,source-routed,4,4,800,10.6330,99.9500,99.9500,7924,6923,313,3356,3399,213,9,9307,0.928265,44.6775,35.7420,32899,260,53
10,2000,source-routed,4,4,800,10.5360,99.9000,99.9000,7937,7012,258,2856,4029,205,2,11303,0.937809,33.8963,27.1170,33561,265,38
16,2000,source-routed,4,4,800,10.3470,99.5000,99.7000,7938,7000,199,3015,3855,179,6,9910,0.947996,31.8137,25.4510,33131,878,54
4,2000,source-routed,4,8,800,10.6330,99.9500,99.9500,7923,7061,210,3390,3510,204,8,12140,0.943606,44.6775,35.7420,31702,260,51
10,2000,source-routed,4,8,800,10.5360,99.9000,99.9000,7934,7207,134,2852,4211,187,2,15005,0.957105,33.8963,27.1170,32577,265,36
16,2000,source-routed,4,8,800,10.3470,99.5000,99.7000,7936,7114,152,3056,3923,167,4,13820,0.956569,31.8137,25.4510,32114,878,56
4,2000,digest,1,1,800,10.6330,99.9500,99.9500,7921,4704,1909,4241,0,316,3,10290,0.678592,44.6775,8.9355,53640,260,76
10,2000,digest,1,1,800,10.5360,99.9000,99.9000,7929,3828,2725,3445,0,321,1,14946,0.556800,33.8963,6.7793,55785,265,72
16,2000,digest,1,1,800,10.3470,99.5000,99.7000,7931,4078,2507,3690,0,291,1,14134,0.592991,31.8137,6.3628,55733,878,83
4,2000,digest,1,2,800,10.6330,99.9500,99.9500,7922,5038,1610,4478,0,300,6,22733,0.724475,44.6775,8.9355,47954,260,68
10,2000,digest,1,2,800,10.5360,99.9000,99.9000,7929,4062,2509,3578,0,316,2,31371,0.589636,33.8963,6.7793,51038,265,56
16,2000,digest,1,2,800,10.3470,99.5000,99.7000,7930,4268,2307,3856,0,311,2,29847,0.619628,31.8137,6.3628,50863,878,77
4,2000,digest,1,4,800,10.6330,99.9500,99.9500,7918,5173,1468,4573,0,304,6,42386,0.744209,44.6775,8.9355,46354,260,64
10,2000,digest,1,4,800,10.5360,99.9000,99.9000,7927,4202,2355,3695,0,336,5,56366,0.609162,33.8963,6.7793,49156,265,54
16,2000,digest,1,4,800,10.3470,99.5000,99.7000,7931,4303,2244,3875,0,345,6,54057,0.623804,31.8137,6.3628,48992,878,79
4,2000,digest,1,8,800,10.6330,99.9500,99.9500,7914,5189,1461,4590,0,301,7,66269,0.745760,44.6775,8.9355,45448,260,64
10,2000,digest,1,8,800,10.5360,99.9000,99.9000,7922,4255,2289,3691,0,354,3,88359,0.616577,33.8963,6.7793,48388,265,49
16,2000,digest,1,8,800,10.3470,99.5000,99.7000,7925,4321,2201,3905,0,352,10,84561,0.627687,31.8137,6.3628,48374,878,74
4,2000,digest,4,1,800,10.6330,99.9500,99.9500,7924,6206,825,5706,0,280,5,4251,0.848278,44.6775,35.7420,46851,260,70
10,2000,digest,4,1,800,10.5360,99.9000,99.9000,7938,6165,901,5677,0,257,1,4720,0.841753,33.8963,27.1170,46262,265,58
16,2000,digest,4,1,800,10.3470,99.5000,99.7000,7935,6152,921,5710,0,212,2,4751,0.844243,31.8137,25.4510,46232,878,72
4,2000,digest,4,2,800,10.6330,99.9500,99.9500,7926,7070,231,6628,0,231,5,3791,0.938039,44.6775,35.7420,36104,260,61
10,2000,digest,4,2,800,10.5360,99.9000,99.9000,7937,7027,273,6575,0,203,3,5946,0.936184,33.8963,27.1170,37116,265,43
16,2000,digest,4,2,800,10.3470,99.5000,99.7000,7938,6998,260,6583,0,183,3,5576,0.940086,31.8137,25.4510,36968,878,63
4,2000,digest,4,4,800,10.6330,99.9500,99.9500,7926,7373,34,6868,0,194,4,3640,0.969494,44.6775,35.7420,32688,260,56
16,2000,digest,4,4,800,10.3470,99.5000,99.7000,7938,7269,80,6891,0,166,7,5990,0.966365,31.8137,25.4510,33457,878,61
10,2000,digest,4,4,800,10.5360,99.9000,99.9000,7936,7317,78,6830,0,197,3,7872,0.963397,33.8963,27.1170,33901,265,37
4,2000,digest,4,8,800,10.6330,99.9500,99.9500,7927,7436,8,6947,0,190,4,4584,0.973553,44.6775,35.7420,32043,260,54
5,600,source-routed,1,1,800,3.3633,52.5000,43.1667,2380,624,1359,502,109,18,1,521,0.311688,14.9913,2.9983,42834,35540,78
5,600,source-routed,1,2,800,3.3633,52.5000,43.1667,2380,720,1277,523,181,5,6,770,0.358566,14.9913,2.9983,41547,35448,73
5,600,source-routed,1,4,800,3.3633,52.5000,43.1667,2380,763,1242,541,205,4,3,1514,0.379225,14.9913,2.9983,41035,35414,74
16,2000,digest,4,8,800,10.3470,99.5000,99.7000,7938,7301,49,6901,0,166,5,9408,0.970749,31.8137,25.4510,32885,878,61
10,2000,digest,4,8,800,10.5360,99.9000,99.9000,7936,7379,56,6877,0,189,2,10433,0.967611,33.8963,27.1170,33196,265,36
5,600,source-routed,1,8,800,3.3633,52.5000,43.1667,2380,792,1215,543,227,4,4,2758,0.393052,14.9913,2.9983,40915,35402,70
17,600,source-routed,1,1,800,3.0600,15.0000,15.0000,2379,423,1546,363,52,11,0,178,0.213636,12.2400,2.4480,49567,45458,111
11,600,source-routed,1,1,800,3.1500,9.5000,9.5000,2383,318,1645,246,65,0,0,40,0.161997,7.2475,1.4495,54952,52935,24
5,600,source-routed,4,1,800,3.3633,52.5000,43.1667,2380,628,1355,499,117,16,1,540,0.314000,14.9913,11.9930,42784,35540,78
17,600,source-routed,1,2,800,3.0600,15.0000,15.0000,2379,467,1510,378,79,5,0,309,0.235621,12.2400,2.4480,48992,45408,111
11,600,source-routed,1,2,800,3.1500,9.5000,9.5000,2383,333,1632,269,56,0,0,55,0.169466,7.2475,1.4495,54634,52885,21
5,600,source-routed,4,2,800,3.3633,52.5000,43.1667,2379,758,1251,524,216,5,4,724,0.375619,14.9913,11.9930,41230,35448,73
17,600,source-routed,1,4,800,3.0600,15.0000,15.0000,2379,509,1476,397,104,2,0,608,0.256165,12.2400,2.4480,48707,45374,101
11,600,source-routed,1,4,800,3.1500,9.5000,9.5000,2383,336,1628,272,56,0,0,129,0.171079,7.2475,1.4495,54546,52867,22
5,600,source-routed,4,4,800,3.3633,52.5000,43.1667,2380,874,1170,568,282,4,3,944,0.426134,14.9913,11.9930,40457,35414,71
17,600,source-routed,1,8,800,3.0600,15.0000,15.0000,2379,518,1466,385,123,2,0,1291,0.260826,12.2400,2.4480,48581,45318,99
11,600,source-routed,1,8,800,3.1500,9.5000,9.5000,2383,337,1627,273,56,0,0,217,0.171589,7.2475,1.4495,54522,52865,21
5,600,source-routed,4,8,800,3.3633,52.5000,43.1667,2380,943,1114,565,349,4,3,1173,0.456880,14.9913,11.9930,40227,35402,63
17,600,source-routed,4,1,800,3.0600,15.0000,15.0000,2379,424,1544,361,55,11,0,201,0.214250,12.2400,9.7920,49528,45458,112
11,600,source-routed,4,1,800,3.1500,9.5000,9.5000,2383,320,1643,246,67,0,0,42,0.163016,7.2475,5.7980,54917,52935,24
5,600,digest,1,1,800,3.3633,52.5000,43.1667,2380,812,1201,715,0,19,2,110,0.399213,14.9913,2.9983,43013,35540,76
17,600,source-routed,4,2,800,3.0600,15.0000,15.0000,2379,492,1488,380,102,7,0,295,0.247609,12.2400,9.7920,48862,45424,110
11,600,source-routed,4,2,800,3.1500,9.5000,9.5000,2383,334,1631,271,55,0,0,53,0.169975,7.2475,5.7980,54540,52885,22
5,600,digest,1,2,800,3.3633,52.5000,43.1667,2380,890,1133,748,0,5,6,531,0.437561,14.9913,2.9983,41870,35457,70
17,600,source-routed,4,4,800,3.0600,15.0000,15.0000,2379,568,1417,376,183,2,0,371,0.285858,12.2400,9.7920,48426,45345,100
11,600,source-routed,4,4,800,3.1500,9.5000,9.5000,2383,338,1626,270,60,0,0,134,0.172098,7.2475,5.7980,54442,52865,22
5,600,digest,1,4,800,3.3633,52.5000,43.1667,2380,908,1119,778,0,4,5,1608,0.445972,14.9913,2.9983,41487,35414,70
17,600,source-routed,4,8,800,3.0600,15.0000,15.0000,2379,601,1384,373,219,2,0,485,0.302466,12.2400,9.7920,48266,45298,98
11,600,source-routed,4,8,800,3.1500,9.5000,9.5000,2383,344,1621,271,65,0,0,151,0.175064,7.2475,5.7980,54417,52860,22
17,600,digest,1,1,800,3.0600,15.0000,15.0000,2379,499,1480,436,0,12,0,87,0.250628,12.2400,2.4480,49844,45495,110
5,600,digest,1,8,800,3.3633,52.5000,43.1667,2380,910,1117,771,0,4,5,3138,0.446955,14.9913,2.9983,41443,35402,70
11,600,digest,1,1,800,3.1500,9.5000,9.5000,2383,337,1628,321,0,0,0,8,0.171501,7.2475,1.4495,54987,52959,24
17,600,digest,1,2,800,3.0600,15.0000,15.0000,2379,537,1451,426,0,2,0,292,0.269849,12.2400,2.4480,49193,45339,99
5,600,digest,4,1,800,3.3633,52.5000,43.1667,2380,832,1191,755,0,19,2,105,0.407045,14.9913,11.9930,42925,35540,76
11,600,digest,1,2,800,3.1500,9.5000,9.5000,2383,338,1627,322,0,0,0,71,0.172010,7.2475,1.4495,54705,52883,22
17,600,digest,1,4,800,3.0600,15.0000,15.0000,2379,548,1440,425,0,2,0,1163,0.275377,12.2400,2.4480,48964,45271,97
5,600,digest,4,2,800,3.3633,52.5000,43.1667,2380,980,1097,899,0,5,6,41,0.469349,14.9913,11.9930,41414,35457,70
11,600,digest,1,4,800,3.1500,9.5000,9.5000,2383,338,1626,323,0,0,0,171,0.172098,7.2475,1.4495,54639,52864,22
17,600,digest,1,8,800,3.0600,15.0000,15.0000,2379,548,1440,424,0,2,0,2593,0.275377,12.2400,2.4480,48929,45273,96
11,600,digest,1,8,800,3.1500,9.5000,9.5000,2383,338,1626,323,0,0,0,278,0.172098,7.2475,1.4495,54634,52864,22
5,600,digest,4,4,800,3.3633,52.5000,43.1667,2380,999,1080,918,0,4,5,50,0.478448,14.9913,11.9930,40806,35372,69
17,600,digest,4,1,800,3.0600,15.0000,15.0000,2379,507,1472,444,0,12,0,80,0.254646,12.2400,9.7920,49764,45495,110
11,600,digest,4,1,800,3.1500,9.5000,9.5000,2383,338,1627,325,0,0,0,8,0.172010,7.2475,5.7980,54942,52959,24
5,600,digest,4,8,800,3.3633,52.5000,43.1667,2380,1003,1076,920,0,4,5,97,0.480364,14.9913,11.9930,40728,35360,69
17,600,digest,4,2,800,3.0600,15.0000,15.0000,2379,601,1387,546,0,2,0,47,0.302010,12.2400,9.7920,48957,45339,99
11,600,digest,4,2,800,3.1500,9.5000,9.5000,2383,350,1615,336,0,0,0,30,0.178117,7.2475,5.7980,54588,52865,22
17,600,digest,4,4,800,3.0600,15.0000,15.0000,2379,618,1370,556,0,2,0,30,0.310553,12.2400,9.7920,48592,45271,97
11,600,digest,4,4,800,3.1500,9.5000,9.5000,2383,352,1613,336,0,0,0,66,0.179135,7.2475,5.7980,54500,52837,22
17,600,digest,4,8,800,3.0600,15.0000,15.0000,2379,620,1368,557,0,2,0,68,0.311558,12.2400,9.7920,48543,45273,96
11,600,digest,4,8,800,3.1500,9.5000,9.5000,2383,352,1613,336,0,0,0,103,0.179135,7.2475,5.7980,54494,52837,22
5,1200,source-routed,1,1,800,6.4717,97.7500,98.0000,4756,1960,1902,1572,340,214,4,6272,0.480392,28.7288,5.7458,33277,1514,116
17,1200,source-routed,1,1,800,6.2150,97.5000,97.5833,4764,1963,1925,1510,412,182,1,6145,0.482191,20.1412,4.0282,34994,2423,110
11,1200,source-routed,1,1,800,6.2142,98.7500,99.2500,4761,1784,2010,1337,405,242,4,5712,0.441584,21.0100,4.2020,36212,1268,63
5,1200,source-routed,1,2,800,6.4717,97.7500,98.0000,4752,2189,1711,1652,480,203,5,12549,0.532863,28.7288,5.7458,29782,1514,109
17,1200,source-routed,1,2,800,6.2150,97.5000,97.5833,4760,2154,1751,1571,531,171,3,13868,0.528071,20.1412,4.0282,31489,2430,100
11,1200,source-routed,1,2,800,6.2142,98.7500,99.2500,4759,1961,1818,1412,507,224,19,13241,0.487568,21.0100,4.2020,32029,1268,68
5,1200,source-routed,1,4,800,6.4717,97.7500,98.0000,4750,2330,1578,1675,599,194,4,23841,0.567462,28.7288,5.7458,28181,1514,102
17,1200,source-routed,1,4,800,6.2150,97.5000,97.5833,4756,2301,1608,1611,624,179,7,26606,0.561905,20.1412,4.0282,30080,2430,100
11,1200,source-routed,1,4,800,6.2142,98.7500,99.2500,4759,2057,1741,1394,610,212,34,26462,0.508655,21.0100,4.2020,30492,1268,61
5,1200,source-routed,1,8,800,6.4717,97.7500,98.0000,4753,2366,1558,1700,595,202,5,40638,0.572743,28.7288,5.7458,27912,1514,105
17,1200,source-routed,1,8,800,6.2150,97.5000,97.5833,4753,2308,1575,1598,643,195,12,44774,0.564303,20.1412,4.0282,29773,2436,98
11,1200,source-routed,1,8,800,6.2142,98.7500,99.2500,4756,2083,1677,1366,664,212,49,45723,0.518030,21.0100,4.2020,30037,1268,61
5,1200,source-routed,4,1,800,6.4717,97.7500,98.0000,4756,2423,1565,1612,745,205,1,4815,0.577730,28.7288,22.9830,31708,1514,111
17,1200,source-routed,4,1,800,6.2150,97.5000,97.5833,4767,2666,1338,1489,1112,165,0,4214,0.639482,20.1412,16.1130,33050,2424,107
11,1200,source-routed,4,1,800,6.2142,98.7500,99.2500,4763,2176,1687,1369,750,236,4,4638,0.530344,21.0100,16.8080,34809,1268,64
5,1200,source-routed,4,2,800,6.4717,97.7500,98.0000,4754,2968,1101,1652,1232,180,4,8154,0.697860,28.7288,22.9830,27053,1514,103
17,1200,source-routed,4,2,800,6.2150,97.5000,97.5833,4763,3409,760,1559,1770,137,4,6333,0.790951,20.1412,16.1130,27372,2428,97
11,1200,source-routed,4,2,800,6.2142,98.7500,99.2500,4764,2959,1014,1378,1503,192,24,8300,0.706374,21.0100,16.8080,29013,1268,54
5,1200,source-routed,4,4,800,6.4717,97.7500,98.0000,4754,3490,699,1640,1757,156,3,12812,0.802668,28.7288,22.9830,24593,1514,98
17,1200,source-routed,4,4,800,6.2150,97.5000,97.5833,4764,3893,430,1585,2216,134,6,8472,0.872283,20.1412,16.1130,24480,2428,88
11,1200,source-routed,4,4,800,6.2142,98.7500,99.2500,4763,3645,457,1411,2147,164,49,11201,0.844728,21.0100,16.8080,25788,1268,52
5,1200,source-routed,4,8,800,6.4717,97.7500,98.0000,4753,3801,441,1659,2043,139,9,18119,0.865831,28.7288,22.9830,23706,1514,94
17,1200,source-routed,4,8,800,6.2150,97.5000,97.5833,4763,4082,241,1594,2406,118,9,10936,0.917303,20.1412,16.1130,23659,2435,89
11,1200,source-routed,4,8,800,6.2142,98.7500,99.2500,4763,3890,261,1416,2394,142,68,14938,0.891997,21.0100,16.8080,24547,1268,46
5,1200,digest,1,1,800,6.4717,97.7500,98.0000,4758,2267,1635,1995,0,220,3,5934,0.549576,28.7288,5.7458,34392,1514,118
17,1200,digest,1,1,800,6.2150,97.5000,97.5833,4763,2226,1703,1910,0,183,0,6489,0.541342,20.1412,4.0282,36441,2423,110
11,1200,digest,1,1,800,6.2142,98.7500,99.2500,4763,2002,1792,1669,0,236,11,5978,0.495422,21.0100,4.2020,37730,1268,65
5,1200,digest,1,2,800,6.4717,97.7500,98.0000,4754,2588,1349,2186,0,207,5,12552,0.623765,28.7288,5.7458,31267,1514,107
17,1200,digest,1,2,800,6.2150,97.5000,97.5833,4761,2399,1533,2026,0,181,6,14918,0.582423,20.1412,4.0282,32941,2430,103
11,1200,digest,1,2,800,6.2142,98.7500,99.2500,4761,2105,1673,1688,0,226,25,15118,0.522462,21.0100,4.2020,33989,1268,65
5,1200,digest,1,4,800,6.4717,97.7500,98.0000,4753,2737,1190,2272,0,217,5,25072,0.659677,28.7288,5.7458,30165,1514,107
17,1200,digest,1,4,800,6.2150,97.5000,97.5833,4757,2441,1481,2063,0,188,9,30575,0.592620,20.1412,4.0282,31977,2430,104
11,1200,digest,1,4,800,6.2142,98.7500,99.2500,4757,2160,1595,1644,0,233,35,32433,0.536913,21.0100,4.2020,32891,1268,62
5,1200,digest,1,8,800,6.4717,97.7500,98.0000,4754,2797,1136,2295,0,219,6,43827,0.672679,28.7288,5.7458,29823,1514,108
17,1200,digest,1,8,800,6.2150,97.5000,97.5833,4754,2455,1457,2048,0,195,12,51866,0.596018,20.1412,4.0282,31561,2423,101
11,1200,digest,1,8,800,6.2142,98.7500,99.2500,4759,2192,1543,1698,0,239,49,55394,0.544867,21.0100,4.2020,32324,1268,64
5,1200,digest,4,1,800,6.4717,97.7500,98.0000,4758,2910,1159,2594,0,203,3,3938,0.680702,28.7288,22.9830,32323,1514,114
17,1200,digest,4,1,800,6.2150,97.5000,97.5833,4768,3286,843,2927,0,167,0,2995,0.764898,20.1412,16.1130,33339,2423,103
11,1200,digest,4,1,800,6.2142,98.7500,99.2500,4766,2796,1174,2393,0,219,8,3671,0.666190,21.0100,16.8080,35564,1268,58
5,1200,digest,4,2,800,6.4717,97.7500,98.0000,4757,3763,489,3384,0,159,5,4835,0.852129,28.7288,22.9830,27080,1514,102
17,1200,digest,4,2,800,6.2150,97.5000,97.5833,4767,4092,252,3710,0,131,4,2798,0.913597,20.1412,16.1130,26891,2433,88
11,1200,digest,4,2,800,6.2142,98.7500,99.2500,4765,3862,274,3276,0,191,46,4302,0.883147,21.0100,16.8080,28898,1268,53
5,1200,digest,4,4,800,6.4717,97.7500,98.0000,4759,4350,37,4007,0,142,7,1975,0.958995,28.7288,22.9830,23544,1514,99
17,1200,digest,4,4,800,6.2150,97.5000,97.5833,4769,4391,68,4115,0,108,12,1525,0.958943,20.1412,16.1130,24249,2423,76
11,1200,digest,4,4,800,6.2142,98.7500,99.2500,4765,4265,46,3778,0,156,65,1915,0.941086,21.0100,16.8080,24870,1268,46
5,1200,digest,4,8,800,6.4717,97.7500,98.0000,4759,4366,35,4035,0,138,8,3105,0.960194,28.7288,22.9830,23013,1514,98
17,1200,digest,4,8,800,6.2150,97.5000,97.5833,4770,4414,68,4128,0,99,12,2247,0.961028,20.1412,16.1130,23918,2423,75
11,1200,digest,4,8,800,6.2142,98.7500,99.2500,4765,4272,39,3767,0,150,73,3670,0.942214,21.0100,16.8080,24461,1268,45
5,2000,source-routed,1,1,800,10.6160,99.8000,99.8000,7926,4060,2450,3142,845,309,2,10740,0.595221,48.3500,9.6700,52060,280,53
17,2000,source-routed,1,1,800,10.2985,99.8000,99.9000,7924,3524,2961,2722,743,339,1,13389,0.516337,31.1038,6.2208,53063,352,61
11,2000,source-routed,1,1,800,10.2640,99.9500,99.9500,7929,3735,2729,2846,803,314,1,12940,0.550966,37.2437,7.4487,53085,194,57
5,2000,source-routed,1,2,800,10.6160,99.8000,99.8000,7925,4573,2033,3320,1137,260,3,20203,0.665745,48.3500,9.6700,45611,280,53
17,2000,source-routed,1,2,800,10.2985,99.8000,99.9000,7919,3737,2716,2799,868,357,2,28318,0.548591,31.1038,6.2208,48067,352,53
11,2000,source-routed,1,2,800,10.2640,99.9500,99.9500,7926,3983,2522,2978,923,265,3,26785,0.588070,37.2437,7.4487,47715,194,46
5,2000,source-routed,1,4,800,10.6160,99.8000,99.8000,7922,4899,1722,3373,1406,250,2,34673,0.712789,48.3500,9.6700,42580,280,52
17,2000,source-routed,1,4,800,10.2985,99.8000,99.9000,7917,3825,2605,2799,945,387,3,51388,0.560850,31.1038,6.2208,45913,352,52
11,2000,source-routed,1,4,800,10.2640,99.9500,99.9500,7923,4129,2382,2925,1102,276,2,48094,0.608190,37.2437,7.4487,45446,194,46
5,2000,source-routed,1,8,800,10.6160,99.8000,99.8000,7922,4997,1630,3422,1453,259,5,52033,0.725149,48.3500,9.6700,41642,280,49
17,2000,source-routed,1,8,800,10.2985,99.8000,99.9000,7915,3871,2534,2775,1006,401,3,81699,0.568512,31.1038,6.2208,45065,352,52
11,2000,source-routed,1,8,800,10.2640,99.9500,99.9500,7920,4159,2357,2953,1107,275,4,74717,0.612068,37.2437,7.4487,44495,194,49
5,2000,source-routed,4,1,800,10.6160,99.8000,99.8000,7929,4998,1723,3072,1821,300,2,7705,0.711662,48.3500,38.6800,48267,280,50
17,2000,source-routed,4,1,800,10.2985,99.8000,99.9000,7933,5118,1639,2680,2343,309,0,7489,0.724314,31.1038,24.8830,47074,352,53
11,2000,source-routed,4,1,800,10.2640,99.9500,99.9500,7934,5362,1492,2895,2336,289,1,6124,0.750560,37.2437,29.7950,46271,194,54
5,2000,source-routed,4,2,800,10.6160,99.8000,99.8000,7932,6224,703,3204,2892,247,5,9644,0.866973,48.3500,38.6800,38438,280,46
17,2000,source-routed,4,2,800,10.2985,99.8000,99.9000,7926,6200,760,2781,3291,267,0,11385,0.857894,31.1038,24.8830,38411,352,42
11,2000,source-routed,4,2,800,10.2640,99.9500,99.9500,7932,6396,701,2892,3364,224,2,9181,0.873413,37.2437,29.7950,37740,194,43
5,2000,source-routed,4,4,800,10.6160,99.8000,99.8000,7931,6965,189,3252,3552,201,3,9492,0.946589,48.3500,38.6800,33060,280,38
17,2000,source-routed,4,4,800,10.2985,99.8000,99.9000,7929,6816,320,2826,3861,210,4,14548,0.927347,31.1038,24.8830,33899,352,37
11,2000,source-routed,4,4,800,10.2640,99.9500,99.9500,7932,6869,351,2816,3908,200,3,13233,0.925367,37.2437,29.7950,34059,194,36
5,2000,source-routed,4,8,800,10.6160,99.8000,99.8000,7932,7143,75,3267,3724,186,3,10857,0.964358,48.3500,38.6800,31462,280,41
17,2000,source-routed,4,8,800,10.2985,99.8000,99.9000,7928,6999,228,2762,4103,202,1,20635,0.941992,31.1038,24.8830,32768,352,34
11,2000,source-routed,4,8,800,10.2640,99.9500,99.9500,7930,7039,216,2917,3988,192,7,17887,0.944325,37.2437,29.7950,32749,194,41
5,2000,digest,1,1,800,10.6160,99.8000,99.8000,7926,4575,2028,4081,0,294,3,11029,0.663043,48.3500,9.6700,54151,280,59
17,2000,digest,1,1,800,10.2985,99.8000,99.9000,7926,3720,2781,3304,0,343,1,14721,0.543462,31.1038,6.2208,55247,352,64
11,2000,digest,1,1,800,10.2640,99.9500,99.9500,7926,3963,2511,3539,0,320,1,14003,0.583223,37.2437,7.4487,54994,194,59
5,2000,digest,1,2,800,10.6160,99.8000,99.8000,7926,5080,1580,4519,0,259,3,21782,0.733892,48.3500,9.6700,47951,280,52
17,2000,digest,1,2,800,10.2985,99.8000,99.9000,7920,3890,2562,3444,0,381,1,31537,0.569213,31.1038,6.2208,50558,352,56
11,2000,digest,1,2,800,10.2640,99.9500,99.9500,7924,4205,2293,3752,0,293,3,29100,0.618928,37.2437,7.4487,49791,194,48
17,2000,digest,1,4,800,10.2985,99.8000,99.9000,7918,3950,2470,3435,0,408,3,57528,0.578246,31.1038,6.2208,48502,352,53
5,2000,digest,1,4,800,10.6160,99.8000,99.8000,7924,5364,1306,4730,0,275,3,39064,0.772021,48.3500,9.6700,45522,280,56
11,2000,digest,1,4,800,10.2640,99.9500,99.9500,7922,4293,2221,3812,0,300,3,53524,0.629749,37.2437,7.4487,47966,194,43
17,2000,digest,1,8,800,10.2985,99.8000,99.9000,7913,3968,2452,3455,0,400,8,91683,0.581136,31.1038,6.2208,47791,352,51
5,2000,digest,1,8,800,10.6160,99.8000,99.8000,7926,5463,1205,4843,0,296,4,59966,0.784013,48.3500,9.6700,44600,280,52
11,2000,digest,1,8,800,10.2640,99.9500,99.9500,7922,4347,2164,3834,0,316,5,84287,0.636270,37.2437,7.4487,47256,194,45
17,2000,digest,4,1,800,10.2985,99.8000,99.9000,7934,5860,1039,5355,0,301,1,6039,0.813776,31.1038,24.8830,47141,352,51
5,2000,digest,4,1,800,10.6160,99.8000,99.8000,7930,5883,1013,5402,0,276,3,5568,0.819930,48.3500,38.6800,48135,280,55
11,2000,digest,4,1,800,10.2640,99.9500,99.9500,7934,5969,1046,5524,0,282,2,4793,0.817783,37.2437,29.7950,46321,194,53
17,2000,digest,4,2,800,10.2985,99.8000,99.9000,7931,6870,316,6395,0,246,1,7125,0.924257,31.1038,24.8830,37294,352,37
5,2000,digest,4,2,800,10.6160,99.8000,99.8000,7933,7211,47,6701,0,201,6,3117,0.965975,48.3500,38.6800,36534,280,45
11,2000,digest,4,2,800,10.2640,99.9500,99.9500,7936,6909,312,6362,0,214,3,6709,0.928879,37.2437,29.7950,37567,194,43
17,2000,digest,4,4,800,10.2985,99.8000,99.9000,7930,7121,174,6657,0,202,1,10659,0.949720,31.1038,24.8830,33949,352,35
5,2000,digest,4,4,800,10.6160,99.8000,99.8000,7933,7434,8,6904,0,185,3,1507,0.974312,48.3500,38.6800,32331,280,41
11,2000,digest,4,4,800,10.2640,99.9500,99.9500,7935,7223,135,6688,0,182,5,8278,0.957323,37.2437,29.7950,34010,194,39
17,2000,digest,4,8,800,10.2985,99.8000,99.9000,7930,7159,143,6685,0,206,1,17398,0.953389,31.1038,24.8830,33488,352,32
5,2000,digest,4,8,800,10.6160,99.8000,99.8000,7933,7442,8,6931,0,183,2,2604,0.974722,48.3500,38.6800,31868,280,41
18,600,source-routed,1,1,800,2.9600,3.5000,3.5000,2384,83,1855,81,0,0,0,0,0.042828,3.2988,0.6598,61675,61478,0
21,600,source-routed,1,1,800,2.9483,39.5000,49.6667,2388,657,1352,523,121,17,0,533,0.324284,13.9875,2.7975,42163,35313,55
18,600,source-routed,1,2,800,2.9600,3.5000,3.5000,2384,83,1855,81,0,0,0,0,0.042828,3.2988,0.6598,61674,61478,0
21,600,source-routed,1,2,800,2.9483,39.5000,49.6667,2387,726,1309,575,132,8,0,973,0.355360,13.9875,2.7975,41255,35290,52
18,600,source-routed,1,4,800,2.9600,3.5000,3.5000,2384,83,1855,81,0,0,0,0,0.042828,3.2988,0.6598,61674,61478,0
11,2000,digest,4,8,800,10.2640,99.9500,99.9500,7935,7251,107,6703,0,180,6,13911,0.961161,37.2437,29.7950,33592,194,37
21,600,source-routed,1,4,800,2.9483,39.5000,49.6667,2387,756,1281,597,142,6,0,2185,0.370044,13.9875,2.7975,40932,35290,50
18,600,source-routed,1,8,800,2.9600,3.5000,3.5000,2384,83,1855,81,0,0,0,0,0.042828,3.2988,0.6598,61674,61478,0
21,600,source-routed,1,8,800,2.9483,39.5000,49.6667,2387,768,1271,597,149,6,1,4316,0.375367,13.9875,2.7975,40930,35290,50
18,600,source-routed,4,1,800,2.9600,3.5000,3.5000,2384,83,1855,81,0,0,0,0,0.042828,3.2988,2.6390,61667,61478,0
21,600,source-routed,4,1,800,2.9483,39.5000,49.6667,2388,663,1351,522,125,17,0,523,0.326440,13.9875,11.1900,42083,35313,56
18,600,source-routed,4,2,800,2.9600,3.5000,3.5000,2384,83,1855,81,0,0,0,0,0.042828,3.2988,2.6390,61666,61478,0
19,1200,digest,1,1,800,6.2017,98.2500,98.5000,4744,1919,1958,1625,0,202,1,7429,0.470343,17.7037,3.5408,36176,1476,86
21,600,source-routed,4,2,800,2.9483,39.5000,49.6667,2387,747,1292,569,155,10,0,967,0.364568,13.9875,11.1900,40996,35290,51
18,600,source-routed,4,4,800,2.9600,3.5000,3.5000,2384,83,1855,81,0,0,0,0,0.042828,3.2988,2.6390,61666,61478,0
21,600,source-routed,4,4,800,2.9483,39.5000,49.6667,2387,829,1226,575,232,5,0,1898,0.402427,13.9875,11.1900,40582,35290,50
18,600,source-routed,4,8,800,2.9600,3.5000,3.5000,2384,83,1855,81,0,0,0,0,0.042828,3.2988,2.6390,61666,61478,0
21,600,source-routed,4,8,800,2.9483,39.5000,49.6667,2387,872,1184,572,277,6,0,3365,0.422890,13.9875,11.1900,40486,35289,53
18,600,digest,1,1,800,2.9600,3.5000,3.5000,2384,83,1855,81,0,0,0,0,0.042828,3.2988,0.6598,61676,61478,0
21,600,digest,1,1,800,2.9483,39.5000,49.6667,2388,780,1271,686,0,8,0,388,0.378825,13.9875,2.7975,42478,35313,55
18,600,digest,1,2,800,2.9600,3.5000,3.5000,2384,83,1855,81,0,0,0,0,0.042828,3.2988,0.6598,61675,61478,0
19,1200,digest,1,2,800,6.2017,98.2500,98.5000,4742,2010,1874,1640,0,179,7,17435,0.493857,17.7037,3.5408,32773,1476,82
21,600,digest,1,2,800,2.9483,39.5000,49.6667,2388,798,1247,692,0,7,0,882,0.388889,13.9875,2.7975,41709,35290,53
18,600,digest,1,4,800,2.9600,3.5000,3.5000,2384,83,1855,81,0,0,0,0,0.042828,3.2988,0.6598,61675,61478,0
21,600,digest,1,4,800,2.9483,39.5000,49.6667,2387,802,1243,681,0,7,1,2677,0.390648,13.9875,2.7975,41494,35290,51
18,600,digest,1,8,800,2.9600,3.5000,3.5000,2384,83,1855,81,0,0,0,0,0.042828,3.2988,0.6598,61675,61478,0
21,600,digest,1,8,800,2.9483,39.5000,49.6667,2387,802,1244,682,0,7,1,5584,0.390458,13.9875,2.7975,41415,35290,51
18,600,digest,4,1,800,2.9600,3.5000,3.5000,2384,83,1855,81,0,0,0,0,0.042828,3.2988,2.6390,61668,61478,0
19,1200,digest,1,4,800,6.2017,98.2500,98.5000,4741,2050,1831,1623,0,172,8,35834,0.504802,17.7037,3.5408,31923,1476,80
18,600,digest,4,2,800,2.9600,3.5000,3.5000,2384,83,1855,81,0,0,0,0,0.042828,3.2988,2.6390,61667,61478,0
21,600,digest,4,1,800,2.9483,39.5000,49.6667,2388,789,1266,697,0,8,0,376,0.382453,13.9875,11.1900,42387,35313,55
18,600,digest,4,4,800,2.9600,3.5000,3.5000,2384,83,1855,81,0,0,0,0,0.042828,3.2988,2.6390,61667,61478,0
21,600,digest,4,2,800,2.9483,39.5000,49.6667,2388,946,1137,788,0,6,0,569,0.452848,13.9875,11.1900,41450,35290,53
18,600,digest,4,8,800,2.9600,3.5000,3.5000,2384,83,1855,81,0,0,0,0,0.042828,3.2988,2.6390,61667,61478,0
21,600,digest,4,4,800,2.9483,39.5000,49.6667,2388,1057,1064,952,0,6,2,63,0.496477,13.9875,11.1900,40776,35290,50
19,1200,digest,1,8,800,6.2017,98.2500,98.5000,4740,2058,1814,1626,0,178,11,61292,0.506772,17.7037,3.5408,31569,1476,81
21,600,digest,4,8,800,2.9483,39.5000,49.6667,2388,1060,1061,957,0,6,2,147,0.497886,13.9875,11.1900,40686,35290,50
18,1200,source-routed,1,1,800,5.9933,97.5833,97.6667,4768,1721,2152,1322,368,148,0,7001,0.428003,19.4037,3.8807,37214,4013,112
19,1200,digest,4,1,800,6.2017,98.2500,98.5000,4746,2660,1347,2312,0,202,2,4964,0.631679,17.7037,14.1630,34008,1476,84
21,1200,source-routed,1,1,800,5.9117,98.3333,98.3333,4763,2204,1683,1687,475,215,1,5191,0.537168,18.5763,3.7153,35457,2950,91
18,1200,source-routed,1,2,800,5.9933,97.5833,97.6667,4764,1888,1999,1353,499,133,2,15510,0.469418,19.4037,3.8807,33961,4013,103
19,1200,digest,4,2,800,6.2017,98.2500,98.5000,4748,3536,635,3184,0,149,8,6951,0.817006,17.7037,14.1630,27749,1476,78
21,1200,source-routed,1,2,800,5.9117,98.3333,98.3333,4761,2377,1498,1667,663,218,10,12498,0.579332,18.5763,3.7153,32579,2950,86
18,1200,source-routed,1,4,800,5.9933,97.5833,97.6667,4762,1999,1888,1355,600,148,4,30241,0.494924,19.4037,3.8807,32568,4013,98
21,1200,source-routed,1,4,800,5.9117,98.3333,98.3333,4763,2483,1374,1649,782,221,14,23812,0.606794,18.5763,3.7153,31200,2950,86
19,1200,digest,4,4,800,6.2017,98.2500,98.5000,4748,4066,257,3699,0,123,13,5952,0.911864,17.7037,14.1630,24422,1476,74
18,1200,source-routed,1,8,800,5.9933,97.5833,97.6667,4761,2037,1833,1396,605,146,7,50100,0.506339,19.4037,3.8807,31978,4013,101
21,1200,source-routed,1,8,800,5.9117,98.3333,98.3333,4760,2499,1359,1658,792,212,21,39561,0.610853,18.5763,3.7153,30838,2950,84
19,1200,digest,4,8,800,6.2017,98.2500,98.5000,4749,4180,144,3775,0,119,12,10408,0.938272,17.7037,14.1630,24088,1476,73
18,1200,source-routed,4,1,800,5.9933,97.5833,97.6667,4770,2529,1449,1322,1156,128,0,5174,0.615928,19.4037,15.5230,35784,4013,108
21,1200,source-routed,4,1,800,5.9117,98.3333,98.3333,4766,2686,1316,1656,975,205,0,3512,0.638460,18.5763,14.8610,33404,2950,92
18,1200,source-routed,4,2,800,5.9933,97.5833,97.6667,4767,3306,810,1407,1836,109,5,7750,0.781560,19.4037,15.5230,29963,4013,93
21,1200,source-routed,4,2,800,5.9117,98.3333,98.3333,4763,3324,827,1657,1580,178,8,6146,0.766428,18.5763,14.8610,28482,2950,85
19,2000,source-routed,1,1,800,10.2020,100.0000,100.0000,7928,3674,2780,2845,767,333,2,13077,0.541170,33.9925,6.7985,53486,120,55
18,1200,source-routed,4,4,800,5.9933,97.5833,97.6667,4769,3696,527,1395,2232,93,6,12013,0.855160,19.4037,15.5230,27223,4013,94
21,1200,source-routed,4,4,800,5.9117,98.3333,98.3333,4762,3848,349,1652,2107,163,21,7180,0.878338,18.5763,14.8610,25455,2950,83
18,1200,source-routed,4,8,800,5.9933,97.5833,97.6667,4771,3794,474,1452,2274,94,6,19204,0.868590,19.4037,15.5230,26516,4013,92
21,1200,source-routed,4,8,800,5.9117,98.3333,98.3333,4763,4118,172,1651,2373,142,17,7411,0.925601,18.5763,14.8610,24269,2950,76
18,1200,digest,1,1,800,5.9933,97.5833,97.6667,4769,1904,1993,1581,0,151,0,7306,0.470356,19.4037,3.8807,38677,4013,114
19,2000,source-routed,1,2,800,10.2020,100.0000,100.0000,7924,3942,2534,2850,1016,325,2,26064,0.579450,33.9925,6.7985,47567,120,53
21,1200,digest,1,1,800,5.9117,98.3333,98.3333,4764,2417,1503,2108,0,220,1,6072,0.583675,18.5763,3.7153,37320,2950,91
18,1200,digest,1,2,800,5.9933,97.5833,97.6667,4763,2077,1827,1741,0,151,6,17399,0.511450,19.4037,3.8807,35858,4013,101
21,1200,digest,1,2,800,5.9117,98.3333,98.3333,4760,2613,1264,2137,0,228,11,14294,0.634840,18.5763,3.7153,34548,2950,93
18,1200,digest,1,4,800,5.9933,97.5833,97.6667,4764,2146,1749,1770,0,161,7,34262,0.528181,19.4037,3.8807,34481,4013,100
21,1200,digest,1,4,800,5.9117,98.3333,98.3333,4763,2643,1227,2137,0,221,20,29048,0.642909,18.5763,3.7153,33523,2950,91
19,2000,source-routed,1,4,800,10.2020,100.0000,100.0000,7918,4112,2392,2892,1142,323,3,47493,0.602050,33.9925,6.7985,45468,120,45
18,1200,digest,1,8,800,5.9933,97.5833,97.6667,4765,2172,1720,1794,0,166,9,57225,0.534055,19.4037,3.8807,34130,4013,100
21,1200,digest,1,8,800,5.9117,98.3333,98.3333,4762,2661,1217,2132,0,203,21,48747,0.648708,18.5763,3.7153,33368,2950,87
18,1200,digest,4,1,800,5.9933,97.5833,97.6667,4772,3164,954,2753,0,124,0,3631,0.745875,19.4037,15.5230,35864,4013,105
21,1200,digest,4,1,800,5.9117,98.3333,98.3333,4765,3182,969,2868,0,192,1,2578,0.732505,18.5763,14.8610,33756,2950,90
18,1200,digest,4,2,800,5.9933,97.5833,97.6667,4771,3778,505,3330,0,99,4,5526,0.861377,19.4037,15.5230,30016,4013,95
19,2000,source-routed,1,8,800,10.2020,100.0000,100.0000,7921,4152,2344,2909,1146,321,2,74466,0.608887,33.9925,6.7985,44371,120,45
21,1200,digest,4,2,800,5.9117,98.3333,98.3333,4765,4070,234,3675,0,161,14,2442,0.908685,18.5763,14.8610,28056,2950,83
18,1200,digest,4,4,800,5.9933,97.5833,97.6667,4771,3886,456,3497,0,89,6,10544,0.875817,19.4037,15.5230,27993,4013,96
21,1200,digest,4,4,800,5.9117,98.3333,98.3333,4766,4354,82,4058,0,129,18,387,0.950033,18.5763,14.8610,25086,2950,74
18,1200,digest,4,8,800,5.9933,97.5833,97.6667,4771,3884,458,3496,0,89,7,18724,0.875169,19.4037,15.5230,27658,4013,94
19,2000,source-routed,4,1,800,10.2020,100.0000,100.0000,7930,5334,1492,2758,2482,302,2,6698,0.748107,33.9925,27.1940,46882,120,52
21,1200,digest,4,8,800,5.9117,98.3333,98.3333,4766,4370,81,4068,0,121,15,917,0.952692,18.5763,14.8610,24729,2950,70
18,2000,source-routed,1,1,800,9.8640,99.8500,99.8500,7929,3301,3137,2494,735,324,0,13854,0.488169,29.4587,5.8918,54099,290,65
19,2000,source-routed,4,2,800,10.2020,100.0000,100.0000,7932,6407,663,2811,3472,240,2,7738,0.876231,33.9925,27.1940,37072,120,46
21,2000,source-routed,1,1,800,10.1295,99.7500,99.8000,7930,4224,2403,3244,882,297,2,11397,0.609876,35.0800,7.0160,52179,283,54
18,2000,source-routed,1,2,800,9.8640,99.8500,99.8500,7930,3463,2976,2552,828,327,1,29588,0.511748,29.4587,5.8918,49224,294,73
19,2000,source-routed,4,4,800,10.2020,100.0000,100.0000,7931,6981,250,2791,4064,192,2,9131,0.940202,33.9925,27.1940,32849,120,40
21,2000,source-routed,1,2,800,10.1295,99.7500,99.8000,7928,4452,2164,3338,1011,306,1,23296,0.643074,35.0800,7.0160,46505,283,51
18,2000,source-routed,1,4,800,9.8640,99.8500,99.8500,7926,3548,2865,2514,954,355,2,55876,0.524077,29.4587,5.8918,47420,290,58
19,2000,source-routed,4,8,800,10.2020,100.0000,100.0000,7933,7086,183,2825,4141,196,2,13154,0.948975,33.9925,27.1940,31922,120,37
21,2000,source-routed,1,4,800,10.1295,99.7500,99.8000,7926,4607,2016,3378,1109,313,4,42275,0.663833,35.0800,7.0160,44339,283,49
18,2000,source-routed,1,8,800,9.8640,99.8500,99.8500,7924,3580,2826,2490,994,370,4,87921,0.528024,29.4587,5.8918,46260,290,58
19,2000,digest,1,1,800,10.2020,100.0000,100.0000,7924,3878,2618,3483,0,331,1,14368,0.567955,33.9925,6.7985,55656,120,57
21,2000,source-routed,1,8,800,10.1295,99.7500,99.8000,7925,4656,1954,3343,1185,331,7,65252,0.670121,35.0800,7.0160,43478,283,41
18,2000,source-routed,4,1,800,9.8640,99.8500,99.8500,7940,5303,1535,2453,2729,275,0,6593,0.745536,29.4587,23.5670,47218,290,60
19,2000,digest,1,2,800,10.2020,100.0000,100.0000,7925,4138,2381,3658,0,313,2,30085,0.605502,33.9925,6.7985,50582,120,49
21,2000,source-routed,4,1,800,10.1295,99.7500,99.8000,7934,5577,1322,3103,2334,281,3,6339,0.776417,35.0800,28.0640,46320,283,45
18,2000,source-routed,4,2,800,9.8640,99.8500,99.8500,7941,6171,861,2537,3506,227,1,10600,0.850000,29.4587,23.5670,38659,290,47
19,2000,digest,1,4,800,10.2020,100.0000,100.0000,7923,4313,2211,3752,0,320,4,54550,0.629819,33.9925,6.7985,48376,120,52
21,2000,source-routed,4,2,800,10.1295,99.7500,99.8000,7934,6652,497,3154,3336,224,1,7456,0.902088,35.0800,28.0640,36413,283,42
18,2000,source-routed,4,4,800,9.8640,99.8500,99.8500,7939,6549,590,2487,3925,221,0,17625,0.889810,29.4587,23.5670,35605,290,47
19,2000,digest,1,8,800,10.2020,100.0000,100.0000,7919,4369,2157,3795,0,314,2,86451,0.638556,33.9925,6.7985,47515,120,49
21,2000,source-routed,4,4,800,10.1295,99.7500,99.8000,7936,7189,128,3257,3783,207,4,7976,0.954968,35.0800,28.0640,32269,283,34
18,2000,source-routed,4,8,800,9.8640,99.8500,99.8500,7940,6709,487,2542,4027,207,0,26881,0.906254,29.4587,23.5670,34554,290,45
19,2000,digest,4,1,800,10.2020,100.0000,100.0000,7931,5934,1049,5517,0,278,2,5333,0.817018,33.9925,27.1940,46908,120,53
21,2000,source-routed,4,8,800,10.1295,99.7500,99.8000,7933,7250,73,3262,3852,206,3,12043,0.962560,35.0800,28.0640,31399,283,32
18,2000,digest,1,1,800,9.8640,99.8500,99.8500,7930,3446,3017,3078,0,329,0,15319,0.507362,29.4587,5.8918,56135,290,70
19,2000,digest,4,2,800,10.2020,100.0000,100.0000,7934,7039,239,6524,0,206,3,4673,0.940163,33.9925,27.1940,36784,120,39
21,2000,digest,1,1,800,10.1295,99.7500,99.8000,7928,4437,2215,3992,0,299,2,12716,0.638142,35.0800,7.0160,54361,283,50
18,2000,digest,1,2,800,9.8640,99.8500,99.8500,7929,3579,2848,3140,0,367,2,33211,0.526633,29.4587,5.8918,51812,294,76
19,2000,digest,4,4,800,10.2020,100.0000,100.0000,7935,7365,26,6873,0,180,3,4566,0.972406,33.9925,27.1940,33011,120,36
21,2000,digest,1,2,800,10.1295,99.7500,99.8000,7925,4633,2013,4132,0,327,6,26697,0.663849,35.0800,7.0160,49188,283,53
18,2000,digest,1,4,800,9.8640,99.8500,99.8500,7926,3673,2743,3207,0,377,0,61217,0.540704,29.4587,5.8918,49839,290,59
19,2000,digest,4,8,800,10.2020,100.0000,100.0000,7934,7396,29,6901,0,178,4,7263,0.972262,33.9925,27.1940,32525,120,36
21,2000,digest,1,4,800,10.1295,99.7500,99.8000,7926,4741,1885,4201,0,361,5,47849,0.678061,35.0800,7.0160,47094,283,49
20,600,source-routed,1,1,800,3.0933,18.1667,18.8333,2381,439,1565,409,23,0,0,20,0.219062,12.0000,2.4000,53198,51399,61
20,600,source-routed,1,2,800,3.0933,18.1667,18.8333,2381,449,1561,418,24,1,0,0,0.223272,12.0000,2.4000,53011,51380,52
20,600,source-routed,1,4,800,3.0933,18.1667,18.8333,2381,452,1558,419,28,0,0,0,0.224876,12.0000,2.4000,52968,51380,52
20,600,source-routed,1,8,800,3.0933,18.1667,18.8333,2381,452,1558,419,28,0,0,0,0.224876,12.0000,2.4000,52965,51380,52
18,2000,digest,1,8,800,9.8640,99.8500,99.8500,7928,3722,2691,3236,0,391,3,97586,0.546790,29.4587,5.8918,48950,290,60
20,600,source-routed,4,1,800,3.0933,18.1667,18.8333,2381,440,1565,411,21,0,0,19,0.219451,12.0000,9.6000,53143,51399,61
20,600,source-routed,4,2,800,3.0933,18.1667,18.8333,2381,452,1559,414,30,1,0,0,0.224652,12.0000,9.6000,52932,51399,61
20,600,source-routed,4,4,800,3.0933,18.1667,18.8333,2381,454,1557,415,33,0,0,0,0.225758,12.0000,9.6000,52873,51399,61
20,600,source-routed,4,8,800,3.0933,18.1667,18.8333,2381,454,1557,414,35,0,0,1,0.225758,12.0000,9.6000,52871,51399,61
21,2000,digest,1,8,800,10.1295,99.7500,99.8000,7923,4767,1843,4232,0,374,8,74303,0.681779,35.0800,7.0160,46159,283,49
20,600,digest,1,1,800,3.0933,18.1667,18.8333,2381,454,1558,429,0,1,0,0,0.225534,12.0000,2.4000,53196,51380,52
20,600,digest,1,2,800,3.0933,18.1667,18.8333,2381,457,1555,430,0,1,0,0,0.227024,12.0000,2.4000,53059,51380,52
20,600,digest,1,4,800,3.0933,18.1667,18.8333,2381,457,1555,430,0,1,0,0,0.227024,12.0000,2.4000,53026,51380,52
20,600,digest,1,8,800,3.0933,18.1667,18.8333,2381,457,1555,430,0,1,0,1,0.227024,12.0000,2.4000,53021,51380,52
20,600,digest,4,1,800,3.0933,18.1667,18.8333,2381,455,1557,433,0,1,0,0,0.226031,12.0000,9.6000,53145,51380,52
18,2000,digest,4,1,800,9.8640,99.8500,99.8500,7942,5848,1146,5346,0,263,1,5500,0.805732,29.4587,23.5670,47234,290,57
20,600,digest,4,2,800,3.0933,18.1667,18.8333,2381,459,1553,440,0,1,0,0,0.228018,12.0000,9.6000,52964,51380,52
20,600,digest,4,4,800,3.0933,18.1667,18.8333,2381,460,1552,440,0,1,0,0,0.228515,12.0000,9.6000,52924,51380,52
20,600,digest,4,8,800,3.0933,18.1667,18.8333,2381,460,1552,440,0,1,0,0,0.228515,12.0000,9.6000,52919,51380,52
21,2000,digest,4,1,800,10.1295,99.7500,99.8000,7937,6308,808,5802,0,257,4,4489,0.855090,35.0800,28.0640,45848,283,46
20,1200,source-routed,1,1,800,5.9567,98.5833,98.6667,4754,1811,2097,1465,314,167,0,7120,0.444417,20.7775,4.1555,34141,1882,119
18,2000,digest,4,2,800,9.8640,99.8500,99.8500,7943,6615,590,6138,0,224,0,8608,0.890429,29.4587,23.5670,38723,290,46
20,1200,source-routed,1,2,800,5.9567,98.5833,98.6667,4745,1927,1995,1488,398,158,3,15602,0.471957,20.7775,4.1555,31309,1882,101
21,2000,digest,4,2,800,10.1295,99.7500,99.8000,7937,7237,113,6764,0,215,3,4130,0.956263,35.0800,28.0640,35927,283,41
20,1200,source-routed,1,4,800,5.9567,98.5833,98.6667,4745,2010,1882,1463,499,176,6,30467,0.493373,20.7775,4.1555,30257,1882,100
18,2000,digest,4,4,800,9.8640,99.8500,99.8500,7939,6809,486,6332,0,195,0,15214,0.909079,29.4587,23.5670,36020,290,41
20,1200,source-routed,1,8,800,5.9567,98.5833,98.6667,4743,2012,1852,1462,503,190,12,51882,0.494835,20.7775,4.1555,29862,1882,107
21,2000,digest,4,4,800,10.1295,99.7500,99.8000,7937,7438,7,7003,0,205,3,4757,0.971906,35.0800,28.0640,32641,283,34
20,1200,source-routed,4,1,800,5.9567,98.5833,98.6667,4753,2192,1776,1484,661,179,0,5572,0.528575,20.7775,16.6220,32503,1882,115
20,1200,source-routed,4,2,800,5.9567,98.5833,98.6667,4752,2667,1385,1516,1091,159,4,10515,0.632740,20.7775,16.6220,28383,1882,103
18,2000,digest,4,8,800,9.8640,99.8500,99.8500,7939,6821,472,6301,0,196,0,26190,0.910803,29.4587,23.5670,35669,290,41
19,600,source-routed,1,1,800,2.9233,16.0000,16.0000,2374,328,1630,265,59,2,0,102,0.167347,7.8137,1.5627,54000,51888,22
19,600,source-routed,1,2,800,2.9233,16.0000,16.0000,2373,328,1623,255,70,2,0,560,0.167947,7.8137,1.5627,53911,51888,20
20,1200,source-routed,4,4,800,5.9567,98.5833,98.6667,4751,3290,810,1453,1766,158,8,16085,0.771214,20.7775,16.6220,25880,1882,93
19,600,source-routed,1,4,800,2.9233,16.0000,16.0000,2373,328,1624,253,70,3,0,1243,0.167775,7.8137,1.5627,53910,51888,21
21,2000,digest,4,8,800,10.1295,99.7500,99.8000,7937,7464,8,7020,0,197,5,6471,0.972635,35.0800,28.0640,32058,283,33
19,600,source-routed,1,8,800,2.9233,16.0000,16.0000,2373,328,1624,253,70,3,0,2247,0.167775,7.8137,1.5627,53910,51888,21
22,600,source-routed,1,1,800,3.2750,19.8333,21.3333,2375,227,1715,180,41,12,0,221,0.116172,4.5325,0.9065,53828,50535,76
19,600,source-routed,4,1,800,2.9233,16.0000,16.0000,2374,375,1590,265,102,2,0,39,0.190646,7.8137,6.2510,53904,51888,22
22,600,source-routed,1,2,800,3.2750,19.8333,21.3333,2375,256,1687,192,58,14,0,583,0.130812,4.5325,0.9065,53293,50407,72
19,600,source-routed,4,2,800,2.9233,16.0000,16.0000,2374,415,1564,275,133,0,0,6,0.209702,7.8137,6.2510,53572,51888,20
20,1200,source-routed,4,8,800,5.9567,98.5833,98.6667,4752,3462,710,1497,1882,150,14,23655,0.798432,20.7775,16.6220,24637,1882,89
19,600,source-routed,4,4,800,2.9233,16.0000,16.0000,2374,413,1563,271,133,1,0,1,0.208902,7.8137,6.2510,53478,51888,20
22,600,source-routed,1,4,800,3.2750,19.8333,21.3333,2375,267,1677,193,66,14,0,1282,0.136364,4.5325,0.9065,53211,50425,71
19,600,source-routed,4,8,800,2.9233,16.0000,16.0000,2374,415,1563,269,137,2,0,0,0.209596,7.8137,6.2510,53477,51888,20
22,600,source-routed,1,8,800,3.2750,19.8333,21.3333,2375,267,1677,197,65,16,0,2372,0.136224,4.5325,0.9065,53165,50426,71
19,600,digest,1,1,800,2.9233,16.0000,16.0000,2374,328,1628,300,0,2,0,225,0.167518,7.8137,1.5627,54133,51888,22
22,600,source-routed,4,1,800,3.2750,19.8333,21.3333,2375,251,1702,185,58,12,0,184,0.127735,4.5325,3.6260,53758,50531,76
20,1200,digest,1,1,800,5.9567,98.5833,98.6667,4752,1993,1933,1793,0,170,0,7233,0.486572,20.7775,4.1555,35268,1882,117
19,600,digest,1,2,800,2.9233,16.0000,16.0000,2374,328,1625,290,0,3,0,809,0.167689,7.8137,1.5627,54091,51888,20
22,600,source-routed,4,2,800,3.2750,19.8333,21.3333,2374,330,1640,193,124,14,0,343,0.166331,4.5325,3.6260,53124,50402,69
19,600,digest,1,4,800,2.9233,16.0000,16.0000,2374,328,1625,289,0,4,0,1623,0.167603,7.8137,1.5627,54101,51888,20
22,600,source-routed,4,4,800,3.2750,19.8333,21.3333,2375,371,1608,205,153,15,0,646,0.186058,4.5325,3.6260,52995,50444,71
19,600,digest,1,8,800,2.9233,16.0000,16.0000,2374,328,1625,287,0,4,0,2915,0.167603,7.8137,1.5627,54088,51888,20
22,600,source-routed,4,8,800,3.2750,19.8333,21.3333,2375,384,1600,208,164,15,0,928,0.192096,4.5325,3.6260,52868,50415,70
19,600,digest,4,1,800,2.9233,16.0000,16.0000,2374,416,1563,393,0,2,0,0,0.209995,7.8137,6.2510,53927,51888,22
20,1200,digest,1,2,800,5.9567,98.5833,98.6667,4748,2067,1864,1747,0,161,5,16412,0.504515,20.7775,4.1555,32598,1882,104
22,600,digest,1,1,800,3.2750,19.8333,21.3333,2376,276,1677,231,0,11,0,185,0.140530,4.5325,0.9065,53978,50524,72
19,600,digest,4,2,800,2.9233,16.0000,16.0000,2374,417,1563,397,0,2,0,0,0.210394,7.8137,6.2510,53649,51888,20
22,600,digest,1,2,800,3.2750,19.8333,21.3333,2375,282,1670,231,0,12,0,605,0.143585,4.5325,0.9065,53521,50448,72
19,600,digest,4,4,800,2.9233,16.0000,16.0000,2374,419,1563,397,0,2,0,0,0.211190,7.8137,6.2510,53605,51888,20
22,600,digest,1,4,800,3.2750,19.8333,21.3333,2375,282,1665,225,0,16,0,1502,0.143658,4.5325,0.9065,53410,50423,72
19,600,digest,4,8,800,2.9233,16.0000,16.0000,2374,419,1563,397,0,2,0,0,0.211190,7.8137,6.2510,53602,51888,20
22,600,digest,1,8,800,3.2750,19.8333,21.3333,2375,283,1664,225,0,16,0,2816,0.144167,4.5325,0.9065,53378,50423,72
20,1200,digest,1,4,800,5.9567,98.5833,98.6667,4744,2109,1804,1760,0,178,7,33583,0.514641,20.7775,4.1555,31692,1882,105
22,600,digest,4,1,800,3.2750,19.8333,21.3333,2376,328,1650,269,0,11,0,139,0.164907,4.5325,3.6260,53930,50516,72
22,600,digest,4,2,800,3.2750,19.8333,21.3333,2376,419,1577,345,0,12,0,135,0.208665,4.5325,3.6260,53258,50389,72
19,1200,source-routed,1,1,800,6.2017,98.2500,98.5000,4744,1650,2199,1284,335,193,1,7500,0.408113,17.7037,3.5408,35248,1476,85
22,600,digest,4,4,800,3.2750,19.8333,21.3333,2375,435,1564,355,0,14,0,259,0.216095,4.5325,3.6260,53131,50420,71
20,1200,digest,1,8,800,5.9567,98.5833,98.6667,4746,2123,1795,1756,0,156,17,59148,0.518944,20.7775,4.1555,31587,1882,102
22,600,digest,4,8,800,3.2750,19.8333,21.3333,2375,436,1563,359,0,14,0,418,0.216592,4.5325,3.6260,53089,50420,71
19,1200,source-routed,1,2,800,6.2017,98.2500,98.5000,4743,1839,2011,1345,457,190,8,16225,0.454298,17.7037,3.5408,31385,1476,81
20,1200,digest,4,1,800,5.9567,98.5833,98.6667,4753,2619,1443,2372,0,167,0,4754,0.619295,20.7775,16.6220,33001,1882,114
22,1200,source-routed,1,1,800,6.3325,99.4167,99.4167,4746,2374,1560,1784,541,196,2,5316,0.574540,22.0162,4.4032,33113,920,58
19,1200,source-routed,1,4,800,6.2017,98.2500,98.5000,4737,1929,1924,1384,508,191,7,31332,0.476179,17.7037,3.5408,30029,1476,79
20,1200,digest,4,2,800,5.9567,98.5833,98.6667,4752,3464,723,3108,0,140,8,7081,0.799077,20.7775,16.6220,28264,1882,98
22,1200,source-routed,1,2,800,6.3325,99.4167,99.4167,4745,2523,1416,1778,688,181,8,11984,0.611192,22.0162,4.4032,29591,920,55
19,1200,source-routed,1,8,800,6.2017,98.2500,98.5000,4738,1975,1873,1338,596,181,12,53426,0.488740,17.7037,3.5408,29683,1476,77
20,1200,digest,4,4,800,5.9567,98.5833,98.6667,4755,3940,401,3636,0,121,7,8629,0.881629,20.7775,16.6220,25424,1882,91
22,1200,source-routed,1,4,800,6.3325,99.4167,99.4167,4743,2647,1274,1803,784,205,7,22618,0.640455,22.0162,4.4032,27901,920,48
19,1200,source-routed,4,1,800,6.2017,98.2500,98.5000,4743,2093,1841,1303,739,192,0,6215,0.507271,17.7037,14.1630,33843,1476,84
20,1200,digest,4,8,800,5.9567,98.5833,98.6667,4755,3983,365,3700,0,122,14,13965,0.888269,20.7775,16.6220,24864,1882,90
22,1200,source-routed,1,8,800,6.3325,99.4167,99.4167,4745,2654,1233,1814,774,226,11,37116,0.643550,22.0162,4.4032,27557,920,48
19,1200,source-routed,4,2,800,6.2017,98.2500,98.5000,4744,2739,1255,1338,1327,197,7,11038,0.652454,17.7037,14.1630,28401,1476,77
22,1200,source-routed,4,1,800,6.3325,99.4167,99.4167,4749,2898,1190,1834,982,166,1,3502,0.681081,22.0162,17.6130,30941,920,57
19,1200,source-routed,4,4,800,6.2017,98.2500,98.5000,4744,3297,809,1409,1821,164,8,16316,0.770687,17.7037,14.1630,25440,1476,80
22,1200,source-routed,4,2,800,6.3325,99.4167,99.4167,4749,3545,657,1823,1635,135,7,5394,0.816068,22.0162,17.6130,25374,920,47
20,2000,source-routed,1,1,800,10.1240,99.8500,99.9000,7934,3608,2886,2706,836,336,1,13560,0.528180,29.1250,5.8250,53639,208,54
19,1200,source-routed,4,8,800,6.2017,98.2500,98.5000,4745,3515,600,1395,2047,165,15,23412,0.818393,17.7037,14.1630,24437,1476,78
22,1200,source-routed,4,4,800,6.3325,99.4167,99.4167,4748,4060,226,1854,2111,123,11,6612,0.918552,22.0162,17.6130,22564,920,48
22,1200,digest,1,1,800,6.3325,99.4167,99.4167,4747,2558,1398,2252,0,199,2,5825,0.615348,22.0162,4.4032,34594,920,61
22,1200,source-routed,4,8,800,6.3325,99.4167,99.4167,4746,4195,118,1827,2270,110,16,8628,0.945033,22.0162,17.6130,21852,920,46
23,600,digest,4,1,800,3.3717,35.3333,40.1667,2371,745,1262,657,0,4,0,500,0.370462,9.3475,7.4780,41879,34680,41
20,2000,source-routed,1,2,800,10.1240,99.8500,99.9000,7926,3835,2663,2781,975,343,3,28004,0.560345,29.1250,5.8250,48371,208,56
22,1200,digest,1,2,800,6.3325,99.4167,99.4167,4745,2799,1170,2427,0,191,10,13008,0.671223,22.0162,4.4032,31172,920,57
23,600,digest,4,2,800,3.3717,35.3333,40.1667,2371,907,1123,787,0,3,0,661,0.446139,9.3475,7.4780,40642,34651,26
23,600,digest,4,4,800,3.3717,35.3333,40.1667,2372,1026,1028,946,0,3,7,62,0.497093,9.3475,7.4780,40074,34651,26
23,600,digest,4,8,800,3.3717,35.3333,40.1667,2372,1030,1028,948,0,2,7,112,0.498307,9.3475,7.4780,40014,34651,26
22,1200,digest,1,4,800,6.3325,99.4167,99.4167,4743,2833,1119,2502,0,224,10,25084,0.676780,22.0162,4.4032,29820,920,54
23,1200,source-routed,1,1,800,6.3517,98.9167,98.9167,4742,2659,1311,2103,498,195,1,3891,0.638262,27.1737,5.4347,30561,1164,71
22,1200,digest,1,8,800,6.3325,99.4167,99.4167,4741,2837,1124,2482,0,212,10,41985,0.678221,22.0162,4.4032,29701,920,51
20,2000,source-routed,1,4,800,10.1240,99.8500,99.9000,7927,3892,2597,2768,1039,340,3,51426,0.569672,29.1250,5.8250,46496,208,48
23,1200,source-routed,1,2,800,6.3517,98.9167,98.9167,4744,2909,1130,2241,592,164,0,8437,0.692125,27.1737,5.4347,26864,1164,62
22,1200,digest,4,1,800,6.3325,99.4167,99.4167,4749,3408,790,3007,0,163,2,2784,0.781114,22.0162,17.6130,31626,920,58
23,1200,source-routed,1,4,800,6.3517,98.9167,98.9167,4738,2998,1035,2257,656,161,0,16747,0.714831,27.1737,5.4347,25578,1164,59
22,1200,digest,4,2,800,6.3325,99.4167,99.4167,4749,4199,142,3777,0,121,15,2616,0.937905,22.0162,17.6130,25448,920,48
20,2000,source-routed,1,8,800,10.1240,99.8500,99.9000,7932,3929,2545,2803,1051,369,3,79808,0.573912,29.1250,5.8250,45695,208,51
23,1200,source-routed,1,8,800,6.3517,98.9167,98.9167,4740,3024,996,2270,671,167,1,30128,0.722063,27.1737,5.4347,25550,1164,57
22,1200,digest,4,4,800,6.3325,99.4167,99.4167,4750,4447,23,4102,0,106,13,959,0.969056,22.0162,17.6130,22554,920,46
23,1200,source-routed,4,1,800,6.3517,98.9167,98.9167,4743,2866,1171,2121,674,198,0,3585,0.676741,27.1737,21.7390,29583,1164,70
22,1200,digest,4,8,800,6.3325,99.4167,99.4167,4749,4454,24,4126,0,100,13,1912,0.970159,22.0162,17.6130,22299,920,45
23,1200,source-routed,4,2,800,6.3517,98.9167,98.9167,4742,3475,690,2201,1177,167,0,5898,0.802170,27.1737,21.7390,24565,1164,60
20,2000,source-routed,4,1,800,10.1240,99.8500,99.9000,7940,5166,1623,2697,2374,314,2,7331,0.727094,29.1250,23.3000,47398,208,57
23,1200,source-routed,4,4,800,6.3517,98.9167,98.9167,4743,4022,285,2235,1669,137,0,6412,0.905041,27.1737,21.7390,21772,1164,60
22,2000,source-routed,1,1,800,10.1365,99.8500,99.9000,7921,4299,2339,3290,906,283,1,9589,0.621063,42.8438,8.5687,51917,288,60
23,1200,source-routed,4,8,800,6.3517,98.9167,98.9167,4745,4200,134,2254,1838,121,2,8246,0.942338,27.1737,21.7390,21093,1164,54
20,2000,source-routed,4,2,800,10.1240,99.8500,99.9000,7938,6184,853,2772,3292,264,2,10870,0.846775,29.1250,23.3000,38641,208,42
23,1200,digest,1,1,800,6.3517,98.9167,98.9167,4748,2978,1070,2678,0,179,0,3879,0.704519,27.1737,5.4347,31666,1164,70
22,2000,source-routed,1,2,800,10.1365,99.8500,99.9000,7917,4624,2029,3351,1152,269,1,21570,0.667919,42.8438,8.5687,46309,288,53
23,1200,digest,1,2,800,6.3517,98.9167,98.9167,4742,3094,971,2734,0,154,1,10038,0.733175,27.1737,5.4347,28681,1164,65
20,2000,source-routed,4,4,800,10.1240,99.8500,99.9000,7939,6739,432,2846,3771,242,8,15589,0.908099,29.1250,23.3000,34938,208,43
23,1200,digest,1,4,800,6.3517,98.9167,98.9167,4743,3150,922,2805,0,153,1,21023,0.745386,27.1737,5.4347,27934,1164,61
23,1200,digest,1,8,800,6.3517,98.9167,98.9167,4743,3169,903,2820,0,160,2,35947,0.748465,27.1737,5.4347,27741,1164,60
22,2000,source-routed,1,4,800,10.1365,99.8500,99.9000,7920,4803,1828,3389,1291,278,7,38969,0.694477,42.8438,8.5687,43668,288,56
20,2000,source-routed,4,8,800,10.1240,99.8500,99.9000,7938,6880,333,2812,3949,230,6,21313,0.923614,29.1250,23.3000,33585,208,41
23,1200,digest,4,1,800,6.3517,98.9167,98.9167,4746,3475,709,3200,0,172,0,2403,0.797750,27.1737,21.7390,29829,1164,70
23,1200,digest,4,2,800,6.3517,98.9167,98.9167,4748,4204,184,3926,0,119,2,2139,0.932358,27.1737,21.7390,24206,1164,60
22,2000,source-routed,1,8,800,10.1365,99.8500,99.9000,7918,4852,1800,3405,1308,291,9,60745,0.697929,42.8438,8.5687,42946,288,47
23,1200,digest,4,4,800,6.3517,98.9167,98.9167,4748,4456,30,4180,0,106,1,814,0.970172,27.1737,21.7390,21892,1164,56
20,2000,digest,1,1,800,10.1240,99.8500,99.9000,7936,3797,2717,3457,0,356,2,14632,0.552532,29.1250,5.8250,55537,208,60
23,1200,digest,4,8,800,6.3517,98.9167,98.9167,4748,4458,30,4187,0,104,1,1492,0.970607,27.1737,21.7390,21670,1164,56
22,2000,source-routed,4,1,800,10.1365,99.8500,99.9000,7926,5682,1226,3147,2406,259,2,4545,0.792579,42.8438,34.2750,46379,288,55
20,2000,digest,1,2,800,10.1240,99.8500,99.9000,7924,3933,2536,3526,0,384,3,31122,0.573658,29.1250,5.8250,50748,208,55
23,2000,source-routed,1,1,800,10.4950,99.8000,99.8000,7908,4305,2296,3244,960,275,1,9098,0.626000,37.7000,7.5400,51236,428,66
22,2000,source-routed,4,2,800,10.1365,99.8500,99.9000,7924,6670,477,3213,3304,206,5,6440,0.906496,42.8438,34.2750,36825,288,40
20,2000,digest,1,4,800,10.1240,99.8500,99.9000,7934,3982,2498,3580,0,381,3,57414,0.580128,29.1250,5.8250,49114,208,55
23,2000,source-routed,1,2,800,10.4950,99.8000,99.8000,7906,4618,1989,3325,1186,283,3,20393,0.669955,37.7000,7.5400,45619,431,68
22,2000,source-routed,4,4,800,10.1365,99.8500,99.9000,7922,7036,227,3264,3613,189,6,8908,0.943416,42.8438,34.2750,32927,288,38
20,2000,digest,1,8,800,10.1240,99.8500,99.9000,7929,4000,2471,3559,0,394,5,90368,0.582242,29.1250,5.8250,48293,208,54
23,2000,source-routed,1,4,800,10.4950,99.8000,99.8000,7900,4765,1882,3302,1341,270,4,38221,0.688484,37.7000,7.5400,43542,428,52
22,2000,source-routed,4,8,800,10.1365,99.8500,99.9000,7924,7069,241,3259,3646,176,3,14444,0.943918,42.8438,34.2750,32157,288,36
20,2000,digest,4,1,800,10.1240,99.8500,99.9000,7941,5779,1174,5326,0,304,1,5571,0.796225,29.1250,23.3000,46921,208,52
23,2000,source-routed,1,8,800,10.4950,99.8000,99.8000,7896,4767,1834,3279,1368,277,7,60754,0.692375,37.7000,7.5400,42672,431,67
22,2000,digest,1,1,800,10.1365,99.8500,99.9000,7919,4623,2006,4132,0,308,3,11157,0.666138,42.8438,8.5687,54819,288,63
20,2000,digest,4,2,800,10.1240,99.8500,99.9000,7940,6748,444,6291,0,244,6,7947,0.906745,29.1250,23.3000,38184,208,42
23,2000,source-routed,4,1,800,10.4950,99.8000,99.8000,7911,5516,1338,3088,2304,262,1,5181,0.775046,37.7000,30.1600,46745,428,68
22,2000,digest,1,2,800,10.1365,99.8500,99.9000,7919,4960,1733,4436,0,281,6,25178,0.710602,42.8438,8.5687,49421,288,57
20,2000,digest,4,4,800,10.1240,99.8500,99.9000,7938,7000,306,6549,0,222,4,11692,0.929368,29.1250,23.3000,34788,208,41
23,2000,source-routed,4,2,800,10.4950,99.8000,99.8000,7905,6578,473,3105,3328,224,2,7202,0.903944,37.7000,30.1600,37284,428,56
22,2000,digest,1,4,800,10.1365,99.8500,99.9000,7918,5069,1631,4530,0,302,3,44926,0.723626,42.8438,8.5687,46851,288,54
20,2000,digest,4,8,800,10.1240,99.8500,99.9000,7939,7035,280,6575,0,222,5,18388,0.932776,29.1250,23.3000,34218,208,40
23,600,source-routed,1,8,800,3.3717,35.3333,40.1667,2369,666,1305,505,148,4,0,6938,0.337215,9.3475,1.8695,40547,34651,28
23,600,source-routed,4,1,800,3.3717,35.3333,40.1667,2372,628,1348,501,114,4,0,615,0.317172,9.3475,7.4780,41697,34680,44
23,2000,source-routed,4,4,800,10.4950,99.8000,99.8000,7909,7078,153,3136,3784,190,7,9003,0.952881,37.7000,30.1600,33117,428,48
23,600,source-routed,4,2,800,3.3717,35.3333,40.1667,2371,761,1249,513,234,2,0,1304,0.378231,9.3475,7.4780,40490,34651,34
23,600,source-routed,4,4,800,3.3717,35.3333,40.1667,2371,831,1197,519,290,4,0,2375,0.408957,9.3475,7.4780,40009,34677,29
22,2000,digest,1,8,800,10.1365,99.8500,99.9000,7920,5085,1579,4562,0,328,9,68919,0.726325,42.8438,8.5687,45854,288,53
23,600,source-routed,4,8,800,3.3717,35.3333,40.1667,2371,915,1119,516,380,3,1,3435,0.448970,9.3475,7.4780,39846,34651,28
23,600,digest,1,1,800,3.3717,35.3333,40.1667,2371,643,1333,563,0,4,0,724,0.324747,9.3475,1.8695,42102,34680,41
23,600,digest,1,2,800,3.3717,35.3333,40.1667,2370,674,1306,574,0,3,0,1929,0.339889,9.3475,1.8695,41289,34651,29
23,600,digest,1,4,800,3.3717,35.3333,40.1667,2370,695,1279,555,0,5,0,4558,0.351187,9.3475,1.8695,41122,34651,27
23,600,digest,1,8,800,3.3717,35.3333,40.1667,2369,699,1274,567,0,5,0,8565,0.353387,9.3475,1.8695,41072,34651,27
23,2000,source-routed,4,8,800,10.4950,99.8000,99.8000,7908,7239,64,3158,3914,176,3,11589,0.967522,37.7000,30.1600,31897,428,44
22,2000,digest,4,1,800,10.1365,99.8500,99.9000,7924,6395,673,5881,0,262,2,3222,0.872204,42.8438,34.2750,46607,288,49
23,2000,digest,1,8,800,10.4950,99.8000,99.8000,7901,4897,1729,4349,0,297,9,70406,0.706434,37.7000,7.5400,45601,431,66
23,2000,digest,1,1,800,10.4950,99.8000,99.8000,7908,4532,2111,4125,0,285,1,10377,0.654063,37.7000,7.5400,53334,431,79
22,2000,digest,4,2,800,10.1365,99.8500,99.9000,7925,7062,271,6583,0,191,6,4304,0.937849,42.8438,34.2750,36849,288,42
23,2000,digest,4,1,800,10.4950,99.8000,99.8000,7911,6178,811,5703,0,261,3,3916,0.851785,37.7000,30.1600,46782,428,66
23,2000,digest,1,2,800,10.4950,99.8000,99.8000,7906,4801,1838,4362,0,295,5,23061,0.691886,37.7000,7.5400,48049,431,77
22,2000,digest,4,4,800,10.1365,99.8500,99.9000,7923,7167,209,6702,0,191,2,7800,0.946889,42.8438,34.2750,34010,288,40
23,2000,digest,4,2,800,10.4950,99.8000,99.8000,7911,7050,181,6557,0,218,3,4885,0.946055,37.7000,30.1600,37187,428,52
23,2000,digest,1,4,800,10.4950,99.8000,99.8000,7899,4887,1747,4362,0,298,4,44284,0.704585,37.7000,7.5400,46209,428,56
22,2000,digest,4,8,800,10.1365,99.8500,99.9000,7924,7194,199,6693,0,183,1,13133,0.949452,42.8438,34.2750,33574,288,40
23,600,source-routed,1,1,800,3.3717,35.3333,40.1667,2372,592,1378,473,107,5,0,698,0.299747,9.3475,1.8695,41864,34680,42
23,600,source-routed,1,2,800,3.3717,35.3333,40.1667,2371,631,1341,502,118,3,0,1776,0.319494,9.3475,1.8695,40943,34651,34
23,600,source-routed,1,4,800,3.3717,35.3333,40.1667,2371,658,1315,499,145,4,0,3862,0.332828,9.3475,1.8695,40654,34651,29
23,2000,digest,4,4,800,10.4950,99.8000,99.8000,7911,7347,46,6856,0,171,2,6430,0.971055,37.7000,30.1600,33602,428,44
23,2000,digest,4,8,800,10.4950,99.8000,99.8000,7911,7381,34,6890,0,173,5,8956,0.972080,37.7000,30.1600,32820,428,44
