protocol,n,seed,originated,delivered,resolved,unresolved,unresolved_share,completion_rate,delivered_per_originated,stall_rate,delivered_per_slot_used,ceiling_utilisation,delivery_latency_mean,delivery_latency_p95,ack_latency_mean,first_hop_latency_mean,satellite,dropped_loop,dropped_ttl,blocked,stall_no_belief,belief_hops_mean,delivered_hops_mean,gossip_redundant_share,mpr_share
dv-dtn,100,0,199,16,125,74,0.37185929648241206,0.128,0.08040201005025126,0.993634917026597,0.5714285714285714,0.016666666666666666,7.375,15,10.5625,4.6,109,0,0,0,4371,1.7402190923317684,0.75,,
dv-dtn,200,0,396,24,255,141,0.3560606060606061,0.09411764705882353,0.06060606060606061,0.9952019638473555,0.5581395348837209,0.018726591760299626,7.5,15,11.208333333333334,4.8125,231,0,0,0,8919,1.7993697478991597,0.7916666666666666,,
dv-dtn,400,0,789,104,519,270,0.34220532319391633,0.2003853564547206,0.13181242078580482,0.9814679346500853,0.34210526315789475,0.04385964912280702,12.817307692307692,30,21.223300970873787,5.5,415,0,0,0,16100,3.0092464170134074,1.9326923076923077,,
dv-dtn,600,0,1186,388,856,330,0.2782462057335582,0.4532710280373832,0.327150084317032,0.8650122716116717,0.15676767676767678,0.09273422562141492,27.012886597938145,100,33.947976878612714,9.309090909090909,464,4,0,17,15831,6.0356599371005375,3.1288659793814433,,
dv-dtn,800,0,1585,840,1217,368,0.23217665615141955,0.6902218570254725,0.5299684542586751,0.6558686345920388,0.155959896026736,0.12594458438287154,37.03928571428571,125,42.69846153846154,9.405017921146953,369,8,0,258,9940,5.916950352989558,3.619047619047619,,
dv-dtn,1200,0,2376,1608,1931,445,0.18728956228956228,0.8327291558777835,0.6767676767676768,0.14615662215806569,0.13592561284868976,0.17195654033706903,43.03358208955224,130,51.136538461538464,6.987438313144908,263,58,2,734,1250,6.5117873981997425,4.208955223880597,,
dv-dtn,1600,0,3170,2184,2581,589,0.18580441640378548,0.8461836497481596,0.6889589905362776,0.11532571563199434,0.14540612516644474,0.1667277390985709,44.44184981684982,130,51.14847809948033,7.149268617021277,282,115,0,1694,229,6.1690850366370995,4.1401098901098905,,
dv-dtn,2000,0,3956,2883,3274,682,0.1723963599595551,0.8805742211362249,0.7287664307381193,0.0799384348997162,0.15071357624549114,0.19458693304535638,43.8366285119667,125,50.485611510791365,6.496958476593494,280,111,0,1506,122,5.996733613735442,4.219909816163718,,
dv-dtn,3000,0,5947,4177,4842,1105,0.18580797040524635,0.8626600578273441,0.7023709433327728,0.09658631289435371,0.14960601719197708,0.21399442600106564,46.62892027771127,130,54.77502295684114,6.6672507446994915,503,162,0,2910,52,5.7949771437545365,4.088101508259516,,
dv-dtn,100,1,196,10,133,63,0.32142857142857145,0.07518796992481203,0.05102040816326531,0.9976019184652278,0.9090909090909091,0.006446621970087674,5.4,15,5.8,6,123,0,0,0,4576,1.1591836734693877,0.1,,
dv-dtn,200,1,395,18,257,138,0.3493670886075949,0.07003891050583658,0.04556962025316456,0.9973764757324005,0.75,0.008311784263021796,12,75,13.333333333333334,4.333333333333333,239,0,0,0,9123,1.3104294478527607,0.2777777777777778,,
dv-dtn,400,1,793,72,511,282,0.35561160151324084,0.14090019569471623,0.09079445145018916,0.989007843361768,0.375,0.01827782290820471,11.027777777777779,30,17.492957746478872,4.87037037037037,439,0,0,0,17262,2.517252396166134,1.5972222222222223,,
dv-dtn,600,1,1192,346,839,353,0.2961409395973154,0.4123957091775924,0.2902684563758389,0.9034014905407988,0.17111770524233433,0.07262804366078925,39.164739884393065,115,45.62626262626262,8.675392670157068,488,5,0,26,18864,5.402716341660955,4.115606936416185,,
dv-dtn,800,1,1587,566,1108,479,0.3018273471959672,0.5108303249097473,0.35664776307498425,0.7432676753259111,0.10489251297257228,0.1059290312921096,53.36219081272085,140,54.940298507462686,9.824919441460795,527,15,0,433,15138,7.536826846812351,4.773851590106007,,
dv-dtn,1200,1,2384,1298,1802,582,0.24412751677852348,0.7203107658157603,0.5444630872483222,0.20453622207176714,0.11047748744574007,0.14405575779099708,51.81664098613251,140,59.08898305084746,7.809651474530831,425,79,0,1810,1163,6.916563190224498,4.197996918335901,,
dv-dtn,1600,1,3178,1928,2508,670,0.21082441787287604,0.7687400318979266,0.6066708621774701,0.16345518608236076,0.12688384336952946,0.1693843126229969,50.46784232365145,135,60.03836530442035,7.54003294892916,484,96,0,2384,538,6.493819475322366,4.161307053941909,,
dv-dtn,2000,1,3962,2399,3113,849,0.21428571428571427,0.7706392547381946,0.6055022715800101,0.1548656662772936,0.12753176332996652,0.17928673920841803,49.791996665277196,135,57.339985218034,7.3481112277019935,582,131,1,3173,228,6.307531273278364,4.1867444768653606,,
dv-dtn,3000,1,5946,4081,4818,1128,0.18970736629667004,0.8470319634703196,0.6863437605112681,0.10722929936305736,0.1455784254271751,0.22232512529962956,48.67728497917177,135,58.18304431599229,6.717231737154841,592,145,0,3259,70,5.890903455098999,4.166625827003186,,
dv-dtn,100,2,199,6,124,75,0.3768844221105528,0.04838709677419355,0.03015075376884422,0.9986687375194142,1,0.00625,4.333333333333333,10,4.333333333333333,0,118,0,0,0,4501,1.0656370656370657,0,,
dv-dtn,200,2,398,34,252,146,0.36683417085427134,0.1349206349206349,0.08542713567839195,0.9908384552939812,0.43037974683544306,0.02125,13.323529411764707,25,19.558823529411764,9.25,218,0,0,0,8544,2.4061538461538463,1.411764705882353,,
dv-dtn,400,2,793,152,527,266,0.3354350567465322,0.2884250474383302,0.19167717528373265,0.9599895568174401,0.24796084828711257,0.05329593267882188,24.49342105263158,80,32.01574803149607,5.4630872483221475,375,0,0,6,14696,3.9204808136846974,2.736842105263158,,
dv-dtn,600,2,1192,293,820,372,0.31208053691275167,0.3573170731707317,0.24580536912751677,0.9236751847736824,0.18544303797468353,0.07043269230769231,29.341296928327644,120,36.661654135338345,9.599455040871934,527,0,0,191,18926,4.762048597127131,2.832764505119454,,
dv-dtn,800,2,1585,650,1152,433,0.273186119873817,0.5642361111111112,0.41009463722397477,0.6885360980614503,0.11269070735090153,0.11284722222222222,44.62615384615385,140,51.44736842105263,10.540462427745664,499,3,0,366,12351,7.229237445753255,3.853846153846154,,
dv-dtn,1200,2,2383,1185,1782,601,0.2522031053294167,0.664983164983165,0.49727234578262697,0.20397848765632087,0.09645909645909646,0.15012161751292186,48.62194092827004,135,56.139627659574465,7.979436745641484,515,77,5,1821,1273,7.610765792312055,4.110548523206751,,
dv-dtn,1600,2,3174,1697,2409,765,0.24102079395085066,0.7044416770444167,0.5346565847511027,0.16377119742778612,0.10524031007751938,0.19462794751812093,53.22687094873306,140,59.73799582463466,7.5810276679841895,566,146,0,2728,386,6.953400024300352,4.265763111373011,,
dv-dtn,2000,2,3960,2429,3117,843,0.2128787878787879,0.779274943856272,0.6133838383838384,0.14740689175078314,0.12395386813635435,0.20712531550583257,50.51543845203788,135,57.536265432098766,7.215546772068511,553,132,3,3038,316,6.49123371815261,4.350349938246191,,
dv-dtn,3000,2,5950,3912,4728,1222,0.2053781512605042,0.8274111675126904,0.6574789915966387,0.11922360248447206,0.13793589788794472,0.21365840870363087,49.910787321063395,135,55.77270673294171,7.143406113537118,657,158,1,3735,73,6.023773987660148,4.1280674846625764,,
dv-dtn,100,3,196,6,124,72,0.3673469387755102,0.04838709677419355,0.030612244897959183,0.9982773471145564,0.75,0.009375,9.666666666666666,35,11.666666666666666,17.5,118,0,0,0,4636,1.280701754385965,0.3333333333333333,,
dv-dtn,200,3,397,6,246,151,0.380352644836272,0.024390243902439025,0.015113350125944584,0.9991497502391328,0.75,0.009375,6.666666666666667,15,8.333333333333334,4.5,240,0,0,0,9401,1.3164556962025316,0.3333333333333333,,
dv-dtn,400,3,793,61,508,285,0.3593947036569987,0.12007874015748031,0.07692307692307693,0.9890363207016755,0.3128205128205128,0.026972055182171915,13.98360655737705,40,23.233333333333334,5.375,447,0,0,0,17580,3.20007908264136,2.2295081967213113,,
dv-dtn,600,3,1191,159,781,410,0.34424853064651556,0.20358514724711907,0.13350125944584382,0.9275814868679956,0.0939161252215003,0.0496875,47.45283018867924,140,40.55084745762712,10.865942028985508,617,5,0,107,21558,7.846522131887985,3.880503144654088,,
dv-dtn,800,3,1584,385,1094,490,0.30934343434343436,0.35191956124314444,0.24305555555555555,0.8815052041633307,0.12387387387387387,0.07382267218898604,31.137662337662338,110,38.57058823529412,8.081739130434782,701,8,0,196,22899,7.485677196019039,3.496103896103896,,
dv-dtn,1200,3,2369,1199,1777,592,0.24989447024060785,0.674732695554305,0.5061207260447447,0.1924055857467153,0.10212947189097103,0.14332504542411784,47.215179316096744,140,51.56926952141058,7.485752448797863,501,75,2,1954,785,7.439155411331345,4.28023352793995,,
dv-dtn,1600,3,3171,1750,2428,743,0.23431094292021445,0.7207578253706755,0.5518763796909493,0.13201373243214243,0.10815153575180768,0.19168419207851384,45.82742857142857,135,54.054162487462385,7.238850346878097,560,117,1,2131,294,7.048831945679412,4.335428571428571,,
dv-dtn,2000,3,3949,2195,3059,890,0.22537351228159028,0.7175547564563582,0.5558369207394277,0.16870766608352394,0.11844377293330455,0.1958282777817429,46.870615034168566,135,55.12488849241748,7.331660945339319,711,153,0,3554,162,6.448102194006522,4.035535307517084,,
dv-dtn,3000,3,5948,3864,4739,1209,0.20326160053799597,0.8153618906942393,0.6496301277740417,0.12908193732910078,0.13944424395525082,0.20329994107248084,48.63509316770186,135,55.49318403115871,6.96319018404908,716,158,1,4024,45,5.943151246754019,4.078933747412008,,
dv-dtn,100,4,198,3,117,81,0.4090909090909091,0.02564102564102564,0.015151515151515152,0.9993657505285413,1,0.006625441696113074,4.666666666666667,10,4.666666666666667,0,114,0,0,0,4727,1,0,,
dv-dtn,200,4,396,24,253,143,0.3611111111111111,0.09486166007905138,0.06060606060606061,0.99376026272578,0.42105263157894735,0.01687289088863892,30.625,130,35.708333333333336,41.526315789473685,229,0,0,0,9078,1.9315068493150684,1.0416666666666667,,
dv-dtn,400,4,795,104,519,276,0.3471698113207547,0.2003853564547206,0.13081761006289308,0.9726856203007519,0.22365591397849463,0.03633314700950251,35.31730769230769,120,39.144444444444446,24.65137614678899,415,0,0,0,16540,3.8013538141109087,2.923076923076923,,
dv-dtn,600,4,1191,272,807,384,0.3224181360201511,0.33705080545229243,0.22837951301427373,0.9196039244186046,0.1536723163841808,0.06268436578171091,43.705882352941174,125,49.08968609865471,15.88955223880597,531,4,0,32,20196,5.607704160246533,3.849264705882353,,
dv-dtn,800,4,1581,399,1074,507,0.3206831119544592,0.3715083798882682,0.2523719165085389,0.6029099231649502,0.05475504322766571,0.08306962025316457,52.43358395989975,140,54.3202614379085,12.242844752818733,662,13,0,1122,9899,9.951363740545496,4.290726817042606,,
dv-dtn,1200,4,2376,1343,1799,577,0.24284511784511784,0.7465258476931629,0.5652356902356902,0.16210045662100458,0.11089092560482207,0.1729065815222989,51.95681310498883,140,59.405105438401776,7.793580026749889,379,77,0,1727,587,6.918760652012411,4.178704393149665,,
dv-dtn,1600,4,3169,1914,2504,665,0.20984537709056486,0.7643769968051118,0.6039760176711897,0.12370575161272834,0.11840395917104857,0.18042986425339366,51.5564263322884,135,58.247956403269754,7.3587028457974855,472,117,1,2055,200,6.675342399379805,4.378787878787879,,
dv-dtn,2000,4,3967,2553,3185,782,0.19712629190824302,0.8015698587127159,0.6435593647592639,0.11780760626398212,0.1294821727443323,0.17570060012112537,49.890716803760284,135,57.4019801980198,7.1959798994974875,499,131,2,2463,136,6.2542999435231295,4.282804543674109,,
dv-dtn,3000,4,5948,4115,4836,1112,0.18695359784801613,0.8509098428453267,0.6918291862811029,0.09531659071075338,0.14701679171132548,0.2155804694048617,45.82357229647631,125,55.82323912068192,6.713560804899387,547,171,3,2873,62,5.876033865328819,4.144106925880924,,
dv-dtn,100,5,197,16,124,73,0.37055837563451777,0.12903225806451613,0.08121827411167512,0.9947941315664931,0.7272727272727273,0.01,6.0625,20,7.875,6,108,0,0,0,4204,1.3718354430379747,0.375,,
dv-dtn,200,5,397,31,252,145,0.36523929471032746,0.12301587301587301,0.07808564231738035,0.9933925723399407,0.5344827586206896,0.012109374999999999,7.709677419354839,20,11.483870967741936,5.733333333333333,221,0,0,0,8720,1.8511146496815287,0.8709677419354839,,
dv-dtn,400,5,793,132,531,262,0.33039092055485497,0.24858757062146894,0.1664564943253468,0.9636531365313653,0.2233502538071066,0.04370860927152318,23.78030303030303,75,32.31481481481482,9,399,0,0,0,15663,4.2191375161947064,3.1515151515151514,,
dv-dtn,600,5,1190,296,814,376,0.31596638655462184,0.36363636363636365,0.24873949579831933,0.8319349627390693,0.09178294573643411,0.061258278145695365,46.520270270270274,140,45.00406504065041,18.700544464609802,511,7,0,131,15792,7.409088481871096,3.550675675675676,,
dv-dtn,800,5,1588,574,1142,446,0.28085642317380355,0.5026269702276708,0.3614609571788413,0.5980915596955583,0.0811192764273601,0.08577405857740586,43.26829268292683,135,49.924528301886795,8.600892857142858,545,22,1,698,9811,8.614009518821305,4.393728222996516,,
dv-dtn,1200,5,2383,1124,1794,589,0.24716743600503566,0.6265328874024526,0.4716743600503567,0.20385564672136613,0.0941767909509845,0.12153979238754327,44.7153024911032,125,53.73266078184111,8.292553191489361,589,80,1,2252,761,8.01032108828551,3.9626334519572954,,
dv-dtn,1600,5,3172,1738,2436,736,0.23203026481715006,0.7134646962233169,0.5479192938209332,0.14392072844134973,0.10874053682037164,0.14066951566951566,50.18066743383199,140,59.13632286995516,7.667434968719131,575,123,0,2489,169,7.058462409511869,4.3193325661680095,,
dv-dtn,2000,5,3971,2404,3080,891,0.22437673130193905,0.7805194805194805,0.605389070763032,0.13926024955436722,0.12446285270515144,0.15481710458526532,52.55698835274542,140,58.35928143712575,7.5055438225976765,537,138,1,2997,106,6.40094260874032,4.267054908485857,,
dv-dtn,3000,5,5953,3910,4800,1153,0.1936838568788846,0.8145833333333333,0.6568116915840753,0.12792245997584617,0.13883957105319225,0.17947635135135137,48.25217391304348,135,56.18674966651845,7.135310635310636,738,152,0,4056,50,5.914849446538419,4.078772378516624,,
dv-dtn,100,6,199,0,122,77,0.3869346733668342,0,0,1,0,0,0,0,0,0,122,0,0,0,4828,0,0,,
dv-dtn,200,6,398,6,247,151,0.3793969849246231,0.024291497975708502,0.01507537688442211,0.9991432855001071,0.75,0.009375,6,10,7.666666666666667,5,241,0,0,0,9330,1.3347280334728033,0.3333333333333333,,
dv-dtn,400,6,798,61,512,286,0.3583959899749373,0.119140625,0.07644110275689223,0.9834892044798522,0.21328671328671328,0.02293233082706767,33.868852459016395,95,37.92857142857143,22.43859649122807,450,1,0,0,17025,3.770857362552864,2.8688524590163933,,
dv-dtn,600,6,1196,204,786,410,0.342809364548495,0.2595419847328244,0.1705685618729097,0.9139269710279959,0.10515463917525773,0.047082717872968985,46.05882352941177,140,49.39156626506024,14.926517571884984,582,0,0,11,20544,7.0693908373888235,4.294117647058823,,
dv-dtn,800,6,1592,553,1114,478,0.30025125628140703,0.4964093357271095,0.3473618090452261,0.5539492242595205,0.07285902503293808,0.09875,59.19529837251356,140,64.44339622641509,9.989941324392289,532,28,1,910,8466,8.74417206886189,4.533453887884268,,
dv-dtn,1200,6,2378,1462,1871,507,0.21320437342304457,0.7814003206841261,0.6148023549201009,0.13858971753708593,0.11496422112133364,0.19957409631975537,54.30506155950752,135,62.786867599569426,7.481302243730752,319,90,0,1267,734,7.0019282516096,4.728454172366621,,
dv-dtn,1600,6,3180,2122,2552,628,0.19748427672955976,0.8315047021943573,0.6672955974842767,0.11051782635296736,0.1326913456728364,0.23939530685920576,47.81526861451461,130,58.6383701188455,6.942988204456094,337,92,1,1595,369,6.424175646769181,4.421300659754948,,
dv-dtn,2000,6,3965,2754,3226,739,0.18638083228247163,0.8536887786732796,0.694577553593947,0.0969579108209474,0.14120904476234425,0.22252747252747254,48.42265795206972,130,58.70013568521031,6.9418238993710695,337,135,0,1904,155,6.146097800106374,4.315541031227306,,
dv-dtn,3000,6,5952,4300,4929,1023,0.171875,0.8723879082978292,0.7224462365591398,0.08231619873163576,0.14932629531879427,0.266828832406672,48.42418604651163,130,58.85806451612903,6.5731643811838225,467,162,0,2467,85,5.891206811576962,4.263255813953489,,
dv-dtn,100,7,197,0,129,68,0.34517766497461927,0,0,1,0,0,0,0,0,0,129,0,0,0,4782,0,0,,
dv-dtn,200,7,398,2,255,143,0.3592964824120603,0.00784313725490196,0.005025125628140704,0.9997887398331045,1,0.009025270758122744,4.5,10,4.5,0,253,0,0,0,9465,1,0,,
dv-dtn,400,7,797,41,524,273,0.342534504391468,0.07824427480916031,0.05144291091593475,0.9901934077907927,0.22777777777777777,0.0640625,28.24390243902439,65,39.125,9.342105263157896,483,0,0,0,18175,4.207908927501498,3.3658536585365852,,
dv-dtn,600,7,1195,205,821,374,0.3129707112970711,0.2496954933008526,0.17154811715481172,0.938946148433296,0.13898305084745763,0.128125,39.86829268292683,100,53.15862068965517,12.408560311284047,615,1,0,28,22643,6.046698704554952,4.658536585365853,,
dv-dtn,800,7,1589,398,1116,473,0.2976714915040906,0.35663082437275984,0.250471994965387,0.8471882165481326,0.10122075279755849,0.10066774585188183,49.608040201005025,140,58.28086419753087,12.622832369942197,709,9,0,308,21460,7.202345366750977,3.9849246231155777,,
dv-dtn,1200,7,2384,1032,1763,621,0.26048657718120805,0.5853658536585366,0.43288590604026844,0.14773793880232777,0.07577092511013216,0.14591109602986088,57.68313953488372,140,61.79066478076379,8.226190476190476,598,131,2,1493,822,8.733646716101696,4.770348837209302,,
dv-dtn,1600,7,3173,1747,2439,734,0.23132682004412228,0.7162771627716277,0.5505830444374409,0.14435091755110574,0.10674569228889161,0.19805459822238344,51.72925014310246,135,59.6656976744186,7.64089121887287,555,137,0,2465,266,6.947428377526783,4.412707498568976,,
dv-dtn,2000,7,3975,2538,3163,812,0.20427672955974843,0.8024027821688271,0.6384905660377358,0.1360079605590484,0.13286566851638573,0.21621345328153754,49.99211977935382,135,56.63960113960114,7.339439937189217,497,128,0,2826,159,6.234998685079825,4.2718676122931445,,
dv-dtn,3000,7,5960,4067,4842,1118,0.18758389261744968,0.8399421726559273,0.6823825503355705,0.12706313017789483,0.1496045613389737,0.22430947758559833,44.59134497172363,130,54.00483325277912,6.9275741710296685,618,157,0,3861,68,5.7438813118874945,3.981313007130563,,
dv-dtn,100,8,200,11,127,73,0.365,0.08661417322834646,0.055,0.9962095875139353,0.6470588235294118,0.015260821309655937,14.636363636363637,95,17.454545454545453,5,116,0,0,0,4468,1.576555023923445,0.5454545454545454,,
dv-dtn,200,8,400,21,250,150,0.375,0.084,0.0525,0.9954909254875437,0.525,0.018472906403940885,18.19047619047619,100,21.952380952380953,20.428571428571427,229,0,0,0,8831,1.8456549935149158,0.9047619047619048,,
dv-dtn,400,8,792,128,524,268,0.3383838383838384,0.24427480916030533,0.16161616161616163,0.9684026476832771,0.25296442687747034,0.052857614800132145,30.359375,105,41.41129032258065,12.71311475409836,396,0,0,1,15481,3.7635596625150662,2.8046875,,
dv-dtn,600,8,1193,295,815,378,0.316848281642917,0.3619631901840491,0.24727577535624476,0.8784856700232377,0.11752988047808766,0.10226012201885745,44.159322033898306,135,45.13333333333333,18.056053811659194,504,16,0,50,18034,6.663213097979023,4.240677966101695,,
dv-dtn,800,8,1588,636,1143,445,0.28022670025188917,0.5564304461942258,0.4005037783375315,0.6544427210281409,0.10195575504969541,0.1653150343106675,46.9937106918239,140,52.147751605995715,12.439285714285715,481,26,0,533,11245,8.064009161570137,4.485849056603773,,
dv-dtn,1200,8,2379,1157,1757,622,0.2614543926019336,0.6585088218554354,0.48633879781420764,0.17174908129714395,0.09005993617186892,0.2702260837070254,51.916162489196196,140,58.861068702290076,7.669885864793678,505,95,0,1884,725,7.617442687530777,4.742437337942956,,
dv-dtn,1600,8,3172,1919,2494,678,0.2137452711223203,0.7694466720128308,0.6049810844892812,0.14357187025690032,0.12595996061700032,0.24076583358426182,47.73788431474726,135,56.607321131447584,7.481020942408377,470,105,0,2409,115,6.439493161705551,4.144346013548724,,
dv-dtn,2000,8,3963,2575,3206,757,0.1910169063840525,0.8031815346225827,0.6497602826141812,0.13171235448742025,0.139204238296032,0.2632708980860461,47.11067961165048,130,56.57468184862692,7.384896785994251,503,128,0,2674,110,6.107922481017853,4.155339805825243,,
dv-dtn,3000,8,5948,4007,4815,1133,0.19048419636852723,0.8321910695742472,0.6736718224613315,0.12841582266386398,0.14642256815025945,0.24382971473079545,45.716745695033694,130,55.46039366298608,6.882281130101151,636,172,0,3945,49,5.827445652173913,4.054404791614674,,
dv-dtn,100,9,198,6,130,68,0.3434343434343434,0.046153846153846156,0.030303030303030304,0.9982754904074154,0.75,0.009375,6.166666666666667,10,7.5,6,124,0,0,0,4631,1.3235294117647058,0.3333333333333333,,
dv-dtn,200,9,395,23,260,135,0.34177215189873417,0.08846153846153847,0.05822784810126582,0.995353982300885,0.5476190476190477,0.021170839469808543,10.826086956521738,15,14.347826086956522,9.25,237,0,0,0,8994,1.8074398249452954,0.8260869565217391,,
dv-dtn,400,9,792,216,569,223,0.2815656565656566,0.37961335676625657,0.2727272727272727,0.9387085514834206,0.2460136674259681,0.05475562766173191,27.49074074074074,80,37.56716417910448,9.62,353,0,0,0,13447,4.061243355673677,3,,
dv-dtn,600,9,1184,408,834,350,0.2956081081081081,0.4892086330935252,0.34459459459459457,0.8221671302454953,0.13872832369942195,0.07141856882789525,46.23039215686274,140,48.759530791788855,9.191972076788831,425,1,0,263,13298,6.151941211451874,3.5784313725490198,,
dv-dtn,800,9,1580,717,1167,413,0.26139240506329114,0.6143958868894601,0.45379746835443036,0.41262276140958987,0.088148512417015,0.1133776091081594,48.84937238493724,135,54.833333333333336,9.637801204819278,426,24,0,709,4927,8.122086124401914,4.140864714086471,,
dv-dtn,1200,9,2380,1237,1805,575,0.2415966386554622,0.6853185595567867,0.5197478991596639,0.20588620870477192,0.10210482872472142,0.15082422941865004,48.42118027485853,140,54.85730994152047,8.151785714285714,499,67,2,1982,1090,7.216174644854371,4.145513338722716,,
dv-dtn,1600,9,3168,1963,2522,646,0.2039141414141414,0.7783505154639175,0.6196338383838383,0.13072462197170887,0.1223891763825675,0.1951913133402275,46.341823739174735,130,56.5270979020979,7.086627140974967,458,100,1,2074,299,6.70498831493271,4.2954661232806925,,
dv-dtn,2000,9,3963,2680,3205,758,0.1912692404743881,0.8361934477379095,0.6762553620994196,0.09346659263372203,0.13679052674561046,0.18398506151142355,47.13955223880597,135,53.769911504424776,7.075992637391533,396,128,1,1904,90,6.195158801800244,4.282089552238806,,
dv-dtn,3000,9,5944,4192,4868,1076,0.1810228802153432,0.8611339359079704,0.7052489905787349,0.10268862159902237,0.15024551091358732,0.1925550288465072,46.37881679389313,130,54.12982605006364,6.782006313574184,556,120,0,3103,56,5.821319779725591,4.125715648854962,,
dv-dtn,100,10,200,0,130,70,0.35,0,0,1,0,0,0,0,0,0,130,0,0,0,4855,0,0,,
dv-dtn,200,10,400,8,256,144,0.36,0.03125,0.02,0.9987355110642782,0.6666666666666666,0.012499999999999999,6.625,10,9.125,5.25,248,0,0,0,9478,1.5,0.5,,
dv-dtn,400,10,799,52,518,281,0.35168961201501875,0.10038610038610038,0.06508135168961202,0.9899229074889868,0.28415300546448086,0.05416666666666667,19.115384615384617,45,27.6,14.215686274509803,466,0,0,0,17977,3.379821958456973,2.4038461538461537,,
dv-dtn,600,10,1193,232,819,374,0.3134953897736798,0.28327228327228327,0.1944677284157586,0.870238152283291,0.08567208271787297,0.0854449027695934,35.47844827586207,125,40.37433155080214,19.278372591006423,581,6,0,145,17957,7.777615990469257,3.336206896551724,,
dv-dtn,800,10,1593,525,1141,452,0.2837413684871312,0.4601226993865031,0.3295668549905838,0.6373501781665047,0.07815989280928987,0.15543581241117954,47.05714285714286,140,49.421652421652425,14.065800865800865,547,67,2,714,11028,9.161202912926717,4.247619047619048,,
dv-dtn,1200,10,2389,1424,1881,508,0.21264127249895354,0.7570441254651781,0.5960652992884052,0.11689059500959698,0.10316597841049047,0.24722222222222223,53.826544943820224,140,59.380108991825615,7.416849495392716,333,118,6,950,837,7.9367560099475,4.962780898876405,,
dv-dtn,1600,10,3177,1839,2525,652,0.20522505508341202,0.7283168316831683,0.5788479697828139,0.17554081027134916,0.12032977818491133,0.22494862511008906,46.141381185426866,135,55.55555555555556,7.767746156362447,539,145,2,3052,174,6.505555017278687,4.0679717237629145,,
dv-dtn,2000,10,3978,2636,3240,738,0.18552036199095023,0.8135802469135802,0.6626445449974862,0.11586175326161596,0.136481308895102,0.24707558488302336,46.090667678300456,135,53.65716429107277,6.881922675026123,477,127,0,2336,164,6.2218181584956005,4.147951441578149,,
dv-dtn,3000,10,5955,3981,4839,1116,0.18740554156171285,0.8226906385616863,0.6685138539042821,0.12502713262426746,0.14108516142750824,0.29499377556464523,46.51042451645315,130,55.34038997214485,7.02884949600278,699,158,1,3937,61,5.9882334437156475,4.085405676965586,,
dv-dtn,100,11,196,7,122,74,0.37755102040816324,0.05737704918032787,0.03571428571428571,0.9972652689152234,0.5833333333333334,0.010937500000000001,6.714285714285714,15,9.428571428571429,5,115,0,0,0,4376,1.7413249211356467,0.7142857142857143,,
dv-dtn,200,11,398,11,248,150,0.3768844221105528,0.04435483870967742,0.02763819095477387,0.9974602473498233,0.4782608695652174,0.013297872340425532,8.090909090909092,20,11.727272727272727,5.142857142857143,237,0,0,0,9021,1.866913123844732,0.9090909090909091,,
dv-dtn,400,11,795,25,495,300,0.37735849056603776,0.050505050505050504,0.031446540880503145,0.9963407973784817,0.373134328358209,0.021287465940054498,10.32,20,16.2,5.5,470,0,0,0,18217,2.570306362922231,1.4,,
dv-dtn,600,11,1193,173,774,419,0.3512154233025985,0.2235142118863049,0.14501257334450965,0.9495801864900215,0.14476987447698744,0.06973556917123508,41.26011560693642,125,44.75182481751825,20.574380165289256,601,0,0,11,22460,5.371682450602128,3.5491329479768785,,
dv-dtn,800,11,1593,556,1115,478,0.30006277463904585,0.49865470852017935,0.3490269930947897,0.6577761475581638,0.08513244526106263,0.12305240793201133,56.76978417266187,145,57.74611398963731,9.484905660377358,527,32,0,650,11850,8.159882869692533,4.6852517985611515,,
dv-dtn,1200,11,2387,1071,1723,664,0.27817343946376205,0.6215902495647128,0.44868035190615835,0.1392859352762824,0.07699496764917325,0.15610424440298507,56.34827264239029,140,62.80917159763314,7.796409807355516,535,115,2,1545,674,8.454389230989547,4.636788048552755,,
dv-dtn,1600,11,3182,1789,2442,740,0.23255813953488372,0.7325962325962326,0.5622250157133878,0.15575550729134346,0.10957981134386867,0.18946454291281878,52.788708775852434,135,62.09368836291913,7.641286511322613,523,130,0,2615,356,6.982134160200006,4.609837898267188,,
dv-dtn,2000,11,3972,2494,3145,827,0.2082074521651561,0.7930047694753577,0.6278952668680765,0.12100342075256554,0.12941054379410544,0.2092001073681385,46.247794707297516,130,56.91329479768786,7.1427824267782425,511,139,1,2467,157,6.435986759649066,4.215316760224539,,
dv-dtn,3000,11,5952,3984,4807,1145,0.192372311827957,0.8287913459538173,0.6693548387096774,0.12202531645569625,0.14359861591695502,0.23579545454545459,46.89533132530121,135,55.684128630705395,7.0198744769874475,659,163,1,3771,49,5.966870551082172,4.119226907630522,,
dv-dtn,100,12,197,4,124,73,0.37055837563451777,0.03225806451612903,0.02030456852791878,0.9987445072190835,0.6666666666666666,0.012499999999999999,7.25,15,10,4.5,120,0,0,0,4773,1.5063291139240507,0.5,,
dv-dtn,200,12,394,9,245,149,0.37817258883248733,0.036734693877551024,0.02284263959390863,0.9984889368591473,0.6428571428571429,0.013066202090592335,7.666666666666667,15,10.88888888888889,5.666666666666667,236,0,0,0,9251,1.5670886075949366,0.6666666666666666,,
dv-dtn,400,12,791,24,501,290,0.3666245259165613,0.04790419161676647,0.03034134007585335,0.9968259091887239,0.4067796610169492,0.026019080659150044,8.541666666666666,20,13.666666666666666,5.318181818181818,477,0,0,0,18521,2.293643688451209,1.25,,
dv-dtn,600,12,1185,263,799,386,0.32573839662447257,0.32916145181476847,0.2219409282700422,0.7987742594484167,0.07026449372161368,0.10124730520480443,50.965779467680605,135,57.395348837209305,12.605042016806722,531,5,0,406,14397,8.837419174768572,4.129277566539924,,
dv-dtn,800,12,1586,413,1078,508,0.3203026481715006,0.38311688311688313,0.2604035308953342,0.5175609468154182,0.05053224030343815,0.14699601366742598,56.31476997578692,140,62.30847457627119,10.95617529880478,625,39,1,931,7788,9.95565749235474,4.675544794188862,,
dv-dtn,1200,12,2381,1102,1734,647,0.27173456530869383,0.635524798154556,0.4628307433851323,0.18042697902890614,0.08467803903488551,0.20522943980929675,57.73230490018149,140,62.518167456556085,7.9740431148262205,565,67,0,1934,896,8.06049303701088,4.492740471869329,,
dv-dtn,1600,12,3176,1693,2395,781,0.24590680100755669,0.7068893528183716,0.5330604534005038,0.13619963920625378,0.09821324979696021,0.24627603863609915,56.79326639102185,140,64.04615384615384,7.564605822701996,572,129,1,2145,532,7.42597554440493,4.508564678086238,,
dv-dtn,2000,12,3967,2260,3060,907,0.22863624905470128,0.738562091503268,0.5697000252079657,0.1382439398457802,0.11172631995254104,0.2344009293063392,52.2641592920354,130,61.84456780333069,7.352619233776387,655,143,2,3026,185,6.707514547285896,4.221681415929203,,
dv-dtn,3000,12,5941,3908,4675,1266,0.21309543847837065,0.8359358288770053,0.6578017168826796,0.11949723539897872,0.13410198339166837,0.2732867132867133,53.38306038894575,135,59.361293582617485,6.95712044622625,581,186,0,3849,69,6.087537350544691,4.359007164790174,,
dv-dtn,100,13,198,15,129,69,0.3484848484848485,0.11627906976744186,0.07575757575757576,0.9947271893626777,0.6521739130434783,0.021234428086070213,7,15,10.733333333333333,4.9,114,0,0,0,4339,1.6786324786324787,0.6666666666666666,,
dv-dtn,200,13,393,38,254,139,0.35368956743002544,0.14960629921259844,0.09669211195928754,0.989014841650111,0.40425531914893614,0.022134203168685928,11.5,30,17.263157894736842,7.357142857142857,216,0,0,0,8463,2.390501319261214,1.4736842105263157,,
dv-dtn,400,13,791,138,537,254,0.3211125158027813,0.2569832402234637,0.17446270543615677,0.9739436177560118,0.3325301204819277,0.04063604240282685,16.94927536231884,85,23.290076335877863,21.939393939393938,399,0,0,0,15510,2.7271518145544364,1.6521739130434783,,
dv-dtn,600,13,1190,350,839,351,0.2949579831932773,0.4171632896305125,0.29411764705882354,0.8926504481434059,0.16698473282442747,0.08529927861181517,41.177142857142854,130,48.489208633093526,9.5675057208238,488,1,0,86,17321,5.326470588235294,3.6942857142857144,,
dv-dtn,800,13,1581,646,1172,409,0.25869702719797594,0.5511945392491467,0.40860215053763443,0.6206158601830936,0.10122218740206831,0.11667389105620576,45.87925696594427,130,51.888429752066116,13.576198630136986,490,36,0,695,9664,8.046510532020168,4.13312693498452,,
dv-dtn,1200,13,2388,1363,1850,538,0.22529313232830822,0.7367567567567568,0.5707705192629816,0.18114864864864866,0.11246802541463817,0.19338819523269016,52.41526045487895,135,56.840673575129536,7.536400178651183,408,78,1,1462,1182,7.183652285300971,4.374908290535584,,
dv-dtn,1600,13,3171,1858,2437,734,0.2314727215389467,0.7624128026261797,0.5859350362661621,0.1567172148654421,0.11764705882352941,0.21025710664493932,55.115177610333696,140,59.57786885245902,7.3456992777413,495,84,0,2609,301,6.712017719001851,4.491388589881593,,
dv-dtn,2000,13,3971,2379,3120,851,0.21430370183832786,0.7625,0.599093427348275,0.13026384763236065,0.11948769462581617,0.2135700948003447,49.78478352248844,135,56.470367591897976,7.225510738606601,572,168,1,2816,118,6.646214560716788,4.373266078184111,,
dv-dtn,3000,13,5955,4149,4865,1090,0.18303946263643997,0.8528263103802672,0.6967254408060454,0.11124435888534734,0.14732618421987076,0.263221336852256,50.225114485418175,135,56.142563046834795,6.953763253954459,540,176,0,3427,70,5.959554508496487,4.234514340805013,,
dv-dtn,100,14,197,8,128,69,0.350253807106599,0.0625,0.04060913705583756,0.9974386339381003,0.6666666666666666,0.010266940451745381,6.625,15,9.375,5,120,0,0,0,4665,1.4371584699453552,0.5,,
dv-dtn,200,14,397,22,253,144,0.36272040302267,0.08695652173913043,0.055415617128463476,0.9947760364565966,0.46808510638297873,0.02133436772692009,7.818181818181818,20,12.227272727272727,4.823529411764706,231,0,0,0,8943,2.1536842105263156,1.0454545454545454,,
dv-dtn,400,14,790,166,537,253,0.320253164556962,0.3091247672253259,0.21012658227848102,0.946152848060205,0.2,0.07410714285714286,29.198795180722893,85,44.24657534246575,8.467455621301776,371,0,0,0,14575,4.987494789495623,3.746987951807229,,
dv-dtn,600,14,1186,401,866,320,0.26981450252951095,0.4630484988452656,0.33811129848229343,0.8895184135977338,0.18694638694638693,0.1253125,28.374064837905237,90,43.429022082018925,6.827354260089686,451,14,0,22,17224,5.1776053454036,3.947630922693267,,
dv-dtn,800,14,1584,820,1221,363,0.22916666666666666,0.6715806715806716,0.5176767676767676,0.6199280004881322,0.13164231818911543,0.1573292402148887,41.47195121951219,115,50.7901023890785,8.568523430592396,356,44,1,224,9911,6.48117303881182,4.103658536585366,,
dv-dtn,1200,14,2375,1347,1882,493,0.20757894736842106,0.7157279489904357,0.5671578947368421,0.1731288840853823,0.11004002940936199,0.17299393814856673,45.33110616184113,135,56.00842358604091,7.759679572763685,447,87,1,1526,998,7.5483401506047345,4.016332590942836,,
dv-dtn,1600,14,3171,1929,2507,664,0.20939766635130874,0.7694455524531313,0.6083254493850521,0.11903853491033956,0.11934665594258492,0.2072767127997937,49.11664074650078,135,56.38544474393531,7.233979625369701,431,145,2,2021,141,6.847094825915638,4.386210471747019,,
dv-dtn,2000,14,3955,2448,3130,825,0.20859671302149177,0.7821086261980831,0.6189633375474084,0.12580964375674708,0.12595832261384102,0.2510460251046025,48.384803921568626,135,55.87295401402962,7.14641173389209,530,151,1,2678,94,6.587078958353402,4.290849673202614,,
dv-dtn,3000,14,5939,3937,4808,1131,0.19043610035359487,0.8188435940099834,0.6629062131671999,0.12083373049915802,0.1422840621611854,0.21127591980423302,44.487934975869955,135,53.82727272727273,6.8916973845883795,704,166,1,3706,67,5.870868444996216,3.9494538989077976,,
dv-dtn,100,15,200,1,116,84,0.42,0.008620689655172414,0.005,0.9997868258367086,1,0.04807692307692307,133,135,133,0,115,0,0,0,4690,1,0,,
dv-dtn,200,15,399,12,243,156,0.39097744360902253,0.04938271604938271,0.03007518796992481,0.998241178410465,0.75,0.013333333333333332,11.416666666666666,55,14.5,6,231,0,0,0,9081,1.5098468271334793,0.5,,
dv-dtn,400,15,797,87,514,283,0.35508155583437895,0.16926070038910507,0.10915934755332497,0.9836882377365206,0.31636363636363635,0.04782321899736148,13.931034482758621,30,21.53488372093023,9.297619047619047,427,0,0,0,16568,3.1092348284960423,1.9080459770114941,,
dv-dtn,600,15,1188,309,818,370,0.3114478114478115,0.37775061124694376,0.2601010101010101,0.8884347198845877,0.1331896551724138,0.11913942011104256,33.84789644012945,125,43.295719844357976,11.540201005025125,509,0,0,19,18439,6.6263168226133615,4.229773462783172,,
dv-dtn,800,15,1584,537,1143,441,0.2784090909090909,0.46981627296587924,0.3390151515151515,0.737669119392357,0.09717698154180239,0.14063482086737902,49.167597765363126,140,53.11807228915663,16.942857142857143,586,20,0,421,15090,7.435897435897436,4.264432029795159,,
dv-dtn,1200,15,2382,1178,1805,577,0.24223341729638959,0.6526315789473685,0.4945424013434089,0.1928927680798005,0.09099335702147382,0.17872314601286562,54.68421052631579,140,61.504672897196265,8.179064587973274,540,86,1,1990,1061,8.11052084025057,4.438030560271647,,
dv-dtn,1600,15,3169,1568,2375,794,0.25055222467655414,0.6602105263157895,0.49479331019248973,0.16202621684788132,0.09507063602740556,0.19448303234768805,52.640306122448976,135,62.29478458049886,7.63003300330033,676,129,2,2809,336,7.427043030376769,4.246173469387755,,
dv-dtn,2000,15,3975,2285,3091,884,0.22238993710691823,0.7392429634422517,0.5748427672955975,0.16319353998437092,0.1185473411154345,0.20343660968660968,48.306345733041574,135,55.14980988593156,7.606553079947576,658,145,3,3523,208,6.4780222255110775,4.035010940919038,,
dv-dtn,3000,15,5955,3635,4684,1271,0.21343408900083963,0.7760461144321094,0.6104114189756508,0.1487549535695274,0.12628543635352973,0.20559024478530386,49.01568088033012,135,54.80453400503778,7.422167746454211,901,147,1,4918,86,6.223749904313139,4.13837689133425,,
dv-dtn,100,16,199,4,123,76,0.38190954773869346,0.032520325203252036,0.020100502512562814,0.9986993279861262,0.6666666666666666,0.012499999999999999,6,10,9,4.5,119,0,0,0,4607,1.4968944099378882,0.5,,
dv-dtn,200,16,398,4,253,145,0.36432160804020103,0.015810276679841896,0.010050251256281407,0.9993584946006628,0.6666666666666666,0.017421602787456445,6.75,10,9.5,6,249,0,0,0,9347,1.4820143884892085,0.5,,
dv-dtn,400,16,795,25,519,276,0.3471698113207547,0.04816955684007707,0.031446540880503145,0.996431660899654,0.3787878787878788,0.026041666666666668,10.76,25,17.3,5.1,494,0,0,0,18428,2.696142991533396,1.56,,
dv-dtn,600,16,1196,75,780,416,0.34782608695652173,0.09615384615384616,0.06270903010033445,0.9829662373294719,0.16778523489932887,0.053388382687927116,19.226666666666667,65,29.647058823529413,5.7,705,0,0,19,25762,4.9437009690816796,3.12,,
dv-dtn,800,16,1591,522,1144,447,0.2809553739786298,0.4562937062937063,0.32809553739786296,0.5272503840245776,0.06784507408370159,0.18858381502890173,57.808429118773944,145,62.781931464174455,9.806502775574941,583,39,0,1127,7395,9.142886717456111,4.609195402298851,,
dv-dtn,1200,16,2385,1387,1839,546,0.2289308176100629,0.7542142468733007,0.5815513626834381,0.21197225776042017,0.11851661967017005,0.21671875,54.97332372025955,135,63.364367816091956,7.771084337349397,398,54,0,1762,1346,6.836204711043506,4.366979091564528,,
dv-dtn,1600,16,3172,1909,2480,692,0.21815889029003782,0.769758064516129,0.601828499369483,0.19162830532062947,0.12640709839756323,0.21476464764647646,51.03771608171818,135,60.737132352941174,7.630585898709037,488,81,2,2696,830,6.3810272579167915,4.229963331587219,,
dv-dtn,2000,16,3973,2616,3180,793,0.19959728165114524,0.8226415094339623,0.6584445003775484,0.13134070333469816,0.13700638944170943,0.2580899763220205,49.28019877675841,135,61.26825741142444,7.076418067226891,444,120,0,2339,519,6.206618162636458,4.282110091743119,,
dv-dtn,3000,16,5960,4168,4914,1046,0.175503355704698,0.8481888481888482,0.6993288590604027,0.10927868852459022,0.1534214304118968,0.22938405318540042,44.45369481765835,130,53.91135972461274,6.844278000348371,602,144,0,3246,65,5.740941267394508,3.9455374280230324,,
dv-dtn,100,17,198,4,125,73,0.3686868686868687,0.032,0.020202020202020204,0.9991471215351813,1,0.0062499999999999995,4.75,10,4.75,0,121,0,0,0,4686,1,0,,
dv-dtn,200,17,398,14,251,147,0.3693467336683417,0.055776892430278883,0.035175879396984924,0.9980626412657411,0.7777777777777778,0.00875,6.714285714285714,20,7.461538461538462,4.25,237,0,0,0,9273,1.431095406360424,0.42857142857142855,,
dv-dtn,400,17,796,59,508,288,0.36180904522613067,0.11614173228346457,0.07412060301507538,0.9837715578173594,0.20557491289198607,0.028685336444963044,23.847457627118644,70,31.115384615384617,7.2,449,0,0,0,17372,4.238632093198046,3.1016949152542375,,
dv-dtn,600,17,1195,220,803,392,0.32803347280334727,0.273972602739726,0.18410041841004185,0.8962850435022787,0.09764758100310697,0.05508814102564103,40.4,120,44.39890710382514,19.504950495049506,578,5,0,55,19363,7.457484595868068,3.6227272727272726,,
dv-dtn,800,17,1591,491,1124,467,0.29352608422375864,0.43683274021352314,0.30861093651791327,0.6824986045567565,0.07847211123541634,0.11032716160345137,51.32790224032586,140,55.17741935483871,15.193430656934307,619,14,0,717,12640,8.38557766864823,3.979633401221996,,
dv-dtn,1200,17,2385,1211,1777,608,0.2549266247379455,0.6814856499718627,0.5077568134171908,0.1969161580469001,0.09688,0.1899786646586345,54.48472336911643,135,61.548209366391184,8.121929824561404,487,79,0,2031,978,7.521739607326972,4.500412881915772,,
dv-dtn,1600,17,3176,1855,2467,709,0.2232367758186398,0.751925415484394,0.5840680100755667,0.17039711191335738,0.12418825734752628,0.20261709192590005,47.47816711590296,135,54.58376068376069,7.604926108374384,505,107,0,2604,443,6.303627830329663,4.009703504043126,,
dv-dtn,2000,17,3973,2465,3137,836,0.21042033727661716,0.7857825948358305,0.6204379562043796,0.14558374709606892,0.1314176040944714,0.24868845843422113,49.88924949290061,135,55.19150579150579,7.249738493723849,530,142,0,2971,201,6.156091272895182,4.13103448275862,,
dv-dtn,3000,17,5963,4022,4797,1166,0.1955391581418749,0.8384406920992287,0.6744927050142546,0.12129109234198876,0.1437147145001072,0.2670508870710719,49.410492292391844,130,57.51242829827916,7.132009752699408,618,157,0,3778,66,5.878703601484413,4.142217802088513,,
dv-dtn,100,18,200,4,121,79,0.395,0.03305785123966942,0.02,0.9991220368744512,1,0.008012820512820514,22.5,80,22.5,0,117,0,0,0,4552,1,0,,
dv-dtn,200,18,398,2,239,159,0.39949748743718594,0.008368200836820083,0.005025125628140704,0.9997860504920839,1,0.0062499999999999995,4,5,4,0,237,0,0,0,9346,1,0,,
dv-dtn,400,18,796,22,503,293,0.36809045226130654,0.0437375745526839,0.02763819095477387,0.9952165967967322,0.24719101123595505,0.04858657243816254,70.81818181818181,145,70.88888888888889,33.34782608695652,481,0,0,0,18515,3.610632183908046,2.6818181818181817,,
dv-dtn,600,18,1193,40,754,439,0.36797988264878456,0.05305039787798409,0.03352891869237217,0.9965701494692758,0.42105263157894735,0.04496402877697842,18.1,75,25,6.294117647058823,714,0,0,0,27600,2.4348413234301147,1.475,,
dv-dtn,800,18,1594,384,1092,502,0.31493099121706397,0.3516483516483517,0.24090338770388958,0.7407885040530582,0.06823027718550106,0.12108980827447023,53.3203125,145,52.2078853046595,17.954501452081317,689,19,0,847,15174,8.975476522547652,3.8932291666666665,,
dv-dtn,1200,18,2389,1176,1754,635,0.2658015906236919,0.6704675028506272,0.49225617413143574,0.26381515444015446,0.09636974514463656,0.1814814814814815,64.27295918367346,140,63.81520119225037,8.433138226024314,513,65,0,2383,1946,7.740299917876951,4.634353741496598,,
dv-dtn,1600,18,3187,1748,2418,769,0.2412927518042046,0.7229114971050455,0.5484781926576718,0.17450232952138922,0.112108773730118,0.19661657518221903,53.621281464530895,140,58.70729166666667,7.6372870249017035,574,94,2,2788,462,6.828731164647555,4.414187643020595,,
dv-dtn,2000,18,3979,2511,3163,816,0.20507665242523246,0.7938665823585204,0.6310630811761749,0.13532364831845045,0.12901402661460207,0.27142424766516776,51.36320191158901,130,59.21683673469388,7.180046765393609,517,135,0,2838,172,6.492560528057896,4.426523297491039,,
dv-dtn,3000,18,5960,3921,4807,1153,0.19345637583892616,0.8156854587060537,0.6578859060402684,0.11902645372896425,0.13643006263048016,0.28084173733669493,49.515684774292275,130,57.807419530823786,7.021162185602775,700,185,1,3788,61,6.133634240450595,4.27008416220352,,
dv-dtn,100,19,198,8,119,79,0.398989898989899,0.06722689075630252,0.04040404040404041,0.9969067609368095,0.5714285714285714,0.012499999999999999,7.625,15,11.25,6,111,0,0,0,4512,1.7335423197492164,0.75,,
dv-dtn,200,19,395,13,243,152,0.3848101265822785,0.053497942386831275,0.03291139240506329,0.9979162096951085,0.6842105263157895,0.01015625,6.923076923076923,15,9.076923076923077,6.6,230,0,0,0,9099,1.4904942965779469,0.46153846153846156,,
dv-dtn,400,19,793,19,487,306,0.3858764186633039,0.039014373716632446,0.02395964691046658,0.9983661020641578,0.6333333333333333,0.015224358974358974,6.894736842105263,15,9.68421052631579,4.818181818181818,468,0,0,0,18331,1.6337135614702154,0.5789473684210527,,
dv-dtn,600,19,1188,188,786,402,0.3383838383838384,0.23918575063613232,0.15824915824915825,0.9559596296605222,0.17803030303030304,0.08053461274845784,33.9468085106383,115,41.8780487804878,8.279069767441861,596,2,0,5,22902,5.307430516165627,3.872340425531915,,
dv-dtn,800,19,1585,348,1073,512,0.32302839116719245,0.32432432432432434,0.2195583596214511,0.7931388294075661,0.07504852275177917,0.10791366906474818,49.12068965517241,145,52.02909090909091,11.235087719298246,719,6,0,579,17174,9.399925154369114,4.022988505747127,,
dv-dtn,1200,19,2368,983,1715,653,0.27576013513513514,0.5731778425655977,0.41511824324324326,0.2209777889636947,0.07939584847750586,0.17588748926424277,58.305188199389626,145,65.19169329073482,8.465250110668437,655,77,0,2782,705,8.058311785072533,4.653102746693794,,
dv-dtn,1600,19,3169,1948,2462,707,0.22309876932786368,0.7912266450040617,0.6147049542442411,0.1263107721639657,0.11808207552888404,0.22452743199631164,54.728952772073924,135,63.51201478743069,7.464649786254522,381,133,0,2235,108,6.872453121358014,4.732032854209446,,
dv-dtn,2000,19,3970,2516,3168,802,0.20201511335012595,0.7941919191919192,0.6337531486146095,0.13324662510651653,0.13018731242885231,0.2305549446521516,47.07591414944356,125,59.98194130925508,7.319266055045872,512,140,0,2820,120,6.4893098695387375,4.419713831478537,,
dv-dtn,3000,19,5952,3988,4814,1138,0.19119623655913978,0.8284171167428334,0.6700268817204301,0.11665011174571638,0.1401363412748612,0.2517931104151935,48.34704112337011,130,56.60716112531969,6.992006950477846,662,163,1,3637,89,6.060622420220793,4.194332998996991,,
dv-dtn,100,20,199,5,124,75,0.3768844221105528,0.04032258064516129,0.02512562814070352,0.9988972209969122,1,0.005208333333333334,5,10,5,0,119,0,0,0,4529,1,0,,
dv-dtn,200,20,397,29,257,140,0.3526448362720403,0.11284046692607004,0.07304785894206549,0.9933098990815286,0.4915254237288136,0.01294642857142857,8.620689655172415,20,13,5,228,0,0,0,8760,1.9433333333333334,1.0344827586206897,,
dv-dtn,400,20,795,106,527,268,0.3371069182389937,0.20113851992409867,0.13333333333333333,0.9834375930890676,0.381294964028777,0.033125,15.283018867924529,60,23.34375,9.440860215053764,421,0,0,0,16496,2.5960989533777354,1.6037735849056605,,
dv-dtn,600,20,1194,216,820,374,0.3132328308207705,0.2634146341463415,0.18090452261306533,0.9674688242899445,0.27692307692307694,0.05625000000000001,19.22685185185185,70,26.217821782178216,9.093023255813954,604,0,0,0,23148,3.6342289209261684,2.513888888888889,,
dv-dtn,800,20,1586,397,1132,454,0.2862547288776797,0.3507067137809187,0.25031525851197983,0.8419467931532274,0.10360125260960334,0.0728493834409865,32.9823677581864,125,38.287425149700596,8.457259158751697,730,5,0,550,19813,7.307951857520523,2.959697732997481,,
dv-dtn,1200,20,2386,1093,1809,577,0.24182732606873428,0.6042012161415147,0.4580888516345348,0.2253557905731819,0.09211191639979774,0.16222393730705295,42.89478499542543,125,53.85306122448979,8.043187889581478,621,95,0,2317,1079,7.746033497363021,4.000914913083257,,
dv-dtn,1600,20,3173,1835,2515,658,0.20737472423573905,0.7296222664015904,0.5783170501103057,0.1658444022770399,0.11926426621604055,0.20564371525909989,48.000544959128064,140,54.84527972027972,7.418505103720777,560,120,0,2785,238,6.629197550757332,4.119346049046322,,
dv-dtn,2000,20,3971,2484,3184,787,0.19818685469654998,0.7801507537688442,0.6255351296902544,0.1451758340847611,0.1310126582278481,0.26459309757136773,46.48389694041868,130,53.82790697674419,7.240938722294654,545,154,1,3076,115,6.255882484833343,4.176328502415459,,
dv-dtn,3000,20,5955,4061,4853,1102,0.1850545759865659,0.8368019781578405,0.6819479429051217,0.11925830962133765,0.14417580857031279,0.26550813327056855,47.74365919724206,135,55.30377833753148,7.025217391304348,666,125,1,3707,68,5.860079440521456,4.1066239842403345,,
dv-dtn,100,21,200,4,132,68,0.34,0.030303030303030304,0.02,0.9991702966189587,1,0.0062499999999999995,5,10,5,0,128,0,0,0,4817,1,0,,
dv-dtn,200,21,399,6,259,140,0.3508771929824561,0.023166023166023165,0.015037593984962405,0.9991726135070845,0.75,0.009375,5.833333333333333,10,7.333333333333333,6,253,0,0,0,9661,1.3333333333333333,0.3333333333333333,,
dv-dtn,400,21,798,135,563,235,0.29448621553884713,0.23978685612788633,0.16917293233082706,0.970173634218646,0.2738336713995943,0.0442797166098137,16.674074074074074,40,27.47328244274809,8.34920634920635,427,1,0,0,16034,3.585326669046769,2.6592592592592594,,
dv-dtn,600,21,1195,311,846,349,0.2920502092050209,0.367612293144208,0.2602510460251046,0.8577579732639062,0.10946849700809574,0.07022218208092486,44.98713826366559,140,49.54183266932271,19.559701492537314,528,7,0,140,16962,6.892654132050722,3.8617363344051445,,
dv-dtn,800,21,1588,718,1201,387,0.24370277078085642,0.5978351373855121,0.4521410579345088,0.5350855442598561,0.09573333333333334,0.1534450333390323,50.33844011142061,130,62.60285132382892,9.6669341894061,450,33,0,616,7968,8.26950191410581,4.955431754874652,,
dv-dtn,1200,21,2383,1292,1848,535,0.22450692404532102,0.6991341991341992,0.5421737305916912,0.18910760329539023,0.10020164417558554,0.2208396007110625,47.18730650154799,135,61.556109725685786,7.883802816901408,452,104,0,1483,1482,7.678558722817628,4.4907120743034055,,
dv-dtn,1600,21,3176,1827,2493,683,0.21505037783375314,0.7328519855595668,0.5752518891687658,0.14623079302877173,0.11033941297258124,0.22620344690966718,50.49972632731254,135,62.42159624413146,7.554939680469515,550,113,3,2324,487,7.05053489391406,4.43951833607006,,
dv-dtn,2000,21,3972,2668,3212,760,0.19133937562940584,0.8306351183063512,0.6717019133937563,0.11232940087901921,0.13905248345233753,0.24126455906821964,47.44115442278861,135,56.925497752087345,7.036301906503003,417,127,0,2238,172,6.112528853552193,4.213643178410795,,
dv-dtn,3000,21,5950,4169,4892,1058,0.17781512605042016,0.8522076860179886,0.7006722689075631,0.10301936954044821,0.14710137256977524,0.27969353799914126,46.577836411609496,130,56.94815506772536,6.839874956582147,556,167,0,3144,78,5.936005171299289,4.177500599664188,,
dv-dtn,100,22,199,0,123,76,0.38190954773869346,0,0,1,0,0,0,0,0,0,123,0,0,0,4877,0,0,,
dv-dtn,200,22,396,8,249,147,0.3712121212121212,0.0321285140562249,0.020202020202020204,0.9987435870589467,0.6666666666666666,0.012499999999999999,6.25,15,8.5,4.5,241,0,0,0,9539,1.4937888198757765,0.5,,
dv-dtn,400,22,793,42,511,282,0.35561160151324084,0.0821917808219178,0.05296343001261034,0.9936839812697376,0.3620689655172414,0.026881720430107524,12.880952380952381,25,21.095238095238095,7.264705882352941,469,0,0,0,18223,2.795711060948081,1.7380952380952381,,
dv-dtn,600,22,1184,131,774,410,0.34628378378378377,0.16925064599483206,0.11064189189189189,0.9314464875857978,0.08096415327564895,0.08249370277078086,48.58015267175573,140,47.55102040816327,13.635036496350365,639,4,0,139,21787,7.799315198782575,4.106870229007634,,
dv-dtn,800,22,1576,609,1169,407,0.258248730964467,0.5209580838323353,0.3864213197969543,0.7882182022682538,0.134764328391237,0.11805986352357319,42.141215106732346,130,46.83801295896328,15.212719298245615,547,13,0,310,16452,6.471533585309961,3.863711001642036,,
dv-dtn,1200,22,2372,1374,1866,506,0.2133220910623946,0.7363344051446945,0.5792580101180439,0.13732850999931745,0.10871113220982673,0.20148991083998125,47.83478893740902,135,56.32969696969697,7.415784832451499,412,80,0,1507,484,7.334532686914364,4.444687045123726,,
dv-dtn,1600,22,3171,2084,2594,577,0.18196152633238727,0.8033924441017734,0.6572059287291075,0.10893270183940962,0.1288009888751545,0.2138400919389263,45.23464491362764,135,52.895705521472394,6.732435981615233,396,113,1,1630,316,6.571055066167894,4.3536468330134355,,
dv-dtn,2000,22,3963,2737,3230,733,0.184960888215998,0.8473684210526315,0.690638405248549,0.08872399508353435,0.13672694574882605,0.2021537461593004,48.49945195469492,135,54.30311052283256,6.633403361344538,366,126,1,1707,207,6.263134313072866,4.332115454877603,,
dv-dtn,3000,22,5949,4031,4854,1095,0.18406454866364094,0.8304491141326741,0.677592872751723,0.10602425264250048,0.14619904250689106,0.20430401816486235,44.665839741999505,130,52.75057950857673,6.824690064606251,663,159,1,3208,46,5.886742794073949,4.018853882411312,,
dv-dtn,100,23,199,8,127,72,0.36180904522613067,0.06299212598425197,0.04020100502512563,0.9973873285434357,0.6666666666666666,0.012499999999999999,6.375,10,9.25,5,119,0,0,0,4581,1.4984423676012462,0.5,,
dv-dtn,200,23,399,25,252,147,0.3684210526315789,0.0992063492063492,0.06265664160401002,0.9942301165290192,0.49019607843137253,0.01953125,9.36,20,13.92,4.9411764705882355,227,0,0,0,8788,2.166160081053698,1.16,,
dv-dtn,400,23,795,83,518,277,0.3484276729559748,0.16023166023166024,0.10440251572327044,0.9765807962529274,0.2075,0.03705357142857143,31.662650602409638,115,35.9054054054054,24.21590909090909,435,0,0,0,16678,4.0621745788667685,2.6144578313253013,,
dv-dtn,600,23,1190,307,814,376,0.31596638655462184,0.37714987714987713,0.25798319327731095,0.827140635890837,0.09522332506203474,0.1031863404140898,42.013029315960914,120,53.234375,13.426258992805755,504,3,0,244,15165,7.746055560933114,3.990228013029316,,
dv-dtn,800,23,1585,576,1133,452,0.28517350157728705,0.5083848190644307,0.3634069400630915,0.5686777920410784,0.08163265306122448,0.1285714285714286,49.14409722222222,135,55.25507900677201,12.557107641741988,534,23,0,743,8525,8.62514980691553,4.201388888888889,,
dv-dtn,1200,23,2373,1347,1836,537,0.22629582806573956,0.7336601307189542,0.5676359039190898,0.15272442737231473,0.11308874149945429,0.16000665209541007,50.47216035634744,135,58.4431934493347,7.617962466487936,418,71,0,1541,585,6.79468189233279,4.259836674090572,,
dv-dtn,1600,23,3165,2000,2532,633,0.2,0.7898894154818326,0.631911532385466,0.11182640546090239,0.12496875781054737,0.1814486863115111,46.3915,135,53.88076923076923,7.084381204500331,394,138,0,1725,251,6.546544394705484,4.344,,
dv-dtn,2000,23,3966,2593,3129,837,0.21104387291981846,0.8286992649408756,0.6538073625819465,0.10416953350763725,0.13277009728622632,0.21400039614419647,47.673351330505206,135,55.18891855807744,6.906019007391763,424,112,0,2063,177,6.217133017098449,4.262244504435017,,
dv-dtn,3000,23,5951,3992,4754,1197,0.2011426650983028,0.8397139251156921,0.6708116282977651,0.10972191603942938,0.14121475821571333,0.25961188283648096,49.11047094188377,135,54.461095100864554,6.63296011196641,586,175,1,3391,57,5.972265546975602,4.220941883767535,,
dv-dtn,100,24,197,2,116,81,0.41116751269035534,0.017241379310344827,0.01015228426395939,0.9995685936151855,1,0.0062499999999999995,5,10,5,0,114,0,0,0,4634,1,0,,
dv-dtn,200,24,396,31,250,146,0.3686868686868687,0.124,0.07828282828282829,0.991953098057248,0.44285714285714284,0.016145833333333335,12.612903225806452,25,17.93548387096774,10.05,219,0,0,0,8629,2.252223120452708,1.2580645161290323,,
dv-dtn,400,24,793,66,506,287,0.3619167717528373,0.13043478260869565,0.0832282471626734,0.986359414905967,0.28085106382978725,0.02578125,20.46969696969697,55,29.25,5.60377358490566,440,0,0,0,16991,3.5384615384615383,2.5,,
dv-dtn,600,24,1182,195,775,407,0.344331641285956,0.25161290322580643,0.1649746192893401,0.8721567079488824,0.07526051717483596,0.049064009661835745,40.15384615384615,135,43.40963855421687,8.450248756218905,576,4,0,214,17431,8.696075467134305,3.476923076923077,,
dv-dtn,800,24,1583,471,1092,491,0.31017056222362605,0.43131868131868134,0.29753632343651293,0.6366708914237431,0.0684593023255814,0.10513392857142857,55.70276008492569,145,59.46578947368421,10.185701021355618,600,21,0,797,11227,8.622966553097557,4.369426751592357,,
dv-dtn,1200,24,2377,1337,1834,543,0.22843920908708457,0.7290076335877863,0.5624737063525452,0.19131595587718686,0.11615986099044309,0.1553783934548159,47.60732984293194,135,56.539021852237255,7.988031914893617,422,75,0,2057,625,6.796846071747511,4.133881824981302,,
dv-dtn,1600,24,3170,2003,2479,691,0.21798107255520505,0.8079870915691811,0.6318611987381704,0.12377142857142853,0.1306247554454154,0.18228977065890065,51.21567648527209,135,57.34561128526646,7.165234633179114,388,87,1,1990,144,6.242022175375356,4.165751372940589,,
dv-dtn,2000,24,3964,2622,3186,778,0.19626639757820383,0.8229755178907722,0.6614530776992936,0.11524334251606982,0.13606642449403217,0.19049694856146465,48.192219679633865,130,55.72332506203474,7.056241787122207,440,123,1,2412,79,6.228861590541892,4.236460717009916,,
dv-dtn,3000,24,5950,4061,4804,1146,0.19260504201680673,0.8453372189841799,0.6825210084033614,0.10976693973455265,0.14484431287227592,0.24012535477767266,47.147746860379215,130,56.22642390289449,6.936768558951965,585,157,1,3343,83,5.892689116060442,4.1901009603545925,,
dv-dtn,100,25,198,7,129,69,0.3484848484848485,0.05426356589147287,0.03535353535353535,0.9980838833297849,0.7777777777777778,0.008215962441314555,18,95,19.428571428571427,5,122,0,0,0,4688,1.2666666666666666,0.2857142857142857,,
dv-dtn,200,25,398,17,256,142,0.35678391959798994,0.06640625,0.04271356783919598,0.996969696969697,0.6071428571428571,0.013762953367875648,10.058823529411764,60,12.941176470588236,4.8,239,0,0,0,9212,1.6120689655172413,0.6470588235294118,,
dv-dtn,400,25,791,109,523,268,0.3388116308470291,0.2084130019120459,0.13780025284450062,0.9615525448553643,0.173015873015873,0.04567549446865572,25.357798165137616,110,32.45192307692308,7.455284552845528,409,5,0,3,15742,5.241284906004745,3.1926605504587156,,
dv-dtn,600,25,1191,402,841,350,0.2938706968933669,0.4780023781212842,0.33753148614609574,0.7585873246250605,0.10070140280561123,0.11271870794078061,49.201492537313435,145,49.53943217665615,9,431,8,0,292,12226,7.730705506107194,4.17910447761194,,
dv-dtn,800,25,1595,635,1148,447,0.28025078369905954,0.5531358885017421,0.3981191222570533,0.6299415992812218,0.09635811836115327,0.12421752738654147,52.037795275590554,140,54.13025210084034,12.14596003475239,484,29,0,536,10636,7.70475532527346,4.4,,
dv-dtn,1200,25,2381,1288,1835,546,0.22931541369172617,0.7019073569482289,0.5409491810163797,0.19161996263677605,0.10630571145592604,0.15959555908009518,51.691770186335404,135,56.58724832214765,7.6955170883266755,464,83,0,1834,1005,6.804889268581192,4.279503105590062,,
dv-dtn,1600,25,3174,1996,2539,635,0.20006301197227475,0.7861362741236707,0.6288594833018274,0.13972771583842236,0.12999023119505046,0.18326722491552816,44.7374749498998,130,53.56065573770492,7.040500493908462,428,113,2,2031,440,6.30415163183429,4.157815631262525,,
dv-dtn,2000,25,3973,2481,3190,783,0.19708029197080293,0.777742946708464,0.6244651396929273,0.1393281515232735,0.12876939845331395,0.20388205903622375,46.12938331318017,135,53.45938748335553,7.189153785695573,546,163,0,2735,348,6.330339058250117,4.068117694478033,,
dv-dtn,3000,25,5953,3940,4808,1145,0.1923399966403494,0.8194675540765392,0.6618511674785822,0.11724915445321304,0.13977579111678728,0.21856832201659787,47.54111675126904,135,53.26822429906542,6.930374238468233,704,164,0,3628,79,6.013868201165303,4.045939086294417,,
dv-dtn,100,26,199,10,128,71,0.35678391959798994,0.078125,0.05025125628140704,0.9969088098918083,0.7142857142857143,0.011436413540713633,13.3,85,15.1,4.75,118,0,0,0,4509,1.3979328165374676,0.4,,
dv-dtn,200,26,397,34,258,139,0.3501259445843829,0.13178294573643412,0.08564231738035265,0.9900636373785866,0.38202247191011235,0.0265625,34.088235294117645,130,37.53125,35.67857142857143,224,0,0,0,8868,2.3016917293233083,1.5588235294117647,,
dv-dtn,400,26,792,115,532,260,0.3282828282828283,0.2161654135338346,0.1452020202020202,0.9734700030147724,0.26136363636363635,0.03993055555555555,22.391304347826086,85,32.522935779816514,10.962962962962964,417,0,0,0,16134,3.597213290460879,2.5652173913043477,,
dv-dtn,600,26,1187,307,823,364,0.3066554338668913,0.3730255164034022,0.2586352148272957,0.8566135605779919,0.11332595053525286,0.06411862990810359,44.074918566775246,135,43.544401544401545,11.692913385826772,515,1,0,204,15934,6.469542362399506,3.192182410423453,,
dv-dtn,800,26,1591,567,1130,461,0.28975487115022,0.5017699115044247,0.3563796354494029,0.5556246888999502,0.07938952674320919,0.09295081967213115,46.44091710758377,140,48.497797356828194,11.76418152350081,531,32,0,916,7961,8.061958266452649,3.894179894179894,,
dv-dtn,1200,26,2380,1253,1800,580,0.24369747899159663,0.6961111111111111,0.5264705882352941,0.20406118495758463,0.10515273581738839,0.12825499508679986,51.01835594573025,140,54.29685681024447,7.8878378378378375,460,87,0,2075,954,7.181239244571591,4.215482841181165,,
dv-dtn,1600,26,3178,1849,2490,688,0.21648835745752046,0.742570281124498,0.5818124606670863,0.13866782949961842,0.11701050499936717,0.18391421978196862,47.16873985938345,135,55.4145891043398,7.366094986807388,507,133,1,2202,296,6.693380858681978,4.135208220659816,,
dv-dtn,2000,26,3960,2689,3208,752,0.1898989898989899,0.838216957605985,0.679040404040404,0.09762092473218009,0.13819508685373624,0.20141718600191758,45.77277798438081,130,52.493479752916954,6.847225874309755,377,141,1,1939,130,6.230284154266159,4.2982521383413905,,
dv-dtn,3000,26,5948,4077,4830,1118,0.18796234028244788,0.8440993788819876,0.6854404841963685,0.10724804712511204,0.14620239546725955,0.22507949827753734,46.0252636742703,130,55.111111111111114,6.715982532751092,588,161,4,3239,88,5.953291014919154,4.049300956585725,,
dv-dtn,100,27,199,0,120,79,0.3969849246231156,0,0,1,0,0,0,0,0,0,120,0,0,0,4814,0,0,,
dv-dtn,200,27,399,16,253,146,0.3659147869674185,0.06324110671936758,0.040100250626566414,0.9970107825344294,0.5714285714285714,0.016666666666666666,10.0625,55,13.625,9.1,237,0,0,0,9339,1.7277227722772277,0.75,,
dv-dtn,400,27,795,56,510,285,0.3584905660377358,0.10980392156862745,0.07044025157232704,0.9861764047459145,0.22672064777327935,0.03549695740365112,18.357142857142858,50,23.923076923076923,10.518518518518519,454,0,0,0,17621,3.7893607893607895,2.6785714285714284,,
dv-dtn,600,27,1194,160,777,417,0.3492462311557789,0.2059202059202059,0.13400335008375208,0.9445339946269891,0.11922503725782414,0.06546644844517185,39.63125,120,43.4140625,27.317518248175183,615,2,0,60,22760,6.422984931834489,3.7375,,
dv-dtn,800,27,1581,584,1119,462,0.2922201138519924,0.5218945487042002,0.3693864642631246,0.4581991411701557,0.07232198142414861,0.11887314769581502,54.965753424657535,145,58.41898148148148,9.734553775743708,517,18,0,1145,5634,8.727539750920341,4.517123287671233,,
dv-dtn,1200,27,2382,1160,1729,653,0.2741393786733837,0.6709080393290919,0.4869857262804366,0.20076633013015444,0.08827334297237653,0.2249457027614024,64.80689655172414,140,71.24274809160305,8.106127886323268,494,73,2,2073,1198,7.670234929078014,4.977586206896552,,
dv-dtn,1600,27,3172,1764,2357,815,0.2569356872635561,0.7484089944845143,0.5561160151324086,0.12698008455152043,0.1029171528588098,0.2665941240478782,64.62131519274377,140,72.1378896882494,7.541353383458647,474,119,0,2236,212,7.1579108715996,5.048185941043084,,
dv-dtn,2000,27,3971,2409,3045,926,0.23319063208259885,0.7911330049261084,0.6066481994459834,0.1263712900756867,0.11724909958142704,0.2833584266491014,53.96554586965546,135,61.47198641765704,7.131023704089607,510,126,0,2827,115,6.7433555616884995,4.655458696554587,,
dv-dtn,3000,27,5949,4006,4796,1153,0.1938140864010758,0.835279399499583,0.6733904857959321,0.12112604935933846,0.14385234128124103,0.31156669985067204,48.93060409385921,130,57.71955533097524,6.982605670551401,639,151,0,3752,55,5.86853725811867,4.152770843734398,,
dv-dtn,100,28,198,6,123,75,0.3787878787878788,0.04878048780487805,0.030303030303030304,0.9982880376631714,0.75,0.009375,6.5,10,8,5,117,0,0,0,4665,1.325,0.3333333333333333,,
dv-dtn,200,28,396,19,250,146,0.3686868686868687,0.076,0.047979797979797977,0.996860452527877,0.6551724137931034,0.010430390865173474,7.7368421052631575,45,9.555555555555555,8.25,231,0,0,0,9203,1.5069885641677256,0.5263157894736842,,
dv-dtn,400,28,795,44,508,287,0.3610062893081761,0.08661417322834646,0.055345911949685536,0.9935939553219448,0.37606837606837606,0.01865671641791045,15.409090909090908,30,21.022727272727273,12.15625,464,0,0,0,18136,2.546875,1.5,,
dv-dtn,600,28,1190,141,777,413,0.34705882352941175,0.18146718146718147,0.11848739495798319,0.9632042614218398,0.15701559020044542,0.04483591961332994,27.51063829787234,105,31.658536585365855,23.04566210045662,635,1,0,34,23420,5.397224404294318,2.900709219858156,,
dv-dtn,800,28,1588,467,1084,504,0.31738035264483627,0.4308118081180812,0.29408060453400503,0.4848897535667964,0.05879390658441395,0.1012400277488727,67.25481798715204,145,62.39047619047619,10.375289575289575,598,19,0,1353,6028,9.56413285019319,4.640256959314775,,
dv-dtn,1200,28,2383,1196,1808,575,0.24129248845992446,0.661504424778761,0.5018883759966429,0.1829597538770641,0.0919080919080919,0.17277244886166648,57.52842809364549,140,61.54834254143646,8.031957390146472,509,103,0,1741,1116,7.798241247718599,4.8361204013377925,,
dv-dtn,1600,28,3178,1769,2440,738,0.23222152297042165,0.725,0.5566393958464443,0.14384971693257853,0.10634204989480012,0.20216218687145734,59.01469756924816,140,64.01007049345418,7.5954724409448815,540,130,1,2483,280,7.097361524524395,4.635952515545506,,
dv-dtn,2000,28,3967,2259,3036,931,0.23468616082682128,0.7440711462450593,0.569447945550794,0.14120212038303692,0.1124495992831898,0.20939933259176863,56.24833997343958,140,64.95676541232986,7.611286089238845,615,162,0,3119,147,6.734836223506743,4.424966799468791,,
dv-dtn,3000,28,5962,3738,4733,1229,0.2061388795706139,0.7897739277413902,0.626970815162697,0.13178982138487894,0.13167999436361716,0.21132971506105835,51.15248796147672,135,60.99804113614104,7.2203774903879765,803,191,1,4203,70,6.193760297589727,4.2121455323702515,,
dv-dtn,100,29,200,4,119,81,0.405,0.03361344537815126,0.02,0.9986876640419947,0.6666666666666666,0.012499999999999999,6,10,8.75,6,115,0,0,0,4566,1.490566037735849,0.5,,
dv-dtn,200,29,399,17,251,148,0.37092731829573933,0.06772908366533864,0.042606516290726815,0.9957773928107406,0.4358974358974359,0.023903262092238472,17.705882352941178,100,23.11764705882353,9.538461538461538,234,0,0,0,9197,2.4069591527987897,1.2941176470588236,,
dv-dtn,400,29,797,96,520,277,0.3475533249686324,0.18461538461538463,0.12045169385194479,0.9794067747030948,0.2727272727272727,0.03325020781379883,32.833333333333336,140,35.79545454545455,22.703296703296704,424,0,0,0,16728,3.269889502762431,2.3125,,
dv-dtn,600,29,1194,194,773,421,0.3525963149078727,0.25097024579560157,0.1624790619765494,0.9310404424472866,0.12155388471177944,0.062483895903117745,44.371134020618555,145,42.61643835616438,7.639405204460966,578,1,0,57,21484,7.174490454671217,4.27319587628866,,
dv-dtn,800,29,1591,361,1052,539,0.3387806411062225,0.3431558935361217,0.22690131992457574,0.7276576887094391,0.06526848671126378,0.09458184866904212,50.26592797783933,140,51.37370242214533,11.026399155227033,688,3,0,973,13760,9.808562623205708,4.191135734072022,,
dv-dtn,1200,29,2385,1108,1747,638,0.26750524109014673,0.6342301087578707,0.4645702306079665,0.22557381161419787,0.08972386428050855,0.1690261166707347,56.555054151624546,135,64.91445427728614,8.383586083853702,574,65,0,2244,1309,7.747305055459562,4.453971119133574,,
dv-dtn,1600,29,3180,1865,2427,753,0.23679245283018868,0.7684384013185002,0.5864779874213837,0.16073194856577644,0.12211091468604728,0.22602772929998058,49.26970509383378,130,58.70286885245902,7.589063523248199,443,119,0,2594,285,6.627711799873625,4.34798927613941,,
dv-dtn,2000,29,3971,2581,3188,783,0.19717955175018886,0.8095984943538268,0.6499622261395115,0.13972372596602578,0.1400130194206358,0.2162221030762013,47.630763270050366,135,54.43840330350998,7.188891799842809,480,126,1,2842,125,6.064731196608645,4.0875629600929875,,
dv-dtn,3000,29,5952,4116,4790,1162,0.1952284946236559,0.8592901878914405,0.6915322580645161,0.11216791333505283,0.1494716200021789,0.2358252738690012,47.46185617103984,130,55.415320719889245,6.8543519972091405,550,123,1,3375,70,5.824406017151694,4.074829931972789,,
dv-dtn,100,30,199,0,125,74,0.37185929648241206,0,0,1,0,0,0,0,0,0,125,0,0,0,4831,0,0,,
dv-dtn,200,30,395,4,253,142,0.3594936708860759,0.015810276679841896,0.010126582278481013,0.9995840698762608,1,0.008488964346349746,25,90,25,0,249,0,0,0,9613,1,0,,
dv-dtn,400,30,791,42,521,270,0.3413400758533502,0.08061420345489444,0.05309734513274336,0.9941205027239872,0.3853211009174312,0.04834254143646409,18.285714285714285,60,26.142857142857142,14.027777777777779,479,0,0,0,18430,2.704951856946355,1.6666666666666667,,
dv-dtn,600,30,1191,109,775,416,0.3492863140218304,0.1406451612903226,0.09151973131821999,0.9697572927034683,0.1379746835443038,0.1006277695716396,50.596330275229356,140,45.666666666666664,10.843971631205674,664,2,0,50,25271,5.894948021156301,4.522935779816514,,
dv-dtn,800,30,1584,287,1075,509,0.3213383838383838,0.2669767441860465,0.18118686868686867,0.7999598474201968,0.05760738659173023,0.1527245636441039,60.73519163763066,145,65.0046511627907,17.998812351543943,776,12,0,573,19297,9.377993098881182,4.515679442508711,,
dv-dtn,1200,30,2381,1120,1754,627,0.2633347333053339,0.6385404789053591,0.47039059218815626,0.20332671300893745,0.08725459644749144,0.1944714543686623,61.85,145,63.49710144927536,8.21916592724046,531,102,1,2198,1025,7.793732294617564,4.740178571428571,,
dv-dtn,1600,30,3176,1917,2496,680,0.2141057934508816,0.7680288461538461,0.6035894206549118,0.12854757929883143,0.11476293103448276,0.24571882690730112,56.36358894105373,135,64.02024291497976,7.394088669950739,461,118,0,2189,238,6.873892858584635,4.779342723004695,,
dv-dtn,2000,30,3965,2537,3167,798,0.20126103404791928,0.8010735712030312,0.6398486759142497,0.1261389644599905,0.1253706266060486,0.2818888888888889,54.692156089869925,135,64.8824,7.429281045751634,493,136,1,2737,156,6.4916431405585815,4.625936145053212,,
dv-dtn,3000,30,5954,4140,4789,1165,0.19566677863621096,0.8644811025266235,0.6953308700033591,0.0940417020244878,0.13849396179707624,0.3081641160007146,53.02270531400966,135,63.52367036820573,6.788331307518667,469,180,0,3015,57,6.163021530744543,4.594202898550725,,
dv-dtn,100,31,199,13,134,65,0.32663316582914576,0.09701492537313433,0.06532663316582915,0.9965065502183406,0.8125,0.008938393839383938,9.76923076923077,55,10.923076923076923,20.333333333333332,121,0,0,0,4564,1.1866666666666668,0.23076923076923078,,
dv-dtn,200,31,399,31,265,134,0.3358395989974937,0.1169811320754717,0.07769423558897243,0.9948026097534004,0.6595744680851063,0.01294255177020708,9.129032258064516,15,11.774193548387096,9.875,234,0,0,0,8996,1.5395387149917628,0.5483870967741935,,
dv-dtn,400,31,793,191,549,244,0.3076923076923077,0.34790528233151186,0.2408575031525851,0.940480171203103,0.21460674157303372,0.0596875,31.298429319371728,115,41.10795454545455,13.47938144329897,358,0,0,0,14054,4.280834186284545,3.256544502617801,,
dv-dtn,600,31,1190,374,867,323,0.2714285714285714,0.43137254901960786,0.3142857142857143,0.8856041131105399,0.1616248919619706,0.09442536861240154,34.75668449197861,100,46.22945205479452,17.5181236673774,491,2,0,19,17863,5.381040559106386,3.8636363636363638,,
dv-dtn,800,31,1587,621,1173,414,0.2608695652173913,0.5294117647058824,0.391304347826087,0.567782055078472,0.08509180597423951,0.1267140058765916,44.590982286634464,130,48.56053811659193,10.376470588235295,495,56,1,669,8868,8.661052022606915,4.455716586151369,,
dv-dtn,1200,31,2381,1528,1870,511,0.21461570768584629,0.8171122994652407,0.6417471650566988,0.17647482532593817,0.13364821131811422,0.17311701259856793,48.31348167539267,125,58.627606752730884,7.12572706935123,295,47,0,1325,1072,6.451573730677081,4.403795811518324,,
dv-dtn,1600,31,3181,2222,2569,612,0.19239232945614587,0.8649279875437914,0.698522477208425,0.07882174874839909,0.1404196157735086,0.1999784001727986,45.86768676867687,135,53.548698884758366,6.607307439104674,251,96,0,1067,267,6.260218989821148,4.382088208820882,,
dv-dtn,2000,31,3971,2845,3234,737,0.18559556786703602,0.8797155225726654,0.7164442205993452,0.08179027151491891,0.14863382268429026,0.20985778354773985,44.740949033391914,130,53.534407935523866,6.557338243029984,282,105,2,1483,186,6.038679227182901,4.280843585237259,,
dv-dtn,3000,31,5958,4336,4894,1064,0.17858341725411211,0.8859828361258684,0.7277609936220208,0.0825056544399646,0.1549124687388353,0.24242966408731045,46.776752767527675,130,54.907364520611395,6.528837776616135,389,169,0,2451,48,5.755905277815514,4.169049815498155,,
dv-dtn,100,32,198,4,123,75,0.3787878787878788,0.032520325203252036,0.020202020202020204,0.9987352445193929,0.6666666666666666,0.012499999999999999,7,10,9.5,4.5,119,0,0,0,4738,1.5031847133757963,0.5,,
dv-dtn,200,32,398,11,246,152,0.38190954773869346,0.044715447154471545,0.02763819095477387,0.9980519480519481,0.6111111111111112,0.011458333333333334,6.818181818181818,15,9.818181818181818,5,235,0,0,0,9222,1.6526548672566372,0.6363636363636364,,
dv-dtn,400,32,795,58,518,277,0.3484276729559748,0.11196911196911197,0.0729559748427673,0.991878059635069,0.3972602739726027,0.02589285714285714,11.655172413793103,25,18.087719298245613,6.333333333333333,460,0,0,0,17830,2.5677640017101324,1.5862068965517242,,
dv-dtn,600,32,1189,127,778,411,0.3456686291000841,0.16323907455012854,0.10681244743481917,0.9674793566313153,0.15282791817087846,0.04622888759464182,36.23622047244095,135,35.22522522522522,8.39102564102564,649,2,0,59,24653,5.374241302738712,2.8897637795275593,,
dv-dtn,800,32,1588,367,1094,494,0.3110831234256927,0.33546617915904936,0.23110831234256926,0.7689222409108553,0.06849570735349012,0.10426136363636362,54.13351498637602,140,52.39150943396226,13.649944258639911,701,26,0,835,16930,9.75622194399487,4.449591280653951,,
dv-dtn,1200,32,2380,1171,1816,564,0.23697478991596638,0.6448237885462555,0.49201680672268905,0.16292348686714886,0.08875246324086707,0.17107877512856473,53.09222886421862,140,58.806451612903224,8.074074074074074,501,142,2,1533,973,7.796222707905601,4.450042698548249,,
dv-dtn,1600,32,3168,1861,2491,677,0.21369949494949494,0.7470895222802088,0.5874368686868687,0.13766177032709004,0.11784447821681865,0.20928924876293295,46.86136485760344,130,56.434222631094755,7.305318450426789,476,154,0,2186,300,6.695329532791783,4.252015045674368,,
dv-dtn,2000,32,3961,2475,3186,775,0.1956576622065135,0.7768361581920904,0.6248422115627367,0.14479555596029503,0.13177510382280908,0.2112063080283998,45.9559595959596,135,55.29068150208623,7.263848779207141,587,123,1,3035,110,6.26167643573236,3.9026262626262627,,
dv-dtn,3000,32,5954,3986,4813,1141,0.1916358750419886,0.8281736962393518,0.6694659052737655,0.10945397815912639,0.13965384345876253,0.2409798800541691,47.11113898645259,130,53.7608384945212,6.783420593368238,653,174,0,3408,65,5.92738100302012,4.097089814350226,,
dv-dtn,100,33,198,4,123,75,0.3787878787878788,0.032520325203252036,0.020202020202020204,0.9986908138773729,0.6666666666666666,0.009398496240601503,15.25,45,16.75,76,119,0,0,0,4577,1.2030075187969924,0.25,,
dv-dtn,200,33,395,6,249,146,0.369620253164557,0.024096385542168676,0.015189873417721518,0.9991294885745375,0.75,0.009375,5.666666666666667,10,7,4.5,243,0,0,0,9182,1.3347457627118644,0.3333333333333333,,
dv-dtn,400,33,792,94,532,260,0.3282828282828283,0.17669172932330826,0.11868686868686869,0.9821923462468306,0.31125827814569534,0.036718749999999994,15.75531914893617,45,25.59550561797753,6.890243902439025,438,0,0,0,16638,3.203385483457297,2.1914893617021276,,
dv-dtn,600,33,1187,321,817,370,0.3117101937657961,0.3929008567931457,0.2704296545914069,0.9051027811366384,0.1636085626911315,0.07017313746065057,41.00934579439252,130,47.24908424908425,7.824797843665769,496,0,0,46,18653,5.746694769112857,4.11214953271028,,
dv-dtn,800,33,1587,676,1188,399,0.2514177693761815,0.569023569023569,0.42596093257718964,0.6095617529880478,0.10451453308596166,0.10889175257731959,37.97485207100592,125,42.68076109936575,9.100949094046593,500,11,1,734,9313,7.607253676305257,4.081360946745562,,
dv-dtn,1200,33,2374,1420,1844,530,0.22325189553496208,0.7700650759219089,0.5981465880370682,0.1723299284274894,0.11921753001427252,0.16945107398568018,55.072535211267606,135,61.53875,7.5937777777777775,365,59,0,1709,743,6.8704006808956395,4.56056338028169,,
dv-dtn,1600,33,3172,1937,2465,707,0.2228877679697352,0.7858012170385396,0.610655737704918,0.13423383028808433,0.12539651712306596,0.2038432396026267,51.96024780588539,130,61.19908675799087,7.345382845875781,456,72,0,2256,110,6.516170627724991,4.329375322663913,,
dv-dtn,2000,33,3961,2505,3096,865,0.2183791971724312,0.8091085271317829,0.6324160565513759,0.11671087533156499,0.13197407934250038,0.20926618993517346,51.10299401197605,135,57.537290715372905,7.158475689881735,461,130,0,2353,130,6.302751587454301,4.240718562874251,,
dv-dtn,3000,33,5940,4298,4833,1107,0.18636363636363637,0.8893027105317608,0.7235690235690235,0.08675917520425369,0.1525844930417495,0.26276533307248356,48.65193113075849,130,55.32794117647059,6.6471306471306475,389,146,0,2595,50,5.813230713001644,4.317124243834342,,
dv-dtn,100,34,197,0,121,76,0.38578680203045684,0,0,1,0,0,0,0,0,0,121,0,0,0,4629,0,0,,
dv-dtn,200,34,395,0,240,155,0.3924050632911392,0,0,1,0,0,0,0,0,0,240,0,0,0,9437,0,0,,
dv-dtn,400,34,792,37,509,283,0.3573232323232323,0.07269155206286837,0.04671717171717172,0.9951464342838233,0.42045454545454547,0.030915775401069517,32.351351351351354,125,36.583333333333336,14.068965517241379,472,0,0,0,18033,2.4251543209876543,1.5405405405405406,,
dv-dtn,600,34,1183,227,802,381,0.3220625528317836,0.2830423940149626,0.19188503803888418,0.9507605052848672,0.1980802792321117,0.08945460277427492,35.01762114537445,105,45.666666666666664,19.582375478927204,575,0,0,9,22105,4.467411343672053,3.2158590308370045,,
dv-dtn,800,34,1578,486,1086,492,0.311787072243346,0.44751381215469616,0.30798479087452474,0.6689957242673897,0.07655954631379962,0.136455525606469,63.401234567901234,145,63.526984126984125,11.948259642521167,575,25,0,795,11980,8.56219447329095,4.5699588477366255,,
dv-dtn,1200,34,2371,1212,1808,563,0.23745255166596374,0.6703539823008849,0.5111767186840995,0.19951693891819744,0.09623630300142925,0.20042333642016139,52.91006600660066,145,62.73476112026359,7.987594151528578,511,85,0,2034,1061,7.624707750672725,4.3927392739273925,,
dv-dtn,1600,34,3164,1987,2516,648,0.20480404551201012,0.7897456279809221,0.6280025284450064,0.11438183347350717,0.12579930357708136,0.20217745217745217,50.73729240060393,135,61.493321460374,7.268597761685319,404,124,1,1821,192,6.551536006704919,4.359838953195773,,
dv-dtn,2000,34,3951,2693,3220,731,0.1850164515312579,0.8363354037267081,0.6815995950392306,0.09509304649945272,0.1416399305738179,0.18174333225353634,47.86297809134794,135,56.71910789632309,6.854440357330531,404,121,2,1863,96,6.163169639994357,4.166357222428519,,
dv-dtn,3000,34,5948,4104,4878,1070,0.17989240080699395,0.8413284132841329,0.6899798251513114,0.1155750190403656,0.1472551130247578,0.2097902097902098,46.56627680311891,125,55.5531914893617,6.995632424877708,608,165,1,3553,51,5.879470822669569,4.098440545808967,,
digest-mesh4,100,0,199,16,125,74,0.37185929648241206,0.128,0.08040201005025126,0.993634917026597,0.5714285714285714,0.016666666666666666,7.375,15,12.375,4.6,109,0,0,0,4371,1.7402190923317684,0.75,,
digest-mesh4,200,0,396,24,255,141,0.3560606060606061,0.09411764705882353,0.06060606060606061,0.9952019638473555,0.5581395348837209,0.018726591760299626,7.5,15,12.583333333333334,4.8125,231,0,0,0,8919,1.7993697478991597,0.7916666666666666,,
digest-mesh4,400,0,789,104,519,270,0.34220532319391633,0.2003853564547206,0.13181242078580482,0.9820067093626106,0.3525423728813559,0.04385964912280702,11.807692307692308,25,20.62135922330097,5.287234042553192,415,0,0,0,16100,3.0092464170134074,1.9519230769230769,,
digest-mesh4,600,0,1186,491,897,289,0.2436762225969646,0.5473801560758083,0.4139966273187184,0.876889011901467,0.22077338129496402,0.11735181644359466,25.028513238289207,75,37.06711409395973,8.11871227364185,402,2,2,0,15829,6.0356599371005375,5.35030549898167,,
digest-mesh4,800,0,1584,1052,1311,273,0.17234848484848486,0.8024408848207475,0.6641414141414141,0.6777656228633939,0.22321239125822193,0.15773059853664387,23.30893536121673,65,36.09329140461216,7.948260481712756,251,6,2,12,9843,5.916950352989558,5.081749049429658,,
digest-mesh4,1200,0,2377,2026,2169,208,0.08750525872949096,0.934071000461042,0.852334875893984,0.29915878023133546,0.25331332833208303,0.21665668577294894,28.239881539980257,80,40.73027027027027,5.658493089612127,95,41,7,2133,1250,6.5117873981997425,5.227048371174728,,
digest-mesh4,1600,0,3169,2817,2911,258,0.08141369517197854,0.9677086911714188,0.8889239507731146,0.15343347639484983,0.255024443237371,0.21505130084279955,27.063187788427406,65,39.60974673829624,5.37594978526594,17,76,1,1746,229,6.1690850366370995,5.029108981185659,,
digest-mesh4,2000,0,3955,3513,3615,340,0.08596713021491782,0.9717842323651452,0.8882427307206068,0.14652874730295717,0.26120901182244033,0.23710853131749463,27.226302305721607,70,37.97016780609074,5.269281389839431,10,90,2,2165,122,5.996733613735442,4.912325647594648,,
digest-mesh4,3000,0,5946,5226,5397,549,0.09233097880928355,0.9683157309616454,0.8789101917255298,0.21117520144423407,0.2917108568238906,0.2677363826386327,30.40183696900115,80,39.348377703826955,5.371324169131721,33,135,3,4728,52,5.7949771437545365,4.858783008036739,,
digest-mesh4,100,1,196,10,133,63,0.32142857142857145,0.07518796992481203,0.05102040816326531,0.9976019184652278,0.9090909090909091,0.006446621970087674,5.4,15,8.4,6,123,0,0,0,4576,1.1591836734693877,0.1,,
digest-mesh4,200,1,395,18,257,138,0.3493670886075949,0.07003891050583658,0.04556962025316456,0.9973764757324005,0.75,0.008311784263021796,12,75,15.88888888888889,4.333333333333333,239,0,0,0,9123,1.3104294478527607,0.2777777777777778,,
digest-mesh4,400,1,793,72,511,282,0.35561160151324084,0.14090019569471623,0.09079445145018916,0.9892910319551025,0.3850267379679144,0.01827782290820471,10.166666666666666,25,17.591549295774648,4.703703703703703,439,0,0,0,17262,2.517252396166134,1.5972222222222223,,
digest-mesh4,600,1,1192,389,867,325,0.2726510067114094,0.4486735870818916,0.3263422818791946,0.9161653405783039,0.22511574074074073,0.08165407220822839,20.68637532133676,50,34.879120879120876,7.537467700258398,476,2,0,0,18864,5.402716341660955,4.4241645244215935,,
digest-mesh4,800,1,1585,830,1213,372,0.23470031545741324,0.6842539159109645,0.5236593059936908,0.821815446339017,0.23360540388404166,0.15533762539302293,39.63373493975904,110,55.01474530831099,8.203842049092849,374,8,1,1202,15138,7.536826846812351,6.432530120481927,,
digest-mesh4,1200,1,2385,2114,2194,191,0.08008385744234801,0.9635369188696444,0.8863731656184486,0.13014244006016107,0.21501220504475183,0.2346177750155376,26.92809839167455,60,42.71003530005043,5.458407079646018,26,53,1,261,1163,6.916563190224498,5.8017975402081365,,
digest-mesh4,1600,1,3181,2894,2968,213,0.06696007544797233,0.9750673854447439,0.9097767997485068,0.07435328898743532,0.23107633343979558,0.25425217880236156,26.518659295093297,55,39.92702095808383,5.315686274509804,15,59,0,426,538,6.493819475322366,5.426399447131997,,
digest-mesh4,2000,1,3965,3605,3699,266,0.06708701134930643,0.9745877264125439,0.9092055485498108,0.10608221216442437,0.2500346788736302,0.26941587946909,29.459084604715674,65,41.44926227040048,5.261434511434511,5,88,1,1446,228,6.307531273278364,5.335090152565881,,
digest-mesh4,3000,1,5943,5331,5448,495,0.08329126703685008,0.9785242290748899,0.8970217062089854,0.17751582623881246,0.282976803439673,0.2904227500544781,31.19602326017633,75,40.94303797468354,5.2789930555555555,12,101,4,3967,70,5.890903455098999,4.986118927030576,,
digest-mesh4,100,2,199,6,124,75,0.3768844221105528,0.04838709677419355,0.03015075376884422,0.9986687375194142,1,0.00625,4.333333333333333,10,7.166666666666667,0,118,0,0,0,4501,1.0656370656370657,0,,
digest-mesh4,200,2,398,34,252,146,0.36683417085427134,0.1349206349206349,0.08542713567839195,0.9911832946635731,0.4473684210526316,0.02125,12.5,20,19.352941176470587,9,218,0,0,0,8544,2.4061538461538463,1.411764705882353,,
digest-mesh4,400,2,793,163,538,255,0.32156368221941994,0.30297397769516726,0.2055485498108449,0.9636864184583115,0.29422382671480146,0.057152875175315566,14.582822085889571,35,26.11464968152866,5.133333333333334,375,0,0,0,14696,3.9204808136846974,2.9079754601226995,,
digest-mesh4,600,2,1192,374,861,331,0.27768456375838924,0.4343786295005807,0.313758389261745,0.9269415336401919,0.25067024128686327,0.08990384615384615,17.967914438502675,40,31.19943820224719,7.4498644986449865,487,0,0,0,18926,4.762048597127131,3.7433155080213902,,
digest-mesh4,800,2,1586,984,1312,274,0.17276166456494324,0.75,0.6204287515762925,0.7138978743068392,0.19866747425802544,0.17083333333333334,26.96239837398374,70,42.931306306306304,8.789875835721109,317,5,6,9,12324,7.229237445753255,6.090447154471545,,
digest-mesh4,1200,2,2385,1990,2113,272,0.1140461215932914,0.9417889256980596,0.8343815513626834,0.2904129915093562,0.23118029739776952,0.2521029694942738,36.665829145728644,95,50.918105849582176,5.870066518847007,57,41,25,2204,1273,7.610765792312055,6.30502512562814,,
digest-mesh4,1600,2,3174,2665,2814,360,0.11342155009451796,0.9470504619758351,0.8396345305608065,0.24494428394552203,0.242780358932313,0.3056473070923938,32.51594746716698,80,45.004577611319185,5.555410691003911,56,86,7,3144,386,6.953400024300352,5.770731707317073,,
digest-mesh4,2000,2,3963,3401,3519,444,0.11203633610900833,0.9664677465188974,0.8581882412313904,0.2558999647763297,0.2683234714003945,0.29000955044682447,34.401940605704205,90,46.20076360165447,5.514636696288552,22,96,0,4018,316,6.49123371815261,5.432225815936489,,
digest-mesh4,3000,2,5949,5137,5328,621,0.1043872919818457,0.9641516516516516,0.8635064716759119,0.26310419589338097,0.29635398638513905,0.28056320181762573,33.2581273116605,90,42.505820105820106,5.449826388888889,49,136,6,6092,73,6.023773987660148,5.035818571150477,,
digest-mesh4,100,3,196,6,124,72,0.3673469387755102,0.04838709677419355,0.030612244897959183,0.9982773471145564,0.75,0.009375,9.666666666666666,35,14.166666666666666,17.5,118,0,0,0,4636,1.280701754385965,0.3333333333333333,,
digest-mesh4,200,3,397,6,246,151,0.380352644836272,0.024390243902439025,0.015113350125944584,0.9991497502391328,0.75,0.009375,6.666666666666667,15,10,4.5,240,0,0,0,9401,1.3164556962025316,0.3333333333333333,,
digest-mesh4,400,3,793,61,508,285,0.3593947036569987,0.12007874015748031,0.07692307692307693,0.9896483825597749,0.33152173913043476,0.026972055182171915,11.78688524590164,30,21.3,4.958333333333333,447,0,0,0,17580,3.20007908264136,2.2295081967213113,,
digest-mesh4,600,3,1191,277,834,357,0.29974811083123426,0.33213429256594723,0.2325776658270361,0.9371525364836693,0.19143054595715273,0.0865625,32.04693140794224,80,49.54545454545455,9.225,553,4,0,0,21558,7.846522131887985,7.021660649819495,,
digest-mesh4,800,3,1585,549,1149,436,0.2750788643533123,0.47780678851174935,0.3463722397476341,0.8977250479658562,0.21018376722817764,0.10526921306948919,31.131147540983605,90,42.04824561403509,6.944636678200692,582,10,8,62,22838,7.485677196019039,6.56648451730419,,
digest-mesh4,1200,3,2372,2002,2085,287,0.12099494097807757,0.9601918465227818,0.8440134907251264,0.21747034888754224,0.22148467750857395,0.2393133785980683,34.273726273726275,80,50.312777777777775,5.485853227232537,28,53,2,1678,785,7.439155411331345,6.265734265734266,,
digest-mesh4,1600,3,3170,2690,2784,386,0.12176656151419558,0.9662356321839081,0.8485804416403786,0.16241992882562273,0.2285859959211421,0.294645986680687,32.59256505576208,75,46.471690427698576,5.3790956749672345,7,83,4,1959,294,7.048831945679412,5.915241635687733,,
digest-mesh4,2000,3,3953,3406,3526,427,0.10801922590437642,0.9659671015314805,0.8616240829749557,0.2015579357351509,0.25960365853658535,0.30386838912283204,32.71843805049912,80,44.98039215686274,5.374117647058823,5,114,1,3115,162,6.448102194006522,5.36347621843805,,
digest-mesh4,3000,3,5947,5130,5277,670,0.1126618463090634,0.9721432632177374,0.8626198083067093,0.26760623350080903,0.29823847450729607,0.2699090832561663,33.18401559454191,90,42.22830756013746,5.386355725722241,43,102,2,6212,45,5.943151246754019,4.962962962962963,,
digest-mesh4,100,4,198,3,117,81,0.4090909090909091,0.02564102564102564,0.015151515151515152,0.9993657505285413,1,0.006625441696113074,4.666666666666667,10,8,0,114,0,0,0,4727,1,0,,
digest-mesh4,200,4,396,24,253,143,0.3611111111111111,0.09486166007905138,0.06060606060606061,0.9941955974153981,0.4528301886792453,0.01687289088863892,29.5,125,36.125,41.526315789473685,229,0,0,0,9078,1.9315068493150684,1.0416666666666667,,
digest-mesh4,400,4,795,110,521,274,0.34465408805031444,0.21113243761996162,0.13836477987421383,0.97519882179676,0.26128266033254155,0.038429290106204585,30.554545454545455,135,35.56842105263158,24.045871559633028,411,0,0,0,16540,3.8013538141109087,3.0636363636363635,,
digest-mesh4,600,4,1191,336,850,341,0.2863140218303946,0.3952941176470588,0.28211586901763225,0.9288406729796819,0.21705426356589147,0.07743362831858407,25.12797619047619,90,39.68690095846645,14.357988165680473,512,2,0,0,20191,5.607704160246533,4.607142857142857,,
digest-mesh4,800,4,1582,1053,1321,261,0.1649810366624526,0.7971233913701741,0.6656131479140329,0.6082587246482734,0.16371268656716417,0.2192288474350433,39.141500474833805,80,62.99568034557235,9.611492281303603,250,12,6,49,9899,9.951363740545496,9.027540360873694,,
digest-mesh4,1200,4,2377,2112,2186,191,0.08035338662179217,0.9661482159194876,0.8885149347917544,0.09798270893371763,0.21766463980212306,0.27191265835822437,28.068655303030305,65,43.674611398963734,5.446640316205533,12,61,1,441,587,6.918760652012411,5.894886363636363,,
digest-mesh4,1600,4,3171,2831,2933,238,0.07505518763796909,0.9652233208319128,0.8927783033743298,0.08861515490854799,0.23189711664482307,0.2668740573152338,29.488873189685624,65,43.088471849865954,5.374098360655737,3,95,4,968,200,6.675342399379805,5.630872483221476,,
digest-mesh4,2000,4,3968,3586,3699,269,0.06779233870967742,0.9694512030278454,0.9037298387096774,0.11862939139040074,0.25164912280701757,0.24679293068325717,28.768823201338538,70,39.92723365059871,5.298245614035087,20,90,3,1751,136,6.2542999435231295,5.2643614054657,,
digest-mesh4,3000,4,5951,5279,5441,510,0.08569988237271046,0.9702260613857747,0.8870778020500756,0.17782799530659255,0.27903166129288015,0.2765611902766136,31.17048683462777,75,40.45038950389504,5.365043478260869,16,144,2,4020,62,5.876033865328819,4.987308202311044,,
digest-mesh4,100,5,197,16,124,73,0.37055837563451777,0.12903225806451613,0.08121827411167512,0.9947941315664931,0.7272727272727273,0.01,6.0625,20,9.9375,6,108,0,0,0,4204,1.3718354430379747,0.375,,
digest-mesh4,200,5,397,31,252,145,0.36523929471032746,0.12301587301587301,0.07808564231738035,0.9937321937321937,0.5636363636363636,0.012109374999999999,7.516129032258065,20,12.870967741935484,5.466666666666667,221,0,0,0,8720,1.8511146496815287,0.8709677419354839,,
digest-mesh4,400,5,793,138,536,257,0.3240857503152585,0.2574626865671642,0.17402269861286254,0.966387072899963,0.25321100917431194,0.04569536423841059,17.666666666666668,45,29.49624060150376,8.433070866141732,398,0,0,0,15663,4.2191375161947064,3.289855072463768,,
digest-mesh4,600,5,1190,485,908,282,0.23697478991596638,0.5341409691629956,0.40756302521008403,0.856498342120998,0.18371212121212122,0.10037251655629138,34.76082474226804,120,44.66265060240964,17.262589928057555,420,2,1,49,15671,7.409088481871096,6.389690721649485,,
digest-mesh4,800,5,1589,1055,1332,257,0.1617369414726243,0.7920420420420421,0.6639395846444305,0.6342385482956335,0.181739879414298,0.15765092647937837,35.67962085308057,80,55.867507886435334,6.560565870910699,246,19,12,235,9811,8.614009518821305,7.62085308056872,,
digest-mesh4,1200,5,2385,2083,2159,226,0.09475890985324947,0.9647985178323297,0.8733752620545073,0.12347600518806745,0.20548485745289533,0.22523788927335642,33.71195391262602,80,51.14673046251993,5.770989010989011,16,58,2,631,761,8.01032108828551,6.822371579452712,,
digest-mesh4,1600,5,3173,2844,2922,251,0.07910494799873936,0.973305954825462,0.8963126378821304,0.04350077679958575,0.21997060870910357,0.23018648018648022,29.317158931082982,65,43.611430763329494,5.222439660795825,2,74,2,395,169,7.058462409511869,6.022503516174402,,
digest-mesh4,2000,5,3974,3591,3689,285,0.07171615500754906,0.9734345351043643,0.9036235530951182,0.031228313671061714,0.23384996092732482,0.23125965996908807,26.962962962962962,60,38.94348222424795,5.114509803921568,1,96,1,367,106,6.40094260874032,5.4146477304372045,,
digest-mesh4,3000,5,5955,5422,5535,420,0.07052896725440806,0.9795844625112918,0.9104953820319059,0.05426881574788933,0.25884374850813957,0.24887999412455936,27.657137587606048,65,37.341826335099874,5.135708079930495,0,109,4,1136,50,5.914849446538419,5.055145702692733,,
digest-mesh4,100,6,199,0,122,77,0.3869346733668342,0,0,1,0,0,0,0,0,0,122,0,0,0,4828,0,0,,
digest-mesh4,200,6,398,6,247,151,0.3793969849246231,0.024291497975708502,0.01507537688442211,0.9991432855001071,0.75,0.009375,6,10,11,5,241,0,0,0,9330,1.3347280334728033,0.3333333333333333,,
digest-mesh4,400,6,798,70,515,283,0.35463659147869675,0.13592233009708737,0.08771929824561403,0.9863925883034164,0.2978723404255319,0.02631578947368421,27.32857142857143,115,35.03030303030303,21.087719298245613,445,0,0,0,17025,3.770857362552864,3.3857142857142857,,
digest-mesh4,600,6,1196,307,842,354,0.2959866220735786,0.3646080760095012,0.25668896321070234,0.9243335427699488,0.18208778173190984,0.07085487444608568,31.794788273615634,100,50.053763440860216,13.47452229299363,534,0,1,8,20543,7.0693908373888235,6.319218241042345,,
digest-mesh4,800,6,1592,1116,1356,236,0.14824120603015076,0.8230088495575221,0.7010050251256281,0.5641771315267681,0.16924476797088261,0.1992857142857143,32.931003584229394,75,53.58002038735984,7.810116086235489,212,12,16,23,8463,8.74417206886189,7.706093189964157,,
digest-mesh4,1200,6,2382,2142,2214,168,0.07052896725440806,0.967479674796748,0.8992443324937027,0.07734954842171149,0.20759837177747625,0.29239925739871137,26.977591036414566,60,42.92004048582996,5.336538461538462,15,52,5,86,734,7.0019282516096,5.934173669467787,,
digest-mesh4,1600,6,3180,2863,2942,238,0.07484276729559748,0.9731475186947655,0.900314465408805,0.09536824998153215,0.23379062551037072,0.32299187725631767,27.4268250087321,65,40.60516467065868,5.388943089430894,5,73,1,901,369,6.424175646769181,5.330422633601118,,
digest-mesh4,2000,6,3967,3548,3644,323,0.0814217292664482,0.973655323819978,0.8943786236450718,0.08714528408733402,0.24455472842569617,0.28668390433096314,26.91206313416009,65,38.832777946076945,5.263555787278415,2,92,2,1209,155,6.146097800106374,5.1037204058624575,,
digest-mesh4,3000,6,5953,5284,5448,505,0.08483117755753401,0.9698972099853157,0.8876196875524945,0.18885716757504978,0.28178327645051193,0.3278891977760128,30.38115064345193,75,39.05815160955348,5.293314907583348,36,123,5,4256,85,5.891206811576962,4.91218773656321,,
digest-mesh4,100,7,197,0,129,68,0.34517766497461927,0,0,1,0,0,0,0,0,0,129,0,0,0,4782,0,0,,
digest-mesh4,200,7,398,2,255,143,0.3592964824120603,0.00784313725490196,0.005025125628140704,0.9997887398331045,1,0.009025270758122744,4.5,10,10,0,253,0,0,0,9465,1,0,,
digest-mesh4,400,7,797,43,526,271,0.34002509410288584,0.0817490494296578,0.053952321204516936,0.990625170327574,0.25,0.0671875,18.27906976744186,60,31.404761904761905,8.23076923076923,483,0,0,0,18175,4.207908927501498,3.3488372093023258,,
digest-mesh4,600,7,1195,248,853,342,0.28619246861924685,0.29073856975381007,0.20753138075313807,0.946510656080234,0.19375,0.155,25.657258064516128,80,39.2073732718894,11.073643410852712,604,1,0,0,22643,6.046698704554952,5.391129032258065,,
digest-mesh4,800,7,1589,634,1209,380,0.23914411579609818,0.5244003308519437,0.3989930774071743,0.8637094181935069,0.18691037735849056,0.1603601780655605,28.037854889589905,70,42.715808170515096,10.315028901734104,562,11,2,7,21460,7.202345366750977,6.1750788643533125,,
digest-mesh4,1200,7,2385,2044,2170,215,0.09014675052410902,0.9419354838709677,0.8570230607966457,0.0863846715921085,0.18164045143517285,0.28899445764053844,33.83904109589041,70,52.38084507042254,5.868271334792123,16,96,14,196,822,8.733646716101696,7.590019569471624,,
digest-mesh4,1600,7,3176,2696,2832,344,0.10831234256926953,0.9519774011299436,0.8488664987405542,0.23793103448275865,0.2439819004524887,0.3056412116814802,34.852373887240354,90,47.16249487074272,5.525887333116248,27,100,9,3158,266,6.947428377526783,5.873887240356083,,
digest-mesh4,2000,7,3975,3376,3529,446,0.11220125786163522,0.9566449419098895,0.8493081761006289,0.2964544053124629,0.2845103657508849,0.2876030804879711,32.86255924170616,90,43.8597502401537,5.509360374414976,55,98,0,4817,159,6.234998685079825,5.157582938388626,,
digest-mesh4,3000,7,5963,5226,5395,568,0.09525406674492705,0.9686746987951808,0.8764044943820225,0.265802549146684,0.30753839816394984,0.28823243911048363,32.28109452736319,85,41.46088400083005,5.474943644876019,50,119,0,6063,68,5.7438813118874945,4.790470723306544,,
digest-mesh4,100,8,200,11,127,73,0.365,0.08661417322834646,0.055,0.9962095875139353,0.6470588235294118,0.015260821309655937,14.636363636363637,95,20.818181818181817,5,116,0,0,0,4468,1.576555023923445,0.5454545454545454,,
digest-mesh4,200,8,400,21,250,150,0.375,0.084,0.0525,0.9954909254875437,0.525,0.018472906403940885,18.19047619047619,100,23.333333333333332,20.428571428571427,229,0,0,0,8831,1.8456549935149158,0.9047619047619048,,
digest-mesh4,400,8,792,132,525,267,0.3371212121212121,0.25142857142857145,0.16666666666666666,0.9713748825555903,0.2888402625820569,0.05450941526263627,21.303030303030305,95,30.818897637795274,11.89344262295082,393,0,0,0,15481,3.7635596625150662,2.9166666666666665,,
digest-mesh4,600,8,1193,393,864,329,0.2757753562447611,0.4548611111111111,0.3294216261525566,0.8969954957184576,0.18885151369533879,0.13623128119800332,32.59796437659033,125,42.23076923076923,16.966592427616927,463,8,0,47,18018,6.663213097979023,5.623409669211196,,
digest-mesh4,800,8,1589,989,1314,275,0.17306482064191314,0.7526636225266362,0.6224040276903713,0.6707106749925662,0.17861657937511288,0.2570700769390726,31.467138523761374,75,48.11347517730496,10.541114058355438,305,17,3,32,11219,8.064009161570137,6.992922143579373,,
digest-mesh4,1200,8,2380,1914,2031,349,0.14663865546218488,0.9423929098966026,0.8042016806722689,0.28846792954469924,0.22349369453526388,0.4470291479820628,36.95402298850575,105,51.68048048048048,5.739869281045752,46,65,6,2701,725,7.617442687530777,6.365726227795193,,
digest-mesh4,1600,8,3170,2642,2812,358,0.11293375394321767,0.9395448079658606,0.8334384858044164,0.29690529187908377,0.26981209150326796,0.3314764629127773,31.611657834973506,95,43.096681687832856,5.579323797139142,68,102,0,3998,115,6.439493161705551,5.109765329295988,,
digest-mesh4,2000,8,3965,3501,3600,365,0.09205548549810845,0.9725,0.8829760403530895,0.17904451001318356,0.2677219545767378,0.3579461802715524,29.555269922879177,80,41.69394032605352,5.2836325787145455,10,88,1,2725,110,6.107922481017853,5.033704655812625,,
digest-mesh4,3000,8,5947,5237,5402,545,0.09164284513199933,0.9694557571269901,0.8806120733142762,0.2693487896351858,0.30547130191320576,0.31867637036315843,34.34695436318503,95,43.31531906048639,5.466111977812446,36,127,2,6240,49,5.827445652173913,4.94787091846477,,
digest-mesh4,100,9,198,6,130,68,0.3434343434343434,0.046153846153846156,0.030303030303030304,0.9982754904074154,0.75,0.009375,6.166666666666667,10,10.166666666666666,6,124,0,0,0,4631,1.3235294117647058,0.3333333333333333,,
digest-mesh4,200,9,395,23,260,135,0.34177215189873417,0.08846153846153847,0.05822784810126582,0.995353982300885,0.5476190476190477,0.021170839469808543,10.826086956521738,15,15.565217391304348,9.25,237,0,0,0,8994,1.8074398249452954,0.8260869565217391,,
digest-mesh4,400,9,792,223,574,218,0.27525252525252525,0.3885017421602787,0.2815656565656566,0.944311797752809,0.2812105926860025,0.05653011559521395,17.582959641255606,35,28.446511627906975,8.655,351,0,0,0,13447,4.061243355673677,3.071748878923767,,
digest-mesh4,600,9,1185,563,904,281,0.2371308016877637,0.6227876106194691,0.4751054852320675,0.8386994749826049,0.2207843137254902,0.09855062316202212,23.16873889875666,60,37.79811320754717,7.25,339,1,1,2,13229,6.151941211451874,5.174067495559503,,
digest-mesh4,800,9,1580,1235,1379,201,0.12721518987341773,0.8955765047135605,0.7816455696202531,0.4295786612300374,0.18391660461653014,0.1952877925363694,31.03400809716599,70,48.840328467153284,7.588059701492537,117,16,11,67,4920,8.122086124401914,7.043724696356275,,
digest-mesh4,1200,9,2381,2105,2164,217,0.09113817723645527,0.972735674676525,0.8840823183536329,0.13952679192762696,0.2127982207844723,0.2566572376121733,28.922565320665083,70,43.49737945492662,5.593348115299335,23,31,5,457,1090,7.216174644854371,6.168171021377672,,
digest-mesh4,1600,9,3169,2841,2918,251,0.07920479646576208,0.9736120630568883,0.8964973177658567,0.07654046028210837,0.22839456547954015,0.28249542598043115,28.84442097852869,65,41.6099537037037,5.262589928057554,4,72,1,697,299,6.70498831493271,5.681450193593805,,
digest-mesh4,2000,9,3964,3589,3680,284,0.07164480322906155,0.9752717391304347,0.9053985872855701,0.11644915200807016,0.25610104181532756,0.2463889499121265,28.768737809974922,70,40.149439224007274,5.216378859236002,0,91,0,1744,90,6.195158801800244,5.193089997213709,,
digest-mesh4,3000,9,5948,5414,5504,444,0.07464694014794888,0.9836482558139535,0.910221923335575,0.1405095598441768,0.2820526178692368,0.2486862896409804,30.20760990025859,75,39.54087797019734,5.240013954299669,0,88,2,3058,56,5.821319779725591,4.925748060583672,,
digest-mesh4,100,10,200,0,130,70,0.35,0,0,1,0,0,0,0,0,0,130,0,0,0,4855,0,0,,
digest-mesh4,200,10,400,8,256,144,0.36,0.03125,0.02,0.9987355110642782,0.6666666666666666,0.012499999999999999,6.625,10,11.75,5.25,248,0,0,0,9478,1.5,0.5,,
digest-mesh4,400,10,799,55,521,278,0.3479349186483104,0.10556621880998081,0.0688360450563204,0.9900319418438154,0.30386740331491713,0.05729166666666667,15.727272727272727,30,23.884615384615383,13.764705882352942,466,0,0,0,17977,3.379821958456973,2.4363636363636365,,
digest-mesh4,600,10,1193,399,879,314,0.26320201173512153,0.4539249146757679,0.3344509639564124,0.8905214207974671,0.18029823768639855,0.14695050088391282,37.96741854636591,115,50.531722054380666,17.439232409381663,465,10,5,71,17876,7.777615990469257,7.2406015037593985,,
digest-mesh4,800,10,1593,914,1269,324,0.2033898305084746,0.7202521670606777,0.5737602008788449,0.7037145193318537,0.18016952493593535,0.2706063477025107,45.6870897155361,110,60.97591888466413,12.264554794520548,302,39,14,970,11019,9.161202912926717,7.717724288840262,,
digest-mesh4,1200,10,2388,1936,2105,283,0.11850921273031825,0.9197149643705463,0.8107202680067002,0.2737981534543139,0.2121876370013152,0.3361111111111111,35.85020661157025,100,49.33947681331748,6.0527462946817785,60,79,30,2570,837,7.9367560099475,6.408574380165289,,
digest-mesh4,1600,10,3180,2831,2935,245,0.0770440251572327,0.964565587734242,0.890251572327044,0.12282665472725918,0.24083368779242875,0.3462912222330952,29.07629812787001,70,42.57623232709209,5.474724562540506,3,99,2,1451,174,6.505555017278687,5.3885552808194985,,
digest-mesh4,2000,10,3979,3509,3610,369,0.09273686855993968,0.97202216066482,0.881879869313898,0.1836821870995301,0.2623159153771399,0.32890296940611874,30.355086919350242,80,41.084375,5.382299506877757,13,87,1,2823,164,6.2218181584956005,5.184952978056426,,
digest-mesh4,3000,10,5954,5232,5415,539,0.09052737655357743,0.9662049861495845,0.878736983540477,0.2740338011548026,0.303744557329463,0.38769340209852393,34.659977064220186,85,43.554322796734354,5.476009665170866,52,122,9,6411,61,5.9882334437156475,5.115443425076452,,
digest-mesh4,100,11,196,7,122,74,0.37755102040816324,0.05737704918032787,0.03571428571428571,0.9972652689152234,0.5833333333333334,0.010937500000000001,6.714285714285714,15,12,5,115,0,0,0,4376,1.7413249211356467,0.7142857142857143,,
digest-mesh4,200,11,398,11,248,150,0.3768844221105528,0.04435483870967742,0.02763819095477387,0.9974602473498233,0.4782608695652174,0.013297872340425532,8.090909090909092,20,13.636363636363637,5.142857142857143,237,0,0,0,9021,1.866913123844732,0.9090909090909091,,
digest-mesh4,400,11,795,25,495,300,0.37735849056603776,0.050505050505050504,0.031446540880503145,0.9963952154678027,0.3787878787878788,0.021287465940054498,9.88,20,17.68,5.090909090909091,470,0,0,0,18217,2.570306362922231,1.4,,
digest-mesh4,600,11,1193,208,788,405,0.3394803017602682,0.2639593908629442,0.17435037720033528,0.9584469826116604,0.21333333333333335,0.08384392131570462,27.5,105,39.37755102040816,19.632653061224488,580,0,0,62,22394,5.371682450602128,4.125,,
digest-mesh4,800,11,1593,1010,1320,273,0.1713747645951036,0.7651515151515151,0.6340238543628374,0.6830259993127935,0.18247515808491419,0.22353045325779036,31.439603960396038,65,51.77161862527716,7.175865294667914,295,14,1,37,11850,8.159882869692533,7.291089108910891,,
digest-mesh4,1200,11,2387,1961,2116,271,0.11353162966066192,0.9267485822306238,0.8215333054042732,0.14088870770485118,0.18610610230615926,0.2858267257462686,34.766445690973995,80,50.77684964200478,5.653796095444686,22,90,43,1026,674,8.454389230989547,7.235594084650688,,
digest-mesh4,1600,11,3183,2713,2866,317,0.09959158027018536,0.9466154919748779,0.8523405592208608,0.21703430519796818,0.24111269107714184,0.2873210200796407,32.46701068927386,80,46.10844370860927,5.61253653783696,57,96,0,2729,356,6.982134160200006,5.86619977884261,,
digest-mesh4,2000,11,3975,3419,3546,429,0.1079245283018868,0.964184997179921,0.860125786163522,0.23200955509107202,0.26586314152410573,0.2867903637095692,32.182801988885636,85,43.03500321130379,5.491437467566165,29,94,4,3714,157,6.435986759649066,5.293068148581456,,
digest-mesh4,3000,11,5951,5053,5275,676,0.1135943538901025,0.957914691943128,0.8491009914300117,0.32920523726127926,0.3141045564741717,0.2990648674242425,34.26716801899862,95,43.409403177329324,5.513096270598439,58,159,5,7814,49,5.966870551082172,4.978824460716406,,
digest-mesh4,100,12,197,4,124,73,0.37055837563451777,0.03225806451612903,0.02030456852791878,0.9987445072190835,0.6666666666666666,0.012499999999999999,7.25,15,10.75,4.5,120,0,0,0,4773,1.5063291139240507,0.5,,
digest-mesh4,200,12,394,9,245,149,0.37817258883248733,0.036734693877551024,0.02284263959390863,0.9984889368591473,0.6428571428571429,0.013066202090592335,7.666666666666667,15,13.333333333333334,5.666666666666667,236,0,0,0,9251,1.5670886075949366,0.6666666666666666,,
digest-mesh4,400,12,791,24,501,290,0.3666245259165613,0.04790419161676647,0.03034134007585335,0.9969331755084472,0.42105263157894735,0.026019080659150044,8.333333333333334,20,14.416666666666666,5.318181818181818,477,0,0,0,18521,2.293643688451209,1.25,,
digest-mesh4,600,12,1185,534,901,284,0.23966244725738398,0.5926748057713651,0.4506329113924051,0.8184071195223612,0.16563275434243177,0.20557437634739759,36.08052434456929,85,56.86401673640167,10.22,361,4,2,81,14396,8.837419174768572,7.679775280898877,,
digest-mesh4,800,12,1586,1114,1325,261,0.16456494325346785,0.840754716981132,0.7023959646910467,0.5678210194922634,0.1726596404215747,0.3964977220956721,44.73788150807899,95,65.18064516129033,8.561014263074485,184,15,12,640,7789,9.95565749235474,8.882405745062837,,
digest-mesh4,1200,12,2381,2098,2183,198,0.08315833683326333,0.9610627576729271,0.8811423771524569,0.17697937458416502,0.21200485044462408,0.39071811680572105,36.82316491897045,85,53.17536309844002,5.773716275021758,23,39,23,1198,896,8.06049303701088,6.950905624404195,,
digest-mesh4,1600,12,3176,2679,2801,375,0.11807304785894207,0.9564441270974652,0.8435138539042821,0.24277766606340911,0.23714260423121183,0.3897067380425928,37.46509891750653,95,51.14357053682896,5.569150667100553,23,84,15,3057,532,7.42597554440493,6.293019783501307,,
digest-mesh4,2000,12,3969,3537,3641,328,0.08264046359284455,0.9714364185663279,0.891156462585034,0.10852289960570216,0.24067773543821447,0.3668478260869565,30.973706530958438,75,42.66656220620495,5.2288004136504656,2,94,8,1582,185,6.707514547285896,5.659881255301102,,
digest-mesh4,3000,12,5942,5047,5273,669,0.11258835408953215,0.9571401479233833,0.8493773140356782,0.2899665137045765,0.29385735080058223,0.35293706293706295,33.35684565088171,90,41.971191619380186,5.4266689726738155,64,152,10,6923,69,6.087537350544691,5.1545472557955225,,
digest-mesh4,100,13,198,15,129,69,0.3484848484848485,0.11627906976744186,0.07575757575757576,0.9947271893626777,0.6521739130434783,0.021234428086070213,7,15,12.333333333333334,4.9,114,0,0,0,4339,1.6786324786324787,0.6666666666666666,,
digest-mesh4,200,13,393,38,254,139,0.35368956743002544,0.14960629921259844,0.09669211195928754,0.9893617021276596,0.4175824175824176,0.022134203168685928,11.078947368421053,30,18.513513513513512,7.142857142857143,216,0,0,0,8463,2.390501319261214,1.4736842105263157,,
digest-mesh4,400,13,791,143,541,250,0.31605562579013907,0.2643253234750462,0.18078381795195955,0.9751068644707066,0.3611111111111111,0.042108362779740866,19.25874125874126,95,22.0381679389313,21.848484848484848,398,0,0,0,15510,2.7271518145544364,1.881118881118881,,
digest-mesh4,600,13,1190,432,898,292,0.2453781512605042,0.48106904231625836,0.3630252100840336,0.9012518830190639,0.2272488164124145,0.10528368102944045,19.877314814814813,45,33.535980148883375,8.182232346241458,465,1,0,6,17321,5.326470588235294,4.347222222222222,,
digest-mesh4,800,13,1582,1025,1315,267,0.16877370417193427,0.779467680608365,0.6479140328697851,0.637162915819172,0.1853526220614828,0.18512498193902616,32.17170731707317,85,47.65521191294387,11.617147707979626,243,25,22,131,9502,8.046510532020168,6.785365853658536,,
digest-mesh4,1200,13,2388,2061,2171,217,0.09087102177554439,0.9493321050207277,0.8630653266331658,0.24193686371802547,0.2325922582101343,0.29242338251986383,31.718583212032993,75,47.12654819601508,5.687002652519894,53,53,4,1621,1182,7.183652285300971,5.960213488597768,,
digest-mesh4,1600,13,3174,2624,2789,385,0.12129804662885948,0.9408390103979921,0.8267170762444864,0.3685968819599109,0.2892416225749559,0.2969400688031867,34.29763719512195,95,46.66694630872483,5.683919270833333,106,58,1,4978,301,6.712017719001851,5.522103658536586,,
digest-mesh4,2000,13,3972,3419,3561,411,0.10347432024169184,0.9601235607975288,0.8607754279959718,0.22911482403128336,0.2627776496810391,0.30693407066934786,34.26381983035976,85,45.176375404530745,5.4050468262226845,31,110,1,3705,118,6.646214560716788,5.599005557180462,,
digest-mesh4,3000,13,5956,4979,5292,664,0.11148421759570182,0.940854119425548,0.8359637340496978,0.3948353293413174,0.34212877070019926,0.31587829264579,34.139987949387425,100,42.33726775956284,5.59691668110168,171,142,0,9401,70,5.959554508496487,4.8859208676441055,,
digest-mesh4,100,14,197,8,128,69,0.350253807106599,0.0625,0.04060913705583756,0.9974386339381003,0.6666666666666666,0.010266940451745381,6.625,15,11.625,5,120,0,0,0,4665,1.4371584699453552,0.5,,
digest-mesh4,200,14,397,22,253,144,0.36272040302267,0.08695652173913043,0.055415617128463476,0.9947760364565966,0.46808510638297873,0.02133436772692009,7.818181818181818,20,13.090909090909092,4.823529411764706,231,0,0,0,8943,2.1536842105263156,1.0454545454545454,,
digest-mesh4,400,14,790,178,549,241,0.3050632911392405,0.3242258652094718,0.22531645569620254,0.9542004710808689,0.2542857142857143,0.07946428571428572,19.528089887640448,45,33.52662721893491,7.562130177514793,371,0,0,0,14575,4.987494789495623,3.99438202247191,,
digest-mesh4,600,14,1186,441,897,289,0.2436762225969646,0.4916387959866221,0.3718381112984823,0.899400260756193,0.2286158631415241,0.1378125,18.934240362811792,40,34.09661835748792,6.097560975609756,450,6,0,0,17224,5.1776053454036,4.147392290249433,,
digest-mesh4,800,14,1584,1087,1363,221,0.13952020202020202,0.797505502567865,0.6862373737373737,0.655837295298468,0.2085571757482732,0.20855717574827318,24.570377184912605,60,40.133468149646106,7.179735682819383,254,21,1,4,9911,6.48117303881182,5.50229990800368,,
digest-mesh4,1200,14,2376,2088,2188,188,0.07912457912457913,0.9542961608775137,0.8787878787878788,0.11284798454377798,0.20669174420906752,0.26815986848864687,30.790708812260537,75,45.69652551574376,5.653404067197171,20,62,18,254,998,7.5483401506047345,6.387931034482759,,
digest-mesh4,1600,14,3174,2765,2878,296,0.09325771896660366,0.9607366226546212,0.8711405166981726,0.1718863801893663,0.24318381706244502,0.29710736697326573,32.675949367088606,80,46.35391923990499,5.480876103301733,12,98,3,2200,141,6.847094825915638,5.800361663652803,,
digest-mesh4,2000,14,3955,3406,3537,418,0.10568900126422251,0.9629629629629629,0.8611883691529709,0.22403454065723194,0.2632148377125193,0.3492903437525638,34.16089254257193,85,45.4109232769831,5.438134930971607,16,114,1,3623,94,6.587078958353402,5.528772753963594,,
digest-mesh4,3000,14,5942,5353,5473,469,0.07892965331538203,0.9780741823497168,0.9008751262201279,0.12103695139846149,0.2708048768148935,0.2872644142016915,29.33065570708014,70,39.20891924467658,5.214870276858784,0,117,3,2632,67,5.870868444996216,4.929385391369325,,
digest-mesh4,100,15,200,1,116,84,0.42,0.008620689655172414,0.005,0.9997868258367086,1,0.04807692307692307,133,135,139,0,115,0,0,0,4690,1,0,,
digest-mesh4,200,15,399,12,243,156,0.39097744360902253,0.04938271604938271,0.03007518796992481,0.998241178410465,0.75,0.013333333333333332,11.416666666666666,55,15.416666666666666,6,231,0,0,0,9081,1.5098468271334793,0.5,,
digest-mesh4,400,15,797,88,515,282,0.35382685069008785,0.170873786407767,0.11041405269761606,0.9837465891564836,0.32116788321167883,0.048372911169744945,12.920454545454545,25,22.023529411764706,9.107142857142858,427,0,0,0,16568,3.1092348284960423,1.9318181818181819,,
digest-mesh4,600,15,1188,383,862,326,0.27441077441077444,0.4443155452436195,0.3223905723905724,0.9030964144205841,0.193336698637052,0.14767119062307218,26.83028720626632,75,42.3810888252149,10.665,479,0,0,3,18439,6.6263168226133615,5.7206266318537855,,
digest-mesh4,800,15,1584,855,1280,304,0.1919191919191919,0.66796875,0.5397727272727273,0.7642839100783025,0.18324046292327476,0.22391577624135767,30.35204678362573,85,44.362279511533245,15,410,10,5,64,15041,7.435897435897436,6.191812865497076,,
digest-mesh4,1200,15,2383,2051,2151,232,0.09735627360469996,0.9535099953509996,0.8606798153587915,0.1628098492958906,0.2017509344875074,0.3111724723874257,34.26036079960995,80,50.07560706401766,5.810739436619718,25,47,28,880,1061,8.11052084025057,6.822038030229156,,
digest-mesh4,1600,15,3171,2673,2824,347,0.10942920214443393,0.9465297450424929,0.8429517502365185,0.22986772668083066,0.23787487763637982,0.33153899583250646,36.046389824167605,85,48.72019867549669,5.613071895424836,43,88,20,2987,336,7.427043030376769,6.165357276468388,,
digest-mesh4,2000,15,3977,3444,3580,397,0.09982398793060096,0.9620111731843576,0.865979381443299,0.23308270676691734,0.2679738562091503,0.3066239316239316,33.57549361207898,85,45.37606299212599,5.5530362262184,29,102,5,3679,208,6.4780222255110775,5.38588850174216,,
digest-mesh4,3000,15,5956,4958,5159,797,0.13381464069845533,0.961038961038961,0.8324378777703156,0.45977011494252873,0.35880735272832537,0.2804171756934075,42.22206534893102,115,50.87037442522443,5.770731707317073,78,119,4,11653,86,6.223749904313139,5.286204114562324,,
digest-mesh4,100,16,199,4,123,76,0.38190954773869346,0.032520325203252036,0.020100502512562814,0.9986993279861262,0.6666666666666666,0.012499999999999999,6,10,10.5,4.5,119,0,0,0,4607,1.4968944099378882,0.5,,
digest-mesh4,200,16,398,4,253,145,0.36432160804020103,0.015810276679841896,0.010050251256281407,0.9993584946006628,0.6666666666666666,0.017421602787456445,6.75,10,11,6,249,0,0,0,9347,1.4820143884892085,0.5,,
digest-mesh4,400,16,795,25,519,276,0.3471698113207547,0.04816955684007707,0.031446540880503145,0.996431660899654,0.3787878787878788,0.026041666666666668,10.6,25,18.869565217391305,5.1,494,0,0,0,18428,2.696142991533396,1.56,,
digest-mesh4,600,16,1196,79,779,417,0.3486622073578595,0.10141206675224647,0.06605351170568562,0.9863966373710356,0.22191011235955055,0.05623576309794989,14.69620253164557,35,27.7012987012987,5.02020202020202,700,0,0,72,25728,4.9437009690816796,3.2278481012658227,,
digest-mesh4,800,16,1591,985,1306,285,0.1791326209930861,0.7542113323124043,0.6191074795725958,0.6807750446612615,0.2120103314679294,0.35585260115606937,43.28121827411167,115,59.19277108433735,7.974056603773585,285,30,6,2462,7395,9.142886717456111,7.524873096446701,,
digest-mesh4,1200,16,2386,2144,2214,172,0.07208717518860017,0.9683830171635049,0.8985750209555742,0.13563922942206652,0.2172019045689393,0.335,27.17117537313433,60,42.95961635537607,5.554036171151301,31,37,2,168,1346,6.836204711043506,5.798507462686567,,
digest-mesh4,1600,16,3173,2786,2874,299,0.09423258745666561,0.9693806541405706,0.8780334068704696,0.24395075703976232,0.2607149541456111,0.3134281342813428,31.566044508255562,80,44.58807482462977,5.6127129750982965,30,57,1,2567,830,6.3810272579167915,5.3327351040918884,,
digest-mesh4,2000,16,3976,3559,3670,306,0.07696177062374246,0.9697547683923706,0.8951207243460765,0.1063776935974663,0.24732453092425297,0.35112470402525653,27.974150042146672,65,39.662606577344704,5.268191268191268,12,93,6,1169,519,6.206618162636458,5.163529081202585,,
digest-mesh4,3000,16,5961,5332,5503,458,0.07683274618352626,0.9689260403416319,0.8944807918134541,0.18734977299029643,0.2920523634770225,0.2934442830097301,29.66822955738935,75,38.91467369274422,5.370652362000346,42,129,0,4132,65,5.740941267394508,4.761815453863466,,
digest-mesh4,100,17,198,4,125,73,0.3686868686868687,0.032,0.020202020202020204,0.9991471215351813,1,0.0062499999999999995,4.75,10,7.75,0,121,0,0,0,4686,1,0,,
digest-mesh4,200,17,398,14,251,147,0.3693467336683417,0.055776892430278883,0.035175879396984924,0.9980626412657411,0.7777777777777778,0.00875,6.714285714285714,20,10.23076923076923,4.25,237,0,0,0,9273,1.431095406360424,0.42857142857142855,,
digest-mesh4,400,17,796,65,513,283,0.3555276381909548,0.1267056530214425,0.08165829145728644,0.984883655098228,0.24344569288389514,0.03160248930377285,17.892307692307693,45,29.31578947368421,6.868852459016393,448,0,0,0,17372,4.238632093198046,3.4307692307692306,,
digest-mesh4,600,17,1195,368,872,323,0.2702928870292887,0.42201834862385323,0.3079497907949791,0.9062412407736149,0.1833582461385152,0.0921474358974359,35.69565217391305,110,51.244299674267104,18.1990171990172,504,0,0,0,19352,7.457484595868068,6.826086956521739,,
digest-mesh4,800,17,1592,925,1305,287,0.18027638190954773,0.7088122605363985,0.5810301507537688,0.7133215313122372,0.17850250868390583,0.2078464857091497,34.05081081081081,95,47.715584415584416,12.850315599639314,366,11,3,217,12592,8.38557766864823,7.315675675675676,,
digest-mesh4,1200,17,2385,2094,2172,213,0.08930817610062892,0.9640883977900553,0.8779874213836478,0.129081894340913,0.2055359246171967,0.3285015060240964,30.73018147086915,65,47.65152297367062,5.5863874345549736,21,56,1,498,977,7.521739607326972,6.414995224450812,,
digest-mesh4,1600,17,3177,2813,2900,277,0.08718917217500786,0.97,0.8854265029902424,0.15931593159315927,0.2509814418272662,0.3072570779447746,28.74120156416637,65,42.61408882082695,5.361563517915309,10,74,3,1664,443,6.303627830329663,5.191254888019907,,
digest-mesh4,2000,17,3974,3419,3568,406,0.10216406643180674,0.9582399103139013,0.8603422244589833,0.2746699416641081,0.289451405350491,0.34493543179983854,31.4931266452179,80,42.790557667934095,5.438910505836576,51,97,1,4257,201,6.156091272895182,5.069026031003217,,
digest-mesh4,3000,17,5967,5330,5459,508,0.08513490866432043,0.9763692984063015,0.8932461873638344,0.19857406918405074,0.29269632070291046,0.35389886327419523,31.911257035647278,80,41.45966267018898,5.3019323671497585,10,117,2,4434,66,5.878703601484413,4.949718574108818,,
digest-mesh4,100,18,200,4,121,79,0.395,0.03305785123966942,0.02,0.9991220368744512,1,0.008012820512820514,22.5,80,25.75,0,117,0,0,0,4552,1,0,,
digest-mesh4,200,18,398,2,239,159,0.39949748743718594,0.008368200836820083,0.005025125628140704,0.9997860504920839,1,0.0062499999999999995,4,5,7,0,237,0,0,0,9346,1,0,,
digest-mesh4,400,18,796,26,506,290,0.36432160804020103,0.05138339920948617,0.032663316582914576,0.996126741621389,0.3611111111111111,0.05742049469964664,37.61538461538461,145,40.875,31.82608695652174,480,0,0,0,18515,3.610632183908046,2.769230769230769,,
digest-mesh4,600,18,1193,40,754,439,0.36797988264878456,0.05305039787798409,0.03352891869237217,0.9965701494692758,0.42105263157894735,0.04496402877697842,17.575,75,25.289473684210527,6.176470588235294,714,0,0,0,27600,2.4348413234301147,1.5,,
digest-mesh4,800,18,1594,791,1255,339,0.21267252195734002,0.6302788844621514,0.49623588456712675,0.7759329930118452,0.17496129174961292,0.24943239152371344,39.94816687737042,110,56.67583212735166,15.678741658722593,420,31,13,459,15136,8.975476522547652,7.323640960809103,,
digest-mesh4,1200,18,2391,1837,2044,347,0.1451275616896696,0.8987279843444227,0.768297783354245,0.48909796893667856,0.2684887459807074,0.28348765432098766,39.050626020685904,110,52.92142418661756,6.113443501563198,158,45,4,4564,1946,7.740299917876951,6.406641262928688,,
digest-mesh4,1600,18,3186,2588,2769,417,0.13088512241054615,0.9346334416756952,0.8123038292529818,0.3846519202062695,0.28536773624434886,0.2911005129128048,35.97758887171561,110,47.17669819432502,5.7611599869664385,115,66,0,5165,462,6.828731164647555,5.554095826893354,,
digest-mesh4,2000,18,3979,3253,3480,499,0.12540839406886153,0.9347701149425287,0.8175420960040211,0.37233737153355917,0.29756677643615076,0.3516300588031823,33.99108515216723,100,45.32243935309973,5.867753623188406,136,91,0,6287,172,6.492560528057896,5.303412234860129,,
digest-mesh4,3000,18,5957,4923,5242,715,0.12002685915729394,0.9391453643647463,0.8264226959879134,0.38806576009742233,0.3265671641791045,0.3526100160440064,35.32195815559618,100,43.67356580427447,5.644375324002073,170,146,3,9477,61,6.133634240450595,5.083079423115986,,
digest-mesh4,100,19,198,8,119,79,0.398989898989899,0.06722689075630252,0.04040404040404041,0.9969067609368095,0.5714285714285714,0.012499999999999999,7.125,15,12.375,4.75,111,0,0,0,4512,1.7335423197492164,0.75,,
digest-mesh4,200,19,395,13,243,152,0.3848101265822785,0.053497942386831275,0.03291139240506329,0.9979162096951085,0.6842105263157895,0.01015625,6.6923076923076925,15,10.846153846153847,5.6,230,0,0,0,9099,1.4904942965779469,0.46153846153846156,,
digest-mesh4,400,19,793,19,487,306,0.3858764186633039,0.039014373716632446,0.02395964691046658,0.9983661020641578,0.6333333333333333,0.015224358974358974,6.894736842105263,15,10.473684210526315,4.818181818181818,468,0,0,0,18331,1.6337135614702154,0.5789473684210527,,
digest-mesh4,600,19,1188,216,808,380,0.31986531986531985,0.26732673267326734,0.18181818181818182,0.9609175158300834,0.2317596566523605,0.09252912954078135,20.041666666666668,50,33.90355329949239,7.308755760368664,590,2,0,0,22902,5.307430516165627,4.337962962962963,,
digest-mesh4,800,19,1586,714,1179,407,0.2566204287515763,0.6055979643765903,0.4501891551071879,0.8462638376383764,0.21422142214221424,0.2214090796328454,47.79831932773109,135,55.152482269503544,9.276422764227643,460,3,2,1174,17154,9.399925154369114,7.759103641456583,,
digest-mesh4,1200,19,2371,1951,2112,259,0.10923660902572754,0.9237689393939394,0.8228595529312527,0.2724260958205912,0.2277875072971395,0.3490910392212998,34.41568426447975,85,48.924898902368575,5.843832020997375,98,55,8,2481,705,8.058311785072533,6.61148129164531,,
digest-mesh4,1600,19,3173,2762,2864,309,0.09738417901040025,0.9643854748603352,0.8704695871415065,0.15628329899836613,0.23255030731666246,0.31834946980175194,32.30811006517017,95,45.627125345986556,5.440038999025024,13,85,4,2057,108,6.872453121358014,5.779507603186097,,
digest-mesh4,2000,19,3971,3551,3644,327,0.08234701586502141,0.9744785949506037,0.8942331906320826,0.11101538461538463,0.24581198947805621,0.3253976981159739,30.57110673049845,70,42.54567901234568,5.319397559075565,4,88,1,1662,120,6.4893098695387375,5.473106167276823,,
digest-mesh4,3000,19,5955,5091,5313,642,0.10780856423173804,0.9582156973461321,0.854911838790932,0.32861107659169053,0.31410414610069104,0.3214339832306294,35.07699862502455,95,43.723273207215136,5.567847882454624,78,140,4,7822,89,6.060622420220793,5.120997839324298,,
digest-mesh4,100,20,199,5,124,75,0.3768844221105528,0.04032258064516129,0.02512562814070352,0.9988972209969122,1,0.005208333333333334,5,10,7,0,119,0,0,0,4529,1,0,,
digest-mesh4,200,20,397,29,257,140,0.3526448362720403,0.11284046692607004,0.07304785894206549,0.9936479128856625,0.5178571428571429,0.01294642857142857,8.413793103448276,20,14.379310344827585,4.6875,228,0,0,0,8760,1.9433333333333334,1.0344827586206897,,
digest-mesh4,400,20,795,106,527,268,0.3371069182389937,0.20113851992409867,0.13333333333333333,0.9841998569043644,0.4,0.033125,13.61320754716981,55,21.16504854368932,9.440860215053764,421,0,0,0,16496,2.5960989533777354,1.6037735849056605,,
digest-mesh4,600,20,1194,217,820,374,0.3132328308207705,0.2646341463414634,0.18174204355108878,0.9695764981586876,0.2984869325997249,0.05651041666666667,13.612903225806452,30,23.204761904761906,8.627906976744185,603,0,0,0,23129,3.6342289209261684,2.52073732718894,,
digest-mesh4,800,20,1586,662,1210,376,0.23707440100882723,0.547107438016529,0.41740226986128626,0.8673671518387736,0.21493506493506492,0.12147680563711098,34.641993957703924,95,46.91623931623931,6.803234501347709,543,2,3,422,19672,7.307951857520523,6.205438066465256,,
digest-mesh4,1200,20,2386,1889,2067,319,0.13369656328583404,0.9138848572810837,0.7917015926236379,0.35373427030560545,0.23884182576811228,0.28036689622417477,34.13499205929063,95,50.28060925600469,6.13518273888155,99,74,5,3205,1079,7.746033497363021,6.292747485442033,,
digest-mesh4,1600,20,3174,2644,2859,315,0.09924385633270322,0.9247988807275271,0.8330182734719597,0.3016426082628173,0.2692190204663476,0.2963062578447194,30.119894099848715,80,42.9967118783395,5.660260586319218,111,102,2,3971,238,6.629197550757332,5.337745839636914,,
digest-mesh4,2000,20,3972,3402,3605,367,0.09239677744209467,0.9436893203883495,0.8564954682779456,0.31226633434217554,0.2935542324618172,0.3623775031955689,32.818636096413876,90,43.830025608194624,5.581780538302278,96,105,2,5126,115,6.255882484833343,5.163433274544386,,
digest-mesh4,3000,20,5951,5118,5329,622,0.10452024869769787,0.9604053293300807,0.8600235254579063,0.3474970896391153,0.32611188989422707,0.3346147811077985,33.958968347010554,95,42.503068783068784,5.64404432132964,107,101,3,8262,68,5.860079440521456,4.89937475576397,,
digest-mesh4,100,21,200,4,132,68,0.34,0.030303030303030304,0.02,0.9991702966189587,1,0.0062499999999999995,5,10,7.5,0,128,0,0,0,4817,1,0,,
digest-mesh4,200,21,399,6,259,140,0.3508771929824561,0.023166023166023165,0.015037593984962405,0.9991726135070845,0.75,0.009375,5.833333333333333,10,10,6,253,0,0,0,9661,1.3333333333333333,0.3333333333333333,,
digest-mesh4,400,21,798,136,564,234,0.2932330827067669,0.24113475177304963,0.17042606516290726,0.9717609986668283,0.2918454935622318,0.04460771451062714,14,30,24.3206106870229,7.912698412698413,427,1,0,0,16034,3.585326669046769,2.6544117647058822,,
digest-mesh4,600,21,1195,481,924,271,0.22677824267782426,0.5205627705627706,0.40251046025104603,0.8746402138157895,0.1972119721197212,0.10860729768786127,35.41372141372141,110,47.87317073170732,18.04089219330855,442,1,0,50,16938,6.892654132050722,6.022869022869023,,
digest-mesh4,800,21,1588,1151,1398,190,0.11964735516372796,0.8233190271816881,0.7248110831234257,0.5556786703601109,0.17939526184538654,0.24598221918276628,31.609035621198956,70,51.691707317073174,7.381673306772909,211,20,16,31,7949,8.26950191410581,7.216333622936577,,
digest-mesh4,1200,21,2383,2095,2202,181,0.07595467897608058,0.9514078110808356,0.8791439362148552,0.13924153645833337,0.19807128675427815,0.35809517297962534,30.64105011933174,70,47.329864724245574,5.84514435695538,38,62,7,197,1482,7.678558722817628,6.613365155131265,,
digest-mesh4,1600,21,3177,2773,2884,293,0.09222536984576644,0.9615117891816921,0.8728360088133459,0.19285864020683385,0.24006579516924942,0.3433290412044374,33.128380815001805,85,46.21360381861575,5.442026632023384,34,74,3,2251,487,7.05053489391406,5.938694554633971,,
digest-mesh4,2000,21,3972,3595,3700,272,0.06847935548841894,0.9716216216216216,0.9050855991943605,0.11263053207359519,0.25182123844214066,0.3250922375750561,29.11933240611961,70,40.44202898550725,5.265369649805447,3,101,1,1625,172,6.112528853552193,5.091237830319889,,
digest-mesh4,3000,21,5949,5259,5421,528,0.08875441250630359,0.9701162147205312,0.8840141200201714,0.19177549078958744,0.2813653630089348,0.3528204164877631,30.75755847119224,75,40.04953751284687,5.293344857389801,36,124,2,4334,78,5.936005171299289,4.96957596501236,,
digest-mesh4,100,22,199,0,123,76,0.38190954773869346,0,0,1,0,0,0,0,0,0,123,0,0,0,4877,0,0,,
digest-mesh4,200,22,396,8,249,147,0.3712121212121212,0.0321285140562249,0.020202020202020204,0.9987435870589467,0.6666666666666666,0.012499999999999999,6.25,15,10.857142857142858,4.5,241,0,0,0,9539,1.4937888198757765,0.5,,
digest-mesh4,400,22,793,42,511,282,0.35561160151324084,0.0821917808219178,0.05296343001261034,0.9941170062098268,0.3888888888888889,0.026881720430107524,12.023809523809524,25,20.476190476190474,7,469,0,0,0,18223,2.795711060948081,1.7380952380952381,,
digest-mesh4,600,22,1184,233,794,390,0.3293918918918919,0.29345088161209065,0.19679054054054054,0.9408027473706804,0.16896301667875271,0.14672544080604533,34.283261802575105,95,52.1,11.621323529411764,554,7,0,84,21778,7.799315198782575,6.6781115879828326,,
digest-mesh4,800,22,1577,813,1267,310,0.19657577679137603,0.6416732438831886,0.5155358275206088,0.8123577718412981,0.21434220933298181,0.15760700992555832,28.466174661746617,85,40.91274238227147,13.836933045356371,443,11,0,165,16208,6.471533585309961,5.3837638376383765,,
digest-mesh4,1200,22,2374,2119,2192,182,0.07666385846672283,0.9666970802919708,0.892586352148273,0.1140176799567022,0.2157401751170841,0.3107402627874238,31.793298725814065,70,47.880314960629924,5.491044124071647,9,57,7,760,484,7.334532686914364,6.2836243511090135,,
digest-mesh4,1600,22,3171,2641,2868,303,0.09555345316934721,0.9208507670850767,0.8328602964364554,0.30016887137630177,0.2655338829680273,0.2709940896404532,29.436198409693297,80,41.37588064649813,5.5545395166557805,140,83,4,3927,316,6.571055066167894,5.320333207118516,,
digest-mesh4,2000,22,3963,3524,3623,340,0.08579359071410547,0.9726745790781121,0.8892253343426697,0.14994848172616526,0.2512655971479501,0.2602812573859608,29.607264472190693,75,40.618412895226285,5.214696652719665,12,87,0,2241,207,6.263134313072866,5.307321225879682,,
digest-mesh4,3000,22,5949,5225,5387,562,0.09446965876617919,0.969927603489883,0.8782988737602958,0.2452358368543589,0.29846909630983665,0.26481977050642663,32.294736842105266,85,40.86167327352389,5.373523280055594,43,118,1,5628,46,5.886742794073949,4.884593301435407,,
digest-mesh4,100,23,199,8,127,72,0.36180904522613067,0.06299212598425197,0.04020100502512563,0.9973873285434357,0.6666666666666666,0.012499999999999999,6.375,10,12.25,5,119,0,0,0,4581,1.4984423676012462,0.5,,
digest-mesh4,200,23,399,25,252,147,0.3684210526315789,0.0992063492063492,0.06265664160401002,0.9943426114505545,0.5,0.01953125,9.36,20,15.291666666666666,4.9411764705882355,227,0,0,0,8788,2.166160081053698,1.16,,
digest-mesh4,400,23,795,99,528,267,0.33584905660377357,0.1875,0.12452830188679245,0.9797932330827067,0.2877906976744186,0.044196428571428574,29.737373737373737,115,40.49438202247191,23.146067415730336,429,0,0,0,16678,4.0621745788667685,3.505050505050505,,
digest-mesh4,600,23,1190,507,905,285,0.23949579831932774,0.5602209944751381,0.4260504201680672,0.8457858136300418,0.1829004329004329,0.17040871201936006,31.36094674556213,80,48.72686230248307,11.800711743772242,393,2,3,30,15165,7.746055560933114,6.745562130177515,,
digest-mesh4,800,23,1586,1105,1351,235,0.148171500630517,0.8179126572908957,0.6967213114754098,0.5892492165145116,0.1832808094211312,0.24665178571428575,36.009954751131225,90,54.50623700623701,10.190048939641109,209,16,21,96,8521,8.62514980691553,7.640723981900453,,
digest-mesh4,1200,23,2375,2153,2207,168,0.07073684210526315,0.9755323969188944,0.9065263157894737,0.09770485759056136,0.2199407498212279,0.25574931103297543,28.462145843009754,65,44.239593908629445,5.468075737560546,10,44,0,457,585,6.79468189233279,5.7909893172317695,,
digest-mesh4,1600,23,3167,2784,2887,280,0.0884117461319861,0.9643228264634569,0.8790653615408904,0.14276272306675475,0.23849910048830636,0.25257657134562345,29.15337643678161,75,42.244435767278404,5.314924391847469,13,89,1,1664,251,6.546544394705484,5.512212643678161,,
digest-mesh4,2000,23,3966,3493,3611,355,0.08951084215834594,0.9673220714483522,0.8807362581946545,0.1908228816151728,0.26410101315590506,0.28827743298560676,31.715144574864013,85,43.04489544895449,5.337869667626276,28,90,0,2917,177,6.217133017098449,5.23160606928142,,
digest-mesh4,3000,23,5951,5111,5290,661,0.11107376911443455,0.9661625708884688,0.8588472525625945,0.30376772677687336,0.30800289261178737,0.33238385099630613,35.12365486206222,90,44.121166950596255,5.407490896479972,40,134,5,7150,57,5.972265546975602,5.036196439053023,,
digest-mesh4,100,24,197,2,116,81,0.41116751269035534,0.017241379310344827,0.01015228426395939,0.9995685936151855,1,0.0062499999999999995,5,10,8.5,0,114,0,0,0,4634,1,0,,
digest-mesh4,200,24,396,31,250,146,0.3686868686868687,0.124,0.07828282828282829,0.9918390804597701,0.43661971830985913,0.016145833333333335,11.580645161290322,20,20.29032258064516,9.8,219,0,0,0,8629,2.252223120452708,1.2580645161290323,,
digest-mesh4,400,24,793,66,506,287,0.3619167717528373,0.13043478260869565,0.0832282471626734,0.9873329459616502,0.30275229357798167,0.02578125,12.272727272727273,30,21.861538461538462,5.113207547169812,440,0,0,0,16991,3.5384615384615383,2.4393939393939394,,
digest-mesh4,600,24,1182,387,842,340,0.2876480541455161,0.45961995249406173,0.32741116751269034,0.8908509666615924,0.1799163179916318,0.0973731884057971,37.405684754521964,85,56.33137829912023,6.523573200992556,444,5,6,93,17431,8.696075467134305,7.857881136950905,,
digest-mesh4,800,24,1585,994,1311,274,0.17287066246056781,0.7581998474446987,0.6271293375394322,0.6645625626806678,0.1748153359127682,0.22187500000000002,32.96177062374245,70,52.41069397042093,7.689052437902484,289,13,15,16,11223,8.622966553097557,7.600603621730382,,
digest-mesh4,1200,24,2379,2099,2167,212,0.0891130727196301,0.9686202122750346,0.882303488860866,0.08725761772853191,0.21234193222053616,0.24393361844551875,26.994282991900906,60,42.13133402275078,5.474308300395257,11,57,0,286,625,6.796846071747511,5.634111481657932,,
digest-mesh4,1600,24,3172,2826,2885,287,0.09047919293820933,0.9795493934142114,0.8909205548549811,0.12559654571623358,0.24482370267694706,0.2571896614488533,28.06758669497523,70,40.98593690611935,5.261452879581152,1,55,3,1489,144,6.242022175375356,5.16135881104034,,
digest-mesh4,2000,24,3965,3479,3597,368,0.09281210592686003,0.9671948846260773,0.8774274905422447,0.1824030390294712,0.2607164268585132,0.2527608253414705,29.946248922104054,75,41.11159465340379,5.344377771980172,27,86,5,2881,79,6.228861590541892,5.1233112963495255,,
digest-mesh4,3000,24,5949,5122,5323,626,0.10522776937300386,0.9622393387187677,0.8609850395024374,0.2265652023521273,0.2863372093023256,0.30286187322611163,29.885396329558766,75,39.08645655877343,5.351861471861472,75,121,5,5134,83,5.892689116060442,4.919367434595861,,
digest-mesh4,100,25,198,7,129,69,0.3484848484848485,0.05426356589147287,0.03535353535353535,0.9980838833297849,0.7777777777777778,0.008215962441314555,18,95,21.857142857142858,5,122,0,0,0,4688,1.2666666666666666,0.2857142857142857,,
digest-mesh4,200,25,398,17,256,142,0.35678391959798994,0.06640625,0.04271356783919598,0.996969696969697,0.6071428571428571,0.013762953367875648,10.058823529411764,60,15.411764705882353,4.8,239,0,0,0,9212,1.6120689655172413,0.6470588235294118,,
digest-mesh4,400,25,791,127,536,255,0.3223767383059418,0.23694029850746268,0.16055625790139064,0.9665010123320449,0.2326007326007326,0.05321823667448878,19.74015748031496,55,32.82113821138211,6.741935483870968,406,3,0,0,15742,5.241284906004745,3.984251968503937,,
digest-mesh4,600,25,1191,636,958,233,0.19563392107472713,0.6638830897703549,0.5340050377833753,0.7772770549032053,0.18124821886577372,0.17833109017496634,28.345911949685533,70,47.76239316239316,6.92781954887218,315,3,4,0,12226,7.730705506107194,6.773584905660377,,
digest-mesh4,800,25,1595,1032,1341,254,0.1592476489028213,0.7695749440715883,0.6470219435736677,0.6533569768863887,0.18204268830481565,0.2018779342723005,28.968023255813954,70,46.8,10.100259291270527,279,23,7,11,10635,7.70475532527346,6.551356589147287,,
digest-mesh4,1200,25,2383,2136,2208,175,0.07343684431389005,0.967391304347826,0.8963491397398238,0.11400193372593825,0.2119047619047619,0.2646708961141951,26.796348314606742,60,42.89025641025641,5.321899736147757,21,50,1,259,1005,6.804889268581192,5.790262172284645,,
digest-mesh4,1600,25,3175,2854,2932,243,0.07653543307086615,0.9733969986357435,0.8988976377952755,0.10916672872142374,0.23856892083925438,0.2620464228000588,27.24456902592852,65,40.655731523378584,5.356303069888962,10,67,1,1010,440,6.30415163183429,5.225297827610372,,
digest-mesh4,2000,25,3975,3503,3618,357,0.08981132075471698,0.9682144831398563,0.8812578616352201,0.1774789508752801,0.25797186832609176,0.28786733285122607,31.15815015700828,80,42.23146984924623,5.420874544508068,14,100,1,2550,348,6.330339058250117,5.294604624607479,,
digest-mesh4,3000,25,5951,5140,5328,623,0.1046882876827424,0.9647147147147147,0.8637203831288859,0.26303317535545023,0.2951309141019752,0.28513735410287133,33.54980544747082,85,42.36907783417936,5.437088388214905,46,140,2,6107,79,6.013868201165303,5.017704280155642,,
digest-mesh4,100,26,199,10,128,71,0.35678391959798994,0.078125,0.05025125628140704,0.9969088098918083,0.7142857142857143,0.011436413540713633,13.3,85,18.3,4.75,118,0,0,0,4509,1.3979328165374676,0.4,,
digest-mesh4,200,26,397,34,258,139,0.3501259445843829,0.13178294573643412,0.08564231738035265,0.9912810194500336,0.4358974358974359,0.0265625,31.5,115,37.4375,35.67857142857143,224,0,0,0,8868,2.3016917293233083,1.5588235294117647,,
digest-mesh4,400,26,792,119,533,259,0.32702020202020204,0.22326454033771106,0.15025252525252525,0.975823511634935,0.2975,0.04131944444444444,18.243697478991596,85,29.166666666666668,10.296296296296296,414,0,0,0,16134,3.597213290460879,2.697478991596639,,
digest-mesh4,600,26,1186,492,902,284,0.23946037099494097,0.5454545454545454,0.4148397976391231,0.8725238744884038,0.2106164383561644,0.10275689223057644,28.420731707317074,80,42.99092970521542,9.988235294117647,409,1,0,15,15929,6.469542362399506,5.6016260162601625,,
digest-mesh4,800,26,1591,1114,1339,252,0.1583909490886235,0.8319641523525019,0.700188560653677,0.5941396069592167,0.19333564734467198,0.18262295081967214,35.51885098743268,95,51.12008281573499,9.474739374498798,199,18,8,471,7915,8.061958266452649,6.984739676840215,,
digest-mesh4,1200,26,2381,2098,2170,211,0.08861822763544729,0.9668202764976959,0.8811423771524569,0.15860854249229417,0.21959388737701485,0.21474778905994105,30.34604385128694,70,45.509186351706035,5.432192085371276,19,45,8,828,954,7.181239244571591,6.040038131553861,,
digest-mesh4,1600,26,3179,2638,2847,332,0.10443535703051274,0.926589392342817,0.829820698332809,0.3040425531914893,0.2688270661367574,0.2623935704623219,32.17816527672479,85,44.09278350515464,5.658696364231903,106,103,0,3951,296,6.693380858681978,5.427596664139499,,
digest-mesh4,2000,26,3960,3405,3551,409,0.10328282828282828,0.9588848211771333,0.8598484848484849,0.2571927290237149,0.2759095697269265,0.25504853787152443,31.80675477239354,90,42.78512658227848,5.4926624737945495,47,99,0,4116,130,6.230284154266159,5.08223201174743,,
digest-mesh4,3000,26,5945,5088,5323,622,0.10462573591253153,0.9558519631786586,0.8558452481076535,0.28497497242725034,0.30185097294731844,0.2808939139651974,31.6061320754717,85,39.76371036846615,5.347395833333334,97,132,6,6611,88,5.953291014919154,4.8999606918239,,
digest-mesh4,100,27,199,0,120,79,0.3969849246231156,0,0,1,0,0,0,0,0,0,120,0,0,0,4814,0,0,,
digest-mesh4,200,27,399,16,253,146,0.3659147869674185,0.06324110671936758,0.040100250626566414,0.9970107825344294,0.5714285714285714,0.016666666666666666,10.0625,55,15.375,9.1,237,0,0,0,9339,1.7277227722772277,0.75,,
digest-mesh4,400,27,795,58,512,283,0.3559748427672956,0.11328125,0.0729559748427673,0.9871155677553078,0.25217391304347825,0.03676470588235294,17.32758620689655,75,22.433962264150942,9.722222222222221,454,0,0,0,17621,3.7893607893607895,2.8448275862068964,,
digest-mesh4,600,27,1194,212,809,385,0.3224455611390285,0.2620519159456119,0.17755443886097153,0.9543821538975688,0.19413919413919414,0.0867430441898527,35.16981132075472,130,38.3905325443787,26.25,597,0,0,63,22750,6.422984931834489,5.316037735849057,,
digest-mesh4,800,27,1582,1183,1346,236,0.14917825537294563,0.8789004457652303,0.7477876106194691,0.4907903022670025,0.18287215953006647,0.24079954404820061,38.934065934065934,95,56.916346153846156,7.090566037735849,137,18,8,554,5634,8.727539750920341,7.642434488588335,,
digest-mesh4,1200,27,2383,2096,2168,215,0.09022240872849349,0.966789667896679,0.8795635753252203,0.18222043443282376,0.2061977373339892,0.40645361464474095,34.412690839694655,75,50.88954108858058,5.653626373626373,22,43,7,1042,1198,7.670234929078014,6.581583969465649,,
digest-mesh4,1600,27,3174,2736,2824,350,0.11027095148078135,0.9688385269121813,0.8620037807183365,0.17397966290569722,0.23069139966273186,0.4134929270946682,34.58625730994152,80,49.15082230244685,5.375891121192482,3,83,2,2259,212,7.1579108715996,6.084429824561403,,
digest-mesh4,2000,27,3973,3325,3503,470,0.11829851497608859,0.9491864116471596,0.8368990687138183,0.3070264765784114,0.27145073067189157,0.3911028512280042,35.87488721804511,85,46.74991697110595,5.581690871369295,82,95,1,5292,115,6.7433555616884995,5.651428571428571,,
digest-mesh4,3000,27,5949,5037,5342,607,0.10203395528660279,0.9429052789217521,0.8466969238527483,0.33133841131664854,0.3152656944357514,0.39175273768043806,32.0762358546754,90,41.15755349038254,5.616918010053736,167,135,3,7836,55,5.86853725811867,4.887432995830852,,
digest-mesh4,100,28,198,6,123,75,0.3787878787878788,0.04878048780487805,0.030303030303030304,0.9982880376631714,0.75,0.009375,6.5,10,10.333333333333334,5,117,0,0,0,4665,1.325,0.3333333333333333,,
digest-mesh4,200,28,396,19,250,146,0.3686868686868687,0.076,0.047979797979797977,0.996860452527877,0.6551724137931034,0.010430390865173474,7.7368421052631575,45,12,8.25,231,0,0,0,9203,1.5069885641677256,0.5263157894736842,,
digest-mesh4,400,28,795,44,508,287,0.3610062893081761,0.08661417322834646,0.055345911949685536,0.9935399102157013,0.3728813559322034,0.01865671641791045,14.477272727272727,25,21.651162790697676,12,464,0,0,0,18136,2.546875,1.5,,
digest-mesh4,600,28,1190,173,784,406,0.3411764705882353,0.22066326530612246,0.1453781512605042,0.9682080924855492,0.22467532467532467,0.055011447468837446,24.502890173410403,95,32.55263157894737,22.004545454545454,610,1,0,53,23345,5.397224404294318,3.5491329479768785,,
digest-mesh4,800,28,1588,1172,1340,248,0.1561712846347607,0.8746268656716418,0.7380352644836272,0.46870960383240823,0.16774008873622442,0.2540756156781131,36.01194539249147,75,58.02113352545629,7.061973986228003,150,9,9,85,5992,9.56413285019319,8.425767918088738,,
digest-mesh4,1200,28,2384,2061,2143,241,0.10109060402684564,0.9617358842743817,0.864513422818792,0.15780389578367715,0.2011320386454572,0.29772911129088175,33.0562833575934,80,50.33044889129259,5.594630281690141,25,54,3,761,1116,7.798241247718599,6.712760795730228,,
digest-mesh4,1600,28,3177,2804,2903,274,0.08624488511174064,0.9658973475714778,0.8825936418004406,0.13319357092941997,0.22605611093195743,0.32044249405741454,31.33737517831669,75,45.032897344431234,5.390569105691057,11,87,1,1601,280,7.097361524524395,5.988231098430813,,
digest-mesh4,2000,28,3969,3512,3619,350,0.08818342151675485,0.9704338214976513,0.8848576467624086,0.16346439831062998,0.2497333428144777,0.3255469039673711,33.70472665148064,80,45.989908546199935,5.37769130998703,1,103,3,2568,147,6.734836223506743,5.695615034168565,,
digest-mesh4,3000,28,5963,5299,5450,513,0.0860305215495556,0.9722935779816514,0.8886466543686065,0.15240687926713337,0.27015039510578637,0.29958163726820447,31.51934327231553,75,41.54368733374258,5.272570044967139,15,134,2,3427,70,6.193760297589727,5.261370069824495,,
digest-mesh4,100,29,200,4,119,81,0.405,0.03361344537815126,0.02,0.9986876640419947,0.6666666666666666,0.012499999999999999,6,10,11,6,115,0,0,0,4566,1.490566037735849,0.5,,
digest-mesh4,200,29,399,17,251,148,0.37092731829573933,0.06772908366533864,0.042606516290726815,0.9957773928107406,0.4358974358974359,0.023903262092238472,17.705882352941178,100,25.294117647058822,9.538461538461538,234,0,0,0,9197,2.4069591527987897,1.2941176470588236,,
digest-mesh4,400,29,797,104,522,275,0.3450439146800502,0.19923371647509577,0.13048933500627352,0.9818693891920437,0.3365695792880259,0.036021058464948734,28.923076923076923,130,33.70103092783505,21.846153846153847,418,0,0,0,16728,3.269889502762431,2.5384615384615383,,
digest-mesh4,600,29,1194,275,818,376,0.3149078726968174,0.33618581907090467,0.23031825795644892,0.9374482006543076,0.19177126917712692,0.08857253285235764,26.581818181818182,60,47.25,6.059479553903346,543,0,0,0,21484,7.174490454671217,6.207272727272727,,
digest-mesh4,800,29,1592,844,1204,388,0.24371859296482412,0.7009966777408638,0.5301507537688442,0.7440841835372043,0.17616364015863076,0.22112764619576608,38.08767772511848,85,60.448322147651005,7.832810867293626,355,3,2,209,13677,9.808562623205708,8.614928909952607,,
digest-mesh4,1200,29,2385,1983,2065,320,0.13417190775681342,0.9602905569007264,0.8314465408805032,0.3030472239948947,0.22696577772690854,0.3025079326336344,38.684820978315685,100,54.53306953080837,5.813963764913831,30,48,4,2450,1309,7.747305055459562,6.569843671205245,,
digest-mesh4,1600,29,3180,2720,2822,358,0.11257861635220126,0.963855421686747,0.8553459119496856,0.2772312773748833,0.2702165706338168,0.32964902074849717,33.12720588235294,100,45.49129906920275,5.541180285343709,32,70,0,3545,285,6.627711799873625,5.408823529411765,,
digest-mesh4,2000,29,3971,3415,3604,367,0.09242004532863259,0.947558268590455,0.8599848904558046,0.281501011711325,0.2914319849803721,0.2860900743917968,30.466178623718886,85,41.512844909609896,5.560436703925136,95,94,0,4445,125,6.064731196608645,4.9209370424597365,,
digest-mesh4,3000,29,5953,5017,5314,639,0.10734083655299849,0.9441098983816334,0.8427683520913825,0.30181397143959865,0.3081506049996929,0.28744786175917864,29.659557504484752,75,38.46155507559395,5.535516285516286,183,113,1,6943,70,5.824406017151694,4.736495913892765,,
digest-mesh4,100,30,199,0,125,74,0.37185929648241206,0,0,1,0,0,0,0,0,0,125,0,0,0,4831,0,0,,
digest-mesh4,200,30,395,4,253,142,0.3594936708860759,0.015810276679841896,0.010126582278481013,0.9995840698762608,1,0.008488964346349746,25,90,27.25,0,249,0,0,0,9613,1,0,,
digest-mesh4,400,30,791,42,521,270,0.3413400758533502,0.08061420345489444,0.05309734513274336,0.9942813983599482,0.39622641509433965,0.04834254143646409,17.476190476190474,60,25.642857142857142,13.86111111111111,479,0,0,0,18430,2.704951856946355,1.6666666666666667,,
digest-mesh4,600,30,1191,136,794,397,0.3333333333333333,0.1712846347607053,0.11418975650713686,0.9748216695585117,0.2082695252679939,0.1255539143279173,24.926470588235293,80,40.492063492063494,9.085106382978724,656,2,0,0,25271,5.894948021156301,5.036764705882353,,
digest-mesh4,800,30,1583,663,1196,387,0.24447252053063803,0.5543478260869565,0.41882501579279846,0.8543435111280038,0.19222963177732677,0.35280970625798214,54.09049773755656,120,66.62307692307692,15.867526377491208,521,9,3,957,19224,9.377993098881182,8.36500754147813,,
digest-mesh4,1200,30,2383,2090,2182,201,0.0843474611833823,0.9578368469294225,0.8770457406630298,0.14882109355193107,0.20750595710881653,0.36289762467009307,33.67894736842105,70,50.631041890440386,5.648066783831283,20,68,4,692,1025,7.793732294617564,6.713875598086124,,
digest-mesh4,1600,30,3177,2871,2953,224,0.07050676739062008,0.9722316288520149,0.9036827195467422,0.07316187154896836,0.22505291212667555,0.3680014356029533,30.059909439219783,65,44.78280715100799,5.294921875,3,78,1,743,238,6.873892858584635,5.918495297805642,,
digest-mesh4,2000,30,3967,3433,3605,362,0.09125283589614318,0.9522884882108184,0.8653894630703303,0.2817307138330357,0.27536696879762573,0.3814444444444444,34.35712205068453,90,45.73034793814433,5.654465212876428,69,101,2,4717,156,6.4916431405585815,5.5246140401980774,,
digest-mesh4,3000,30,5953,5238,5391,562,0.09440618175709727,0.9716193656093489,0.8798924911809172,0.20870939566609825,0.27532194480946126,0.3898945989400346,33.614165712103855,80,43.574419568822556,5.326410522672205,13,139,1,4941,57,6.163021530744543,5.308132875143184,,
digest-mesh4,100,31,199,13,134,65,0.32663316582914576,0.09701492537313433,0.06532663316582915,0.9965065502183406,0.8125,0.008938393839383938,9.76923076923077,55,13.153846153846153,20.333333333333332,121,0,0,0,4564,1.1866666666666668,0.23076923076923078,,
digest-mesh4,200,31,399,31,265,134,0.3358395989974937,0.1169811320754717,0.07769423558897243,0.9948026097534004,0.6595744680851063,0.01294255177020708,9.129032258064516,15,13.766666666666667,9.875,234,0,0,0,8996,1.5395387149917628,0.5483870967741935,,
digest-mesh4,400,31,793,206,559,234,0.29508196721311475,0.3685152057245081,0.2597730138713745,0.948220064724919,0.2682291666666667,0.064375,22.150485436893202,85,33.83163265306123,12.471794871794872,353,0,0,0,14054,4.280834186284545,3.563106796116505,,
digest-mesh4,600,31,1190,445,923,267,0.22436974789915967,0.48212351029252437,0.3739495798319328,0.9006902806469491,0.22577371892440384,0.11235104019390023,27.802247191011237,90,38.418546365914786,16.59660297239915,477,1,0,7,17838,5.381040559106386,4.656179775280899,,
digest-mesh4,800,31,1587,1012,1327,260,0.1638311279143037,0.7626224566691786,0.6376811594202898,0.5955258764607679,0.1670794122502889,0.20649689846555663,30.988142292490117,75,50.50613154960981,8.57641196013289,251,25,39,85,8783,8.661052022606915,7.1857707509881426,,
digest-mesh4,1200,31,2382,2141,2199,183,0.07682619647355164,0.9736243747157799,0.8988245172124265,0.1116198150352532,0.2206761492475778,0.24256775129157981,24.631947687996263,50,39.91774033696729,5.222814025743453,28,30,0,102,1072,6.451573730677081,5.38626809901915,,
digest-mesh4,1600,31,3182,2846,2927,255,0.08013827781269642,0.9723266142808337,0.8944060339409177,0.0965329707681849,0.2379399715742831,0.25613795089639285,27.413211524947293,65,40.018789928598274,5.2239685658153245,7,74,0,997,267,6.260218989821148,5.213281799016163,,
digest-mesh4,2000,31,3973,3622,3700,273,0.06871381827334508,0.9789189189189189,0.9116536622199849,0.05513283466597885,0.24718487681703405,0.26717219402808917,26.24820541137493,60,37.47202591283863,5.18562091503268,4,74,0,642,186,6.038679227182901,5.060739922694644,,
digest-mesh4,3000,31,5959,5254,5391,568,0.09531800637690888,0.9745872750881098,0.8816915589864072,0.21042699784965113,0.29201867496665185,0.29375587064454084,31.591358964598403,80,40.831546391752575,5.276256499133449,8,126,3,4728,48,5.755905277815514,4.818233726684431,,
digest-mesh4,100,32,198,4,123,75,0.3787878787878788,0.032520325203252036,0.020202020202020204,0.9987352445193929,0.6666666666666666,0.012499999999999999,7,10,10.75,4.5,119,0,0,0,4738,1.5031847133757963,0.5,,
digest-mesh4,200,32,398,11,246,152,0.38190954773869346,0.044715447154471545,0.02763819095477387,0.9980519480519481,0.6111111111111112,0.011458333333333334,6.818181818181818,15,12.727272727272727,5,235,0,0,0,9222,1.6526548672566372,0.6363636363636364,,
digest-mesh4,400,32,795,58,518,277,0.3484276729559748,0.11196911196911197,0.0729559748427673,0.9920436209870361,0.40559440559440557,0.02589285714285714,11.068965517241379,20,18.31578947368421,6.2444444444444445,460,0,0,0,17830,2.5677640017101324,1.5862068965517242,,
digest-mesh4,600,32,1189,161,793,396,0.3330529857022708,0.2030264817150063,0.13540790580319595,0.9725146890650262,0.2309899569583931,0.05860512521840419,20.229813664596275,60,33.096774193548384,6.82051282051282,630,2,0,0,24653,5.374241302738712,4.254658385093168,,
digest-mesh4,800,32,1589,653,1179,410,0.2580239144115796,0.5538592027141646,0.41095028319697924,0.8653398457114164,0.22135593220338984,0.18551136363636364,50.36140888208269,140,55.08203125,11.74139844617092,504,18,4,1971,16927,9.75622194399487,7.549770290964778,,
digest-mesh4,1200,32,2381,2062,2175,206,0.0865182696346073,0.9480459770114943,0.8660226795464091,0.13937106918238995,0.20091591152684402,0.3012505843852267,33.81086323957323,80,50.752432432432435,5.883975481611208,16,73,24,673,941,7.796222707905601,6.738603297769156,,
digest-mesh4,1600,32,3172,2737,2858,314,0.09899117276166457,0.9576627011896431,0.8628625472887768,0.17617883841288096,0.23880987697408604,0.3078047683310841,31.055900621118013,80,44.24661893396977,5.400521852576647,16,103,2,2129,300,6.695329532791783,5.569967117281696,,
digest-mesh4,2000,32,3963,3462,3577,386,0.09740095886954328,0.9678501537601342,0.8735806207418623,0.20970633693972174,0.27082844402722367,0.29543282359366463,31.41161178509532,85,42.61,5.355410691003911,28,84,3,3255,110,6.26167643573236,5.123050259965338,,
digest-mesh4,3000,32,5954,5102,5302,652,0.10950621430970776,0.9622783855149001,0.8569029224051058,0.25028766247602807,0.2900181900864029,0.30844940994389636,32.20109760878087,85,41.21230834752981,5.286903729401561,56,139,5,5787,65,5.92738100302012,4.959427675421403,,
digest-mesh4,100,33,198,4,123,75,0.3787878787878788,0.032520325203252036,0.020202020202020204,0.9986908138773729,0.6666666666666666,0.009398496240601503,15.25,45,21,76,119,0,0,0,4577,1.2030075187969924,0.25,,
digest-mesh4,200,33,395,6,249,146,0.369620253164557,0.024096385542168676,0.015189873417721518,0.9991294885745375,0.75,0.009375,5.666666666666667,10,10,4.5,243,0,0,0,9182,1.3347457627118644,0.3333333333333333,,
digest-mesh4,400,33,792,96,534,258,0.32575757575757575,0.1797752808988764,0.12121212121212122,0.9835262163438828,0.34408602150537637,0.0375,13.46875,35,22.258426966292134,6.5,438,0,0,0,16638,3.203385483457297,2.1979166666666665,,
digest-mesh4,600,33,1187,380,867,320,0.2695871946082561,0.43829296424452135,0.3201347935973041,0.9133519252409609,0.21456804065499718,0.08307100384749912,20.51578947368421,50,35.03380281690141,6.323529411764706,487,0,0,0,18653,5.746694769112857,4.7105263157894735,,
digest-mesh4,800,33,1587,956,1269,318,0.2003780718336484,0.7533490937746257,0.6023944549464398,0.7349154746423927,0.23448614177090998,0.15399484536082475,39.23221757322176,105,53.555168408826944,7.79776247848537,294,8,11,2001,9256,7.607253676305257,6.118200836820083,,
digest-mesh4,1200,33,2374,2008,2115,259,0.10909856781802864,0.9494089834515367,0.8458298230834035,0.31092436974789917,0.2498755599800896,0.239618138424821,32.71165338645418,100,45.78981937602627,5.652135623073536,66,41,0,2859,743,6.8704006808956395,5.625,,
digest-mesh4,1600,33,3173,2712,2809,364,0.11471793255594075,0.9654681381274475,0.8547116293728333,0.23157511822480903,0.2567695512213596,0.28540158275804006,32.02064896755162,80,45.147047166072134,5.449445531637313,34,63,0,3051,110,6.516170627724991,5.42330383480826,,
digest-mesh4,2000,33,3963,3366,3522,441,0.11127933383800151,0.9557069846678024,0.8493565480696442,0.28045342769747494,0.2805701425356339,0.2811936109069037,32.155080213903744,90,42.76301325573876,5.371704515792222,57,95,4,4527,130,6.302751587454301,5.1319073083778965,,
digest-mesh4,3000,33,5937,5045,5220,717,0.12076806467913087,0.9664750957854407,0.8497557689068553,0.32666921346406896,0.31803568051440456,0.30843441259904136,33.50604558969277,90,42.63924319727891,5.5037345839847145,63,111,1,7620,50,5.813230713001644,4.85193260654113,,
digest-mesh4,100,34,197,0,121,76,0.38578680203045684,0,0,1,0,0,0,0,0,0,121,0,0,0,4629,0,0,,
digest-mesh4,200,34,395,0,240,155,0.3924050632911392,0,0,1,0,0,0,0,0,0,240,0,0,0,9437,0,0,,
digest-mesh4,400,34,792,37,509,283,0.3573232323232323,0.07269155206286837,0.04671717171717172,0.9954758620689655,0.45121951219512196,0.030915775401069517,31.18918918918919,125,38.027027027027025,13.724137931034482,472,0,0,0,18033,2.4251543209876543,1.5405405405405406,,
digest-mesh4,600,34,1183,249,817,366,0.30938292476754015,0.3047735618115055,0.21048182586644126,0.9575941151016876,0.2540816326530612,0.09812421185372007,26.485943775100402,100,37.64655172413793,18.55513307984791,568,0,0,18,22098,4.467411343672053,3.5983935742971886,,
digest-mesh4,800,34,1577,880,1215,362,0.22954977805960686,0.7242798353909465,0.5580215599239061,0.743012289225493,0.19572953736654805,0.24707996406109617,40.304545454545455,100,57.90419947506562,9.358614232209737,314,20,1,988,11957,8.56219447329095,7.318181818181818,,
digest-mesh4,1200,34,2372,2077,2153,219,0.09232715008431704,0.9647004180213655,0.8756323777403036,0.19053234501347704,0.2161290322580645,0.3434647440137584,33.88589311506981,80,50.600844772967264,5.777484608619173,24,49,3,1163,1061,7.624707750672725,6.495907558979297,,
digest-mesh4,1600,34,3165,2851,2944,221,0.06982622432859399,0.9684103260869565,0.9007898894154819,0.045295902883156325,0.22657553842485895,0.2900895400895401,26.46650298141003,60,39.99352134146341,5.219973890339426,3,87,3,385,192,6.551536006704919,5.485794458084882,,
digest-mesh4,2000,34,3952,3545,3634,318,0.08046558704453441,0.9755090809025867,0.8970141700404858,0.11179105419216451,0.25179345123943464,0.23924252240578775,28.36530324400564,70,39.3901619309502,5.2785471648811075,0,88,1,1645,96,6.163169639994357,5.059520451339916,,
digest-mesh4,3000,34,5950,5265,5422,528,0.08873949579831933,0.9710438952416083,0.8848739495798319,0.17094957317609782,0.2794437662544451,0.26913875598086123,29.49534662867996,70,39.47983706720978,5.340916985064259,34,117,6,3804,51,5.879470822669569,4.898385565052232,,
reactive,100,0,196,16,124,72,0.3673469387755102,0.12903225806451613,0.08163265306122448,0.9936406995230525,0.5714285714285714,0.016666666666666666,10.125,20,13.5625,9.9,108,0,0,0,4375,1.327536231884058,0.75,,
reactive,200,0,394,24,255,139,0.35279187817258884,0.09411764705882353,0.06091370558375635,0.9951928451648966,0.5581395348837209,0.018726591760299626,10.666666666666666,20,14.652173913043478,10.25,231,0,0,0,8902,1.4007936507936507,0.7916666666666666,,
reactive,400,0,788,100,515,273,0.3464467005076142,0.1941747572815534,0.12690355329949238,0.9822278450509067,0.3389830508474576,0.042172739541160596,21.69,60,30.09090909090909,13.51685393258427,415,0,0,0,16298,2.3477795612627075,1.92,,
reactive,600,0,1189,347,837,352,0.2960470984020185,0.4145758661887694,0.29184188393608074,0.9202153225031241,0.20903614457831327,0.08293499043977057,34.711815561959654,95,44.170347003154575,20.514851485148515,476,14,0,0,19137,3.816722603239457,3.14985590778098,,
reactive,800,0,1582,712,1176,406,0.25663716814159293,0.6054421768707483,0.450063211125158,0.8109954605896648,0.17273168364871422,0.10675302866738635,43.162921348314605,125,51.7037037037037,21.505411255411257,427,37,0,19,17625,4.595583750152495,3.712078651685393,,
reactive,1200,0,2378,1197,1833,545,0.22918418839360807,0.6530278232405892,0.5033641715727503,0.70721957662762,0.14211088685741421,0.12800496193001967,46.74603174603175,125,55.27213114754098,24.575939031028852,505,131,0,20,20258,5.357460176429523,4.0852130325814535,,
reactive,1600,0,3165,1546,2397,768,0.24265402843601896,0.6449728827701293,0.48846761453396526,0.6879375768264657,0.1323856824798767,0.11802247465494074,51.839586028460545,130,57.91498685363716,25.52999617883072,664,187,0,75,25512,5.70911731995733,4.044631306597672,,
reactive,2000,0,3960,1867,2963,997,0.25176767676767675,0.6301046236922039,0.4714646464646465,0.7019370359616741,0.12990537155580295,0.1260124190064795,49.621317621853244,130,57.5,25.82829839704069,907,189,0,63,33592,5.8635783795604475,4.166041778253883,,
reactive,3000,0,5953,2447,4325,1628,0.27347555854191163,0.5657803468208092,0.41105325046195196,0.6996447338205298,0.11005172026085001,0.12536374441575474,52.84511646914589,135,59.26301369863014,26.47370525894821,1622,256,0,158,51338,6.399464331576309,4.11769513690233,,
reactive,100,1,195,10,132,63,0.3230769230769231,0.07575757575757576,0.05128205128205128,0.9976055724858511,0.9090909090909091,0.006446621970087674,5.4,15,5.8,12,122,0,0,0,4583,1.0287769784172662,0.1,,
reactive,200,1,392,18,256,136,0.3469387755102041,0.0703125,0.04591836734693878,0.9973779088823337,0.75,0.008311784263021796,13.11111111111111,70,14.5,10.166666666666666,238,0,0,0,9129,1.0919175911251982,0.2777777777777778,,
reactive,400,1,790,72,510,280,0.35443037974683544,0.1411764705882353,0.09113924050632911,0.9890385932861384,0.375,0.01827782290820471,20.25,60,26.507246376811594,16.641509433962263,438,0,0,0,17316,1.8247362250879249,1.5833333333333333,,
reactive,600,1,1189,310,828,361,0.3036164844407065,0.3743961352657005,0.2607232968881413,0.9261971330936848,0.18641010222489476,0.06507136859781697,44.458064516129035,120,50.8671875,24.191666666666666,512,6,0,0,20862,3.9367862313012707,3.535483870967742,,
reactive,800,1,1593,430,1092,501,0.3145009416195857,0.39377289377289376,0.2699309478970496,0.8810902161015426,0.13002721499848804,0.08047611917951789,53.35581395348837,135,57.11003236245955,30.353424657534248,628,34,0,9,24457,5.140620469701362,4.025581395348837,,
reactive,1200,1,2384,1017,1783,601,0.2520973154362416,0.5703869882220975,0.4265939597315436,0.7362031629372006,0.12649253731343282,0.11286957293793838,51.96951819075713,130,59,28.792052259118126,617,149,0,35,22336,5.750573558933181,4.015732546705998,,
reactive,1600,1,3176,1334,2351,825,0.25976070528967254,0.5674181199489579,0.42002518891687657,0.7264646663065364,0.11974865350089767,0.11719848186674163,56.55697151424288,140,60.983836206896555,28.471022948269155,821,196,0,58,29377,5.996587643678161,4.125937031484258,,
reactive,2000,1,3975,1599,2892,1083,0.2724528301886792,0.5529045643153527,0.40226415094339624,0.7235789802208091,0.11283607367158281,0.11949958148989598,53.968105065666045,140,61.73693379790941,29.158966565349544,1089,204,0,104,36839,6.291300273175011,4.092557848655409,,
reactive,3000,1,5946,2308,4317,1629,0.2739656912209889,0.5346305304609683,0.3881601076353851,0.7109571788413098,0.10475671750181555,0.12573545434735237,56.08015597920277,140,62.21873147599289,28.093774781919112,1742,266,1,143,53823,6.623926396003772,4.161178509532062,,
reactive,100,2,200,6,123,77,0.385,0.04878048780487805,0.03,0.998673446827327,1,0.00625,5,10,5,0,117,0,0,0,4517,1,0,,
reactive,200,2,397,34,254,143,0.3602015113350126,0.13385826771653545,0.08564231738035265,0.9904355842359991,0.40963855421686746,0.02125,20.352941176470587,50,26.705882352941178,19.375,220,0,0,0,8595,1.9425133689839573,1.4705882352941178,,
reactive,400,2,795,137,525,270,0.33962264150943394,0.26095238095238094,0.17232704402515722,0.9650177125506073,0.24773960216998192,0.04803646563814867,33.7007299270073,115,39.864,20.164285714285715,388,0,0,1,15249,2.8414585810543005,2.5182481751824817,,
reactive,600,2,1191,280,816,375,0.3148614609571788,0.3431372549019608,0.23509655751469352,0.93998547303432,0.2118003025718608,0.0673076923076923,38.75,130,45.05836575875487,21.52887537993921,533,3,0,39,20657,3.3998080614203454,2.825,,
reactive,800,2,1586,556,1141,445,0.28058007566204285,0.48729184925503943,0.3505674653215637,0.8627411896029341,0.1614870752250944,0.09652777777777777,46.35071942446043,130,53.99782135076253,26.790262172284645,553,32,0,8,21593,4.556416021317346,3.58273381294964,,
reactive,1200,2,2380,900,1713,667,0.28025210084033614,0.5253940455341506,0.37815126050420167,0.7778225306729458,0.1255055082973086,0.11401641836424443,52.07,135,57.65846153846154,31.05410122164049,714,99,0,99,24944,5.7510343149184715,3.9166666666666665,,
reactive,1600,2,3168,1186,2277,891,0.28125,0.520860781730347,0.37436868686868685,0.733562021733394,0.1067795084181147,0.13602165336269384,58.22091062394604,135,65.9275,30.321400778210116,912,179,0,255,30228,6.41484891470171,4.195615514333896,,
reactive,2000,2,3965,1552,2869,1096,0.2764186633039092,0.5409550365981178,0.3914249684741488,0.7310886335012594,0.11357482619831687,0.13234190599631623,53.556056701030926,135,61.22180801491146,28.728744939271255,1080,237,0,108,36861,6.398778750254427,4.175257731958763,,
reactive,3000,2,5957,2386,4316,1641,0.27547423199597115,0.5528266913809082,0.4005371831458788,0.7218062023708721,0.11347315356446473,0.13031415213876874,52.641659681475275,130,60.80381633870006,28.127367996775494,1717,213,0,122,54176,6.470737913486005,4.069572506286672,,
reactive,100,3,197,6,124,73,0.37055837563451777,0.04838709677419355,0.030456852791878174,0.9982873046456862,0.75,0.009375,17.666666666666668,75,19.166666666666668,39.5,118,0,0,0,4663,1.1284916201117319,0.3333333333333333,,
reactive,200,3,398,6,246,152,0.38190954773869346,0.024390243902439025,0.01507537688442211,0.9991493886230728,0.75,0.009375,8.666666666666666,20,10.333333333333334,11.5,240,0,0,0,9397,1.125,0.3333333333333333,,
reactive,400,3,790,59,504,286,0.3620253164556962,0.11706349206349206,0.07468354430379746,0.9886198817360259,0.28921568627450983,0.026087725504067915,26.47457627118644,85,36.175438596491226,20.06382978723404,445,0,0,0,17711,2.4622568093385215,2.406779661016949,,
reactive,600,3,1189,128,774,415,0.3490328006728343,0.165374677002584,0.10765349032800672,0.9689397203399789,0.1614123581336696,0.04,37.1640625,125,41.07627118644068,30.462365591397848,636,10,0,0,24728,4.087908600444304,3.21875,,
reactive,800,3,1586,341,1082,504,0.31778058007566207,0.31515711645101663,0.2150063051702396,0.9438807138895233,0.19825581395348837,0.06538579536738763,37.50733137829912,105,45.211221122112214,22.817042606516292,729,12,0,0,28909,4.053756215562425,3.313782991202346,,
reactive,1200,3,2372,944,1758,614,0.2588532883642496,0.5369738339021616,0.3979763912310287,0.7600760456273764,0.12466983623877444,0.11284307162666157,51.253177966101696,125,58.52291105121294,30.523519645821803,669,145,0,36,23885,5.838457175269427,3.9788135593220337,,
reactive,1600,3,3170,1217,2298,872,0.2750788643533123,0.5295909486510009,0.3839116719242902,0.7423187913766762,0.11453039713909278,0.13330266386260076,51.704190632703366,130,60.53953488372093,30.033320111067038,917,164,0,60,30408,6.283799088682277,4.138044371405094,,
reactive,2000,3,3960,1567,2884,1076,0.2717171717171717,0.5433425797503467,0.39570707070707073,0.7251984522717301,0.11373203658005517,0.13980087074441508,56.737077217613276,135,63.71328671328671,29.11159196290572,1104,213,0,200,35938,6.374086820020528,4.11104020421187,,
reactive,3000,3,5945,2344,4288,1657,0.2787216148023549,0.5466417910447762,0.3942809083263246,0.7169079043555697,0.11005211512277571,0.12332687936695007,53.339590443686006,135,59.817080557238036,27.858035894333536,1692,252,0,193,53426,6.414199131975654,4.087457337883959,,
reactive,100,4,198,3,118,80,0.40404040404040403,0.025423728813559324,0.015151515151515152,0.999366687777074,1,0.006625441696113074,5.333333333333333,10,5.333333333333333,0,115,0,0,0,4734,1,0,,
reactive,200,4,396,23,253,143,0.3611111111111111,0.09090909090909091,0.05808080808080808,0.9949754232659749,0.5,0.016169853768278966,28.695652173913043,110,32.56521739130435,39.06666666666667,230,0,0,0,9109,1.445736434108527,0.9565217391304348,,
reactive,400,4,795,92,512,283,0.3559748427672956,0.1796875,0.11572327044025157,0.9775559658435264,0.2365038560411311,0.03214086081609838,36.96739130434783,120,43.172413793103445,31.914893617021278,420,0,0,0,16932,2.7844374342797056,2.5652173913043477,,
reactive,600,4,1193,232,794,399,0.3344509639564124,0.29219143576826195,0.1944677284157586,0.9423737437984989,0.17071376011773362,0.05346607669616518,46.900862068965516,135,50.850746268656714,29.010344827586206,551,11,0,10,22208,3.9143145161290325,3.603448275862069,,
reactive,800,4,1584,342,1065,519,0.32765151515151514,0.3211267605633803,0.2159090909090909,0.8909193936818246,0.11103896103896103,0.07120253164556962,51.42982456140351,135,52.294117647058826,35.56629834254144,683,40,0,23,25058,5.546576389647265,3.935672514619883,,
reactive,1200,4,2377,1017,1755,622,0.26167437946992006,0.5794871794871795,0.4278502313840976,0.747774385344689,0.12958715596330275,0.13093521474920178,54.24483775811209,135,62.094086021505376,27.711614730878185,609,129,0,70,23125,5.661790266512167,4.137659783677483,,
reactive,1600,4,3174,1211,2319,855,0.26937618147448017,0.5222078482104355,0.38153749212350346,0.7347136457198208,0.11054313099041534,0.11415912518853695,53.03303055326177,135,58.39032620922384,29.49467875443437,899,209,0,71,30096,6.265695969269901,4.193228736581338,,
reactive,2000,4,3966,1676,2933,1033,0.2604639435199193,0.5714285714285714,0.42259203227433184,0.7017437021699856,0.11406792350098686,0.11534438143478501,53.513723150358,135,59.08224755700326,27.703200483091788,1027,230,0,93,34289,6.2803533261457565,4.240453460620525,,
reactive,3000,4,5952,2497,4366,1586,0.2664650537634409,0.5719193770041228,0.41952284946236557,0.7065211590799936,0.11351031911991999,0.1308151718357083,53.290748898678416,135,62.27008149010477,27.861166203887347,1597,272,0,71,52575,6.45377174565087,4.235883059671606,,
reactive,100,5,199,16,125,74,0.37185929648241206,0.128,0.08040201005025126,0.9948027403732578,0.7272727272727273,0.01,7.5625,15,9.375,9.5,109,0,0,0,4211,1.1376344086021506,0.375,,
reactive,200,5,395,31,252,143,0.3620253164556962,0.12301587301587301,0.07848101265822785,0.9934158247247133,0.5344827586206896,0.012109374999999999,11.419354838709678,30,15.225806451612904,11.066666666666666,221,0,0,0,8751,1.2946317103620475,0.8709677419354839,,
reactive,400,5,792,123,522,270,0.3409090909090909,0.23563218390804597,0.1553030303030303,0.9701134249534897,0.2469879518072289,0.04072847682119205,34.68292682926829,120,36.69607843137255,21.50862068965517,399,0,0,0,16154,3.052221713238662,2.902439024390244,,
reactive,600,5,1191,269,817,374,0.3140218303946264,0.3292533659730722,0.2258606213266163,0.9319156461382024,0.17467532467532468,0.0556705298013245,47.83271375464684,130,51.87659574468085,34.68146214099217,542,6,0,4,21055,3.9463909630480565,3.104089219330855,,
reactive,800,5,1588,488,1111,477,0.30037783375314864,0.43924392439243926,0.30730478589420657,0.85881441301821,0.13391877058177826,0.07292289300657501,50.14754098360656,125,57.468671679197996,30.89051094890511,581,42,0,4,22096,5.31207155993981,3.8442622950819674,,
reactive,1200,5,2381,874,1717,664,0.27887442251154976,0.5090273733255678,0.3670726585468291,0.7948139109212935,0.12994350282485875,0.09450692041522493,48.943935926773456,135,54.9646017699115,29.54268656716418,725,118,0,48,25894,5.702113821138211,3.807780320366133,,
reactive,1600,5,3184,1264,2309,875,0.2748115577889447,0.5474231268947596,0.3969849246231156,0.7495491162678851,0.1213634181469035,0.10230510230510231,53.850474683544306,135,59.78778135048231,29.42886345053148,876,169,0,75,30931,6.073756706975254,4.092563291139241,,
reactive,2000,5,3972,1527,2863,1109,0.27920443101711984,0.533356618931191,0.38444108761329304,0.7277638241039748,0.11181079299992677,0.09833848531684698,52.09692206941716,130,59.94780447390224,27.911360799001248,1142,194,0,119,36155,6.183023141309699,4.036673215455141,,
reactive,3000,5,5964,2351,4320,1644,0.27565392354124746,0.544212962962963,0.39419852448021464,0.7262179161620502,0.11182458143074582,0.10791532021151587,52.163334751169714,135,58.218986604542806,28.094316309719932,1732,235,2,64,55430,6.386299299337765,4.134410888983411,,
reactive,100,6,198,0,122,76,0.3838383838383838,0,0,1,0,0,0,0,0,0,122,0,0,0,4813,0,0,,
reactive,200,6,397,6,247,150,0.3778337531486146,0.024291497975708502,0.015113350125944584,0.9991471215351813,0.75,0.009375,7.833333333333333,20,9.666666666666666,11.5,241,0,0,0,9372,1.1263736263736264,0.3333333333333333,,
reactive,400,6,795,58,508,287,0.3610062893081761,0.1141732283464567,0.0729559748427673,0.9861491108071135,0.23868312757201646,0.021804511278195486,34.41379310344828,110,39.14545454545455,35.74074074074074,450,0,0,0,17289,2.5514532600157107,2.3793103448275863,,
reactive,600,6,1195,173,784,411,0.34393305439330546,0.22066326530612246,0.14476987447698744,0.9551108928717571,0.1577028258887876,0.03992799113737076,45.16184971098266,140,50.052287581699346,36.442622950819676,608,3,0,0,23341,4.158271474019088,3.3179190751445087,,
reactive,800,6,1593,487,1121,472,0.2962962962962963,0.4344335414808207,0.30571249215317015,0.844437473040273,0.12276279304260146,0.08696428571428572,60.4435318275154,140,64.00797872340425,31.210407239819006,589,45,0,9,21458,5.597766308486335,3.9260780287474333,,
reactive,1200,6,2385,1001,1785,600,0.25157232704402516,0.5607843137254902,0.41970649895178197,0.7301684631769185,0.119722521229518,0.1366440974118161,57.112887112887115,130,65.5997375328084,28.8280664167113,627,157,0,65,22436,5.943455911427442,4.197802197802198,,
reactive,1600,6,3176,1391,2357,819,0.25787153652392947,0.5901569792108613,0.43797229219143574,0.6874599554063405,0.11406314063140631,0.15692689530685922,54.19985621854781,130,62.142857142857146,27.612305411415864,754,212,0,105,26545,6.261560350960399,4.2890007189072605,,
reactive,2000,6,3975,1798,2999,976,0.24553459119496857,0.5995331777259086,0.4523270440251572,0.689995933306222,0.11793257247802702,0.14528118939883647,52.6357063403782,130,62.21081081081081,27.603884638022365,960,241,0,58,33674,6.252747252747253,4.275305895439377,,
reactive,3000,6,5963,2517,4389,1574,0.2639610934093577,0.5734791524265208,0.4221029683045447,0.7018553638449399,0.11196121168987144,0.15618794678316125,54.43901470003973,135,61.37580362361192,28.371754523996852,1620,252,0,99,52485,6.545705851449728,4.293603496225665,,
reactive,100,7,197,0,129,68,0.34517766497461927,0,0,1,0,0,0,0,0,0,129,0,0,0,4761,0,0,,
reactive,200,7,396,2,256,140,0.35353535353535354,0.0078125,0.005050505050505051,0.9997892518440463,1,0.009025270758122744,5,10,5,0,254,0,0,0,9488,1,0,,
reactive,400,7,796,39,526,270,0.3391959798994975,0.0741444866920152,0.048994974874371856,0.9916913946587537,0.2532467532467532,0.0609375,37.84615384615385,100,47.73684210526316,19.166666666666668,487,0,0,0,18381,3.2890625,3.0256410256410255,,
reactive,600,7,1193,178,813,380,0.31852472757753564,0.21894218942189422,0.14920368818105617,0.9588084434799763,0.17049808429118773,0.11125,47.140449438202246,135,52.429752066115704,27.424657534246574,631,4,0,7,24275,4.351797289334119,4.033707865168539,,
reactive,800,7,1586,357,1098,488,0.3076923076923077,0.3251366120218579,0.22509457755359394,0.919779301120214,0.1488120050020842,0.09029745042492918,55.50140056022409,140,59.87412587412587,27.76536312849162,722,19,0,56,27435,4.816754584275308,3.8291316526610646,,
reactive,1200,7,2385,736,1707,678,0.2842767295597484,0.4311657879320445,0.30859538784067087,0.8224368295426486,0.11372064276885044,0.1040606266259473,53.06385869565217,135,60.80695652173913,32.98650385604113,824,147,0,36,29826,6.041281809613572,4.190217391304348,,
reactive,1600,7,3178,1185,2315,863,0.27155443675267465,0.5118790496760259,0.37287602265575837,0.7419764626926488,0.110078959591268,0.13434155632142208,54.24810126582278,135,62.92436040044494,28.707766212970377,911,219,0,146,30694,6.365063469293854,4.185654008438819,,
reactive,2000,7,3969,1643,2928,1041,0.2622826908541194,0.5611338797814208,0.41395817586293776,0.7085466639790365,0.11363164810844456,0.13996796837729164,53.90018259281801,135,61.12565905096661,27.4242700729927,1050,235,0,134,34845,6.410957312941632,4.216676810712112,,
reactive,3000,7,5964,2414,4376,1588,0.26626425217974514,0.5516453382084096,0.40476190476190477,0.7090611641775292,0.10946852893161618,0.13314066360748325,53.861640430820216,135,59.96339337594422,27.792937399678973,1665,296,1,168,53298,6.429820792154286,4.1806130903065455,,
reactive,100,8,200,11,127,73,0.365,0.08661417322834646,0.055,0.996221382529451,0.6470588235294118,0.015260821309655937,17.454545454545453,95,20.272727272727273,9.666666666666666,116,0,0,0,4482,1.2663934426229508,0.5454545454545454,,
reactive,200,8,400,20,249,151,0.3775,0.08032128514056225,0.05,0.9957226474561008,0.5263157894736842,0.017593244194229415,16.3,30,20.25,27.214285714285715,229,0,0,0,8846,1.4678899082568808,0.85,,
reactive,400,8,795,119,518,277,0.3484276729559748,0.22972972972972974,0.14968553459119496,0.9708046955781279,0.24791666666666667,0.049141063759497845,41.411764705882355,130,48.76635514018692,25.80672268907563,399,0,0,0,15949,2.980805243445693,2.722689075630252,,
reactive,600,8,1194,247,794,400,0.33500837520938026,0.3110831234256927,0.2068676716917923,0.9343691517604561,0.16379310344827586,0.08562118691070437,44.28744939271255,135,50.85990338164251,32.721739130434784,536,11,0,9,21410,4.427817933190076,3.7408906882591095,,
reactive,800,8,1588,515,1118,470,0.2959697732997481,0.4606440071556351,0.3243073047858942,0.8699529258678097,0.15155974102413183,0.13386358910376378,50.47378640776699,125,61.37850467289719,33.170212765957444,565,38,0,5,22688,4.940601631543168,3.9436893203883496,,
reactive,1200,8,2382,795,1663,719,0.30184718723761544,0.47805171377029465,0.3337531486146096,0.7765046435894343,0.1072584997301673,0.18567825112107622,51.982389937106916,125,61.787269681742046,32.45402951191827,737,131,0,57,25572,6.265231467855191,4.2779874213836475,,
reactive,1600,8,3176,1292,2327,849,0.26731738035264485,0.5552213149978513,0.4068010075566751,0.7283745479425277,0.11622885930190716,0.16209976914583962,54.40247678018576,135,61.89676113360324,28.967194133539174,835,200,0,78,29663,6.186861950443749,4.132352941176471,,
reactive,2000,8,3966,1686,2909,1057,0.2665153807362582,0.5795806118941217,0.42511346444780634,0.714550771402642,0.11911827045358203,0.17237853754294125,53.41637010676157,135,62.32603406326034,27.92872372829729,1020,203,0,71,35185,6.1942347288949895,4.210557532621589,,
reactive,3000,8,5947,2393,4300,1647,0.27694635950899615,0.5565116279069767,0.4023877585337145,0.713763944578983,0.1106333795654184,0.14561629831564601,53.17927287923109,135,59.88712422007941,28.099381361005786,1690,217,0,169,53521,6.419123697636439,4.142916840785625,,
reactive,100,9,198,6,129,69,0.3484848484848485,0.046511627906976744,0.030303030303030304,0.998280309544282,0.75,0.009375,8.5,20,10.166666666666666,10.5,123,0,0,0,4644,1.1284916201117319,0.3333333333333333,,
reactive,200,9,398,23,259,139,0.3492462311557789,0.0888030888030888,0.05778894472361809,0.9953621908127208,0.5476190476190477,0.021170839469808543,14.130434782608695,30,18.08695652173913,14.875,236,0,0,0,9014,1.4887983706720977,0.8260869565217391,,
reactive,400,9,792,194,554,238,0.3005050505050505,0.35018050541516244,0.24494949494949494,0.9439001476311905,0.23205741626794257,0.04917866558507402,38.77835051546392,115,47.08152173913044,19.788659793814432,360,0,0,4,14062,3.0713048498845263,2.922680412371134,,
reactive,600,9,1185,387,848,337,0.2843881856540084,0.4563679245283019,0.3265822784810127,0.8886142359884982,0.17527173913043478,0.06774261307940065,43.746770025839794,125,48.60650887573964,23.964583333333334,448,13,0,2,17595,4.293048391058708,3.4599483204134365,,
reactive,800,9,1579,555,1154,425,0.26915769474350854,0.4809358752166378,0.35148828372387586,0.8267027702561967,0.13341346153846154,0.08776091081593929,51.38198198198198,135,57.46481876332623,29.332965821389195,546,53,0,25,19756,5.149989301761643,3.8468468468468466,,
reactive,1200,9,2375,952,1743,632,0.26610526315789473,0.5461847389558233,0.4008421052631579,0.7611210946120621,0.12564339448330475,0.11607491221225127,51.59873949579832,135,60.25409836065574,29.998870694522868,683,108,0,136,23928,5.626690540592023,3.9884453781512605,,
reactive,1600,9,3173,1245,2333,840,0.26473369051370943,0.5336476639519931,0.3923731484399622,0.7445423118814225,0.11539531003800167,0.12379683398297668,53.68674698795181,135,59.65464480874317,29.381767515923567,906,182,0,103,31203,6.239661554732946,4.175903614457831,,
reactive,2000,9,3961,1752,2952,1009,0.25473365311789953,0.5934959349593496,0.4423125473365312,0.6988811649047757,0.11966395737996038,0.12027680140597538,51.28767123287671,135,58.86436950146628,27.133933933933935,1007,192,1,139,33726,6.155541165587419,4.045091324200913,,
reactive,3000,9,5951,2527,4351,1600,0.2688623760712485,0.5807860262008734,0.42463451520752815,0.6942507171309324,0.11236104935526901,0.11607503766582147,52.74990106846062,135,59.17656765676568,27.072662298987492,1606,218,0,113,50668,6.3992691604962015,4.1199050257222005,,
reactive,100,10,200,0,130,70,0.35,0,0,1,0,0,0,0,0,0,130,0,0,0,4861,0,0,,
reactive,200,10,400,8,256,144,0.36,0.03125,0.02,0.9987345776652958,0.6666666666666666,0.012499999999999999,9.125,15,11.875,9.25,248,0,0,0,9471,1.2341463414634146,0.5,,
reactive,400,10,798,49,515,283,0.35463659147869675,0.09514563106796116,0.06140350877192982,0.9903320952589032,0.2768361581920904,0.051041666666666666,29.857142857142858,80,38.638297872340424,24.26,466,0,0,0,18122,2.5501813784764207,2.36734693877551,,
reactive,600,10,1194,203,803,391,0.3274706867671692,0.25280199252801994,0.17001675041876047,0.9494450261780105,0.16818558409279205,0.07476428992339422,41.039408866995075,125,45.28813559322034,30.083067092651756,595,5,0,23,22610,4.167547690186164,2.9261083743842367,,
reactive,800,10,1588,428,1116,472,0.2972292191435768,0.3835125448028674,0.2695214105793451,0.8961020349670392,0.14758620689655172,0.12671719564187592,48.83878504672897,125,57.332352941176474,35.99316005471956,655,33,0,10,24947,5.220207525416623,3.7289719626168223,,
reactive,1200,10,2388,924,1781,607,0.25418760469011725,0.5188096574957889,0.3869346733668342,0.7692794312567779,0.12064238151194673,0.16041666666666668,55.14069264069264,130,63.599378881987576,30.701007838745802,713,144,0,30,25395,6.035828584809929,4.162337662337662,,
reactive,1600,10,3180,1332,2391,789,0.2481132075471698,0.5570890840652447,0.4188679245283019,0.7393697207532722,0.12229159015791406,0.1629317937175849,52.648648648648646,130,60.29838709677419,28.951142631993697,879,180,0,35,30720,6.074727555786196,4.188438438438438,,
reactive,2000,10,3979,1686,2963,1016,0.25534053782357374,0.569017887276409,0.4237245539080171,0.7193639842185611,0.11910985517484987,0.15803089382123572,53.95788849347568,135,61.126929674099486,27.526315789473685,1081,196,0,74,36012,6.155573439064126,4.098457888493476,,
reactive,3000,10,5950,2280,4321,1629,0.273781512605042,0.5276556352696136,0.3831932773109244,0.7277401442214995,0.10764364288749351,0.1689489596300907,53.83114035087719,135,62.81389420012747,28.583937198067634,1800,241,0,149,56242,6.648737477066037,4.198245614035088,,
reactive,100,11,196,7,122,74,0.37755102040816324,0.05737704918032787,0.03571428571428571,0.9972733469665985,0.5833333333333334,0.010937500000000001,12.571428571428571,35,15.714285714285714,17.666666666666668,115,0,0,0,4389,1.353211009174312,0.7142857142857143,,
reactive,200,11,396,11,247,149,0.37626262626262624,0.044534412955465584,0.027777777777777776,0.9973480662983425,0.4583333333333333,0.013297872340425532,12.272727272727273,25,16.363636363636363,11.25,236,0,0,0,9015,1.4330218068535825,0.9090909090909091,,
reactive,400,11,794,25,498,296,0.37279596977329976,0.050200803212851405,0.031486146095717885,0.9966673951048951,0.4098360655737705,0.021287465940054498,15.92,45,22.56,11.666666666666666,473,0,0,0,18224,1.7374784110535406,1.4,,
reactive,600,11,1193,157,776,417,0.3495389773679799,0.20231958762886598,0.13160100586756077,0.9652995577000402,0.18192352259559674,0.06328603676233473,43.904458598726116,120,49.1171875,30.921951219512195,615,4,0,0,23950,3.8857142857142857,3.127388535031847,,
reactive,800,11,1594,450,1094,500,0.3136762860727729,0.4113345521023766,0.2823086574654956,0.8712505596179675,0.1303969863807592,0.099592776203966,56.71333333333333,135,62.773109243697476,33.48795944233206,611,33,0,18,23299,5.303144063819803,3.8666666666666667,,
reactive,1200,11,2390,763,1654,736,0.3079497907949791,0.46130592503022977,0.3192468619246862,0.8048208618076802,0.11177849399355405,0.11121152052238806,56.66841415465269,135,62.95348837209303,31.278810408921935,770,121,0,77,27948,6.054363628353672,4.255570117955439,,
reactive,1600,11,3180,1173,2268,912,0.28679245283018867,0.5171957671957672,0.36886792452830186,0.7307320842186594,0.10518292682926829,0.12422689146827078,55.04177323103154,135,60.72828784119107,29.20234375,896,199,0,61,29951,6.4244986968778255,4.167945439045183,,
reactive,2000,11,3975,1630,2893,1082,0.27220125786163524,0.5634289664707915,0.410062893081761,0.7180797338244905,0.11450649806814191,0.1367266138773319,55.89325153374233,135,62.758003766478346,28.109073958980733,1044,219,0,139,35940,6.342423183001205,4.354601226993865,,
reactive,3000,11,5955,2346,4318,1637,0.2748950461796809,0.5433070866141733,0.39395465994962214,0.7250051964248597,0.11082766439909297,0.13884943181818185,54.73444160272805,135,62.19147621988882,29.120668815471394,1727,245,0,179,55341,6.413940348638902,4.153026427962489,,
reactive,100,12,198,4,124,74,0.37373737373737376,0.03225806451612903,0.020202020202020204,0.9987450324199958,0.6666666666666666,0.012499999999999999,8.75,15,11.5,9,120,0,0,0,4775,1.2254901960784315,0.5,,
reactive,200,12,395,10,247,148,0.37468354430379747,0.04048582995951417,0.02531645569620253,0.9982725113366444,0.625,0.014518002322880372,10.1,20,13.3,10.166666666666666,237,0,0,0,9246,1.2875,0.6,,
reactive,400,12,792,23,502,290,0.3661616161616162,0.045816733067729085,0.02904040404040404,0.9971537511411847,0.4339622641509434,0.024934952298352124,16.47826086956522,35,21.869565217391305,13.4,479,0,0,0,18563,1.7409638554216869,1.2173913043478262,,
reactive,600,12,1188,212,784,404,0.3400673400673401,0.27040816326530615,0.17845117845117844,0.9239172508709302,0.11984171848501979,0.0816137973514013,53.75,135,57.98809523809524,35.36919315403423,556,16,0,49,21356,5.1367246596066565,4.004716981132075,,
reactive,800,12,1589,330,1071,518,0.32599118942731276,0.3081232492997199,0.20767778477029578,0.8876147595764888,0.10328638497652583,0.11745444191343965,56.9,135,66.86046511627907,37.88639200998752,689,52,0,27,25189,6.2631578947368425,4.1030303030303035,,
reactive,1200,12,2382,839,1692,690,0.28967254408060455,0.4958628841607565,0.3522250209907641,0.7702739191743422,0.10957293979365286,0.15625,58.588796185935635,135,64.35831809872029,30.24049217002237,713,140,0,80,25493,6.490345487911912,4.283671036948748,,
reactive,1600,12,3182,1110,2262,920,0.2891263356379635,0.4907161803713528,0.3488372093023256,0.7562342135476464,0.10455915599095704,0.1614686372628884,61.1018018018018,140,69.1711956521739,29.656807131280388,960,192,0,112,32715,6.500382295471923,4.3621621621621625,,
reactive,2000,12,3971,1505,2884,1087,0.27373457567363385,0.5218446601941747,0.3789977335683707,0.7040971168437026,0.10155195681511471,0.15609442416196484,58.451827242524914,140,66.0603700097371,27.560982918789332,1114,265,0,256,34769,6.621270280965572,4.3049833887043185,,
reactive,3000,12,5946,2371,4333,1613,0.27127480659266734,0.5471959381490884,0.3987554658594013,0.708272419560894,0.10704288939051919,0.1658041958041958,56.10164487557992,135,63.32249674902471,27.219221604447974,1686,276,0,150,53271,6.66874125962229,4.343315056938001,,
reactive,100,13,197,15,127,70,0.3553299492385787,0.11811023622047244,0.07614213197969544,0.9942922374429224,0.6,0.021234428086070213,11.4,25,14.533333333333333,11.4,112,0,0,0,4355,1.3636363636363635,0.6666666666666666,,
reactive,200,13,395,38,253,142,0.3594936708860759,0.15019762845849802,0.09620253164556962,0.9889509188183299,0.4,0.022134203168685928,18.81578947368421,65,24.07894736842105,17.285714285714285,215,0,0,0,8493,1.8561484918793503,1.368421052631579,,
reactive,400,13,791,130,529,262,0.33122629582806573,0.24574669187145556,0.16434892541087232,0.9759445921711706,0.3341902313624679,0.03828032979976443,24.915384615384614,95,31.349206349206348,25.201612903225808,398,1,0,0,15760,2.364667747163695,1.6,,
reactive,600,13,1188,296,810,378,0.3181818181818182,0.3654320987654321,0.24915824915824916,0.9160330118694362,0.16344561016013254,0.07213881848313512,44.99324324324324,115,57.72373540856031,22.800995024875622,506,8,0,9,19709,4.259356229785923,3.6114864864864864,,
reactive,800,13,1588,563,1161,427,0.2688916876574307,0.48492678725236865,0.3545340050377834,0.8693445589739555,0.16952725082806383,0.10168328276260656,48.225577264653644,125,55.04338394793926,25.355555555555554,561,37,0,24,22015,4.666694194400859,3.6962699822380105,,
reactive,1200,13,2382,957,1759,623,0.26154492023509657,0.5440591245025582,0.4017632241813602,0.7450297257559292,0.11996991350131628,0.13578320090805904,53.64890282131662,135,62.319268635724335,29.25027085590466,657,145,0,79,23148,5.971267163006472,4.122257053291536,,
reactive,1600,13,3176,1254,2353,823,0.25913098236775817,0.5329366765830854,0.39483627204030225,0.7325643129494667,0.11315646995127233,0.14190657251493755,56.823763955342905,140,61.57226107226107,29.19202190066484,913,186,0,159,30077,6.335511114652219,4.1618819776714515,,
reactive,2000,13,3973,1482,2902,1071,0.26956959476466147,0.5106822880771882,0.3730178706267304,0.7313216165995664,0.10676464231683597,0.1330436656133295,55.25033738191633,135,58.984200743494426,29.556716876729173,1211,209,0,69,37572,6.641604748573954,4.0715249662618085,,
reactive,3000,13,5954,2294,4312,1642,0.2757809875713806,0.5320037105751392,0.38528720188108834,0.7323550054233394,0.10937351006007438,0.14553621275947826,53.08979947689625,135,61.24662576687117,28.59379465196979,1764,254,0,74,57100,6.574422196187028,4.143853530950305,,
reactive,100,14,196,8,128,68,0.3469387755102041,0.0625,0.04081632653061224,0.9974527701125027,0.6666666666666666,0.010266940451745381,9.375,25,11.875,10.75,120,0,0,0,4691,1.169291338582677,0.5,,
reactive,200,14,394,22,255,139,0.35279187817258884,0.08627450980392157,0.05583756345177665,0.9950166112956811,0.4888888888888889,0.02133436772692009,12.909090909090908,25,17.318181818181817,10.625,233,0,0,0,8985,1.5957446808510638,1.0454545454545454,,
reactive,400,14,787,146,531,256,0.3252858958068615,0.2749529190207156,0.1855146124523507,0.9530539816947886,0.19363395225464192,0.06517857142857143,41.513698630136986,115,53.404761904761905,21.1055900621118,380,5,0,0,15307,3.985810810810811,3.7260273972602738,,
reactive,600,14,1187,351,846,341,0.2872788542544229,0.4148936170212766,0.2957034540859309,0.9099510450009415,0.18348144276006273,0.1096875,42.41025641025641,115,55,20.016627078384797,477,18,0,0,19284,4.401098165260479,3.740740740740741,,
reactive,800,14,1586,658,1178,408,0.2572509457755359,0.5585738539898133,0.41488020176544765,0.8187811754500108,0.15749162278602202,0.12624712202609362,49.056231003039514,130,58.076171875,24.365405405405404,463,57,0,26,18786,4.853532958471648,3.8693009118541033,,
reactive,1200,14,2378,1038,1785,593,0.24936921783010935,0.5815126050420169,0.43650126156433977,0.7522888124147783,0.13604193971166448,0.13330935990958595,51.19364161849711,135,60.094313453536756,26.406053683609365,614,133,0,75,22983,5.6763658597993025,4.031791907514451,,
reactive,1600,14,3170,1353,2363,807,0.2545741324921136,0.5725772323317816,0.426813880126183,0.7353450836716506,0.1265550463006267,0.14538382188601393,52.33628972653363,135,58.28632478632478,27.12344189786892,833,177,0,106,29474,5.961374479748249,4.025129342202513,,
reactive,2000,14,3964,1564,2900,1064,0.2684157416750757,0.5393103448275862,0.39455095862764883,0.7253709749946236,0.11134049975083647,0.1603905160390516,54.5153452685422,135,60.16023166023166,28.910370143774855,1107,229,0,72,36853,6.599590030849164,4.292838874680307,,
reactive,3000,14,5944,2373,4302,1642,0.2762449528936743,0.5516039051603905,0.3992261103633917,0.7066563364101468,0.10806010928961748,0.12734512514489332,52.340918668352295,135,59.164492342597846,27.480893000804507,1678,251,0,252,52341,6.439525184472249,4.181626632954067,,
reactive,100,15,200,1,116,84,0.42,0.008620689655172414,0.005,0.9997865528281751,1,0.04807692307692307,127,130,127,0,115,0,0,0,4684,1,0,,
reactive,200,15,397,12,244,153,0.3853904282115869,0.04918032786885246,0.030226700251889168,0.9980269648142058,0.6666666666666666,0.013333333333333332,19.333333333333332,80,21.727272727272727,23,232,0,0,0,9105,1.2147887323943662,0.5,,
reactive,400,15,796,87,515,281,0.3530150753768844,0.16893203883495145,0.1092964824120603,0.9847614582112296,0.3346153846153846,0.04782321899736148,23.310344827586206,70,29.705882352941178,17.653846153846153,428,0,0,0,16796,2.3587239583333335,1.9425287356321839,,
reactive,600,15,1189,276,808,381,0.32043734230445753,0.3415841584158416,0.2321278385197645,0.9325098858133025,0.18169848584595127,0.10641579272054287,43.88768115942029,120,52.053941908713696,24.146706586826348,530,2,0,0,20976,4.200987166831195,3.786231884057971,,
reactive,800,15,1585,462,1108,477,0.30094637223974763,0.41696750902527074,0.2914826498422713,0.8787316203772464,0.14145744029393753,0.12099308610936518,51.422077922077925,135,56.762402088772845,30.92772667542707,607,39,0,11,23621,5.0860143198090695,3.8722943722943723,,
reactive,1200,15,2387,884,1720,667,0.2794302471721827,0.513953488372093,0.37033933808127356,0.7922138563007062,0.12415730337078652,0.13411821823036774,56.31674208144796,135,66.63108320251177,30.387530562347187,738,98,0,71,27010,5.803411929052195,4.167420814479638,,
reactive,1600,15,3174,1111,2242,932,0.29363579080025204,0.49553969669937553,0.35003150598613736,0.7702230397792595,0.111177824477134,0.13780015876165905,57.29252925292529,140,64.04749679075738,30.045321023919428,981,150,0,119,33225,6.245718906119149,4.189018901890189,,
reactive,2000,15,3966,1535,2863,1103,0.27811396873424105,0.536150890674118,0.3870398386283409,0.7396772939346812,0.11462922858636397,0.1366631054131054,52.84560260586319,130,61.131898971000936,28.451877563900283,1136,192,0,113,37812,6.46447974121843,4.092508143322475,,
reactive,3000,15,5957,2191,4265,1692,0.2840355883834145,0.5137162954279015,0.36780258519388953,0.7433609330034836,0.10775586485024345,0.12391973213881725,52.95116385212232,135,59.273092369477915,29.559958720330236,1828,246,0,191,58419,6.471194112784095,4.089000456412597,,
reactive,100,16,199,4,124,75,0.3768844221105528,0.03225806451612903,0.020100502512562814,0.998701579744644,0.6666666666666666,0.012499999999999999,8.75,20,11.75,10,120,0,0,0,4615,1.2156862745098038,0.5,,
reactive,200,16,397,4,251,146,0.3677581863979849,0.01593625498007968,0.010075566750629723,0.9993591797500802,0.6666666666666666,0.017421602787456445,8,15,10.75,10.5,247,0,0,0,9357,1.2417582417582418,0.5,,
reactive,400,16,796,23,516,280,0.35175879396984927,0.044573643410852716,0.028894472361809045,0.9968182063312301,0.3898305084745763,0.023958333333333335,17.956521739130434,40,25.842105263157894,15.411764705882353,493,0,0,0,18484,1.9310344827586208,1.565217391304348,,
reactive,600,16,1191,63,782,409,0.3434089000839631,0.08056265984654731,0.05289672544080604,0.9859239293201557,0.1675531914893617,0.044846241457858774,29.19047619047619,80,42.236363636363635,22.033333333333335,718,1,0,15,26304,3.59079754601227,2.6666666666666665,,
reactive,800,16,1590,434,1126,464,0.2918238993710692,0.38543516873889877,0.2729559748427673,0.8660101124443438,0.12221909321317939,0.15679190751445085,62.24654377880184,140,67.88372093023256,32.66229116945107,633,59,0,52,22839,5.706633146393347,4.147465437788019,,
reactive,1200,16,2383,1000,1774,609,0.2555602182123374,0.5636978579481398,0.419639110365086,0.7278403996413475,0.11766090128250382,0.15625,58.02,135,64.63649425287356,28.479132791327913,638,136,0,77,22565,5.972495504072781,4.305,,
reactive,1600,16,3177,1335,2317,860,0.2706956248032735,0.5761760897712559,0.4202077431539188,0.7184879146978056,0.11732138149222252,0.15018900189001888,56.52134831460674,140,63.29418472063854,28.822863831447524,794,188,0,80,28851,6.333240230556331,4.355056179775281,,
reactive,2000,16,3968,1659,2926,1042,0.2626008064516129,0.5669856459330144,0.4180947580645161,0.708928065990053,0.1152323400708481,0.16367403314917128,55.177215189873415,135,62.113240418118465,27.715700990693485,1061,206,0,161,34736,6.29724016213805,4.210367691380349,,
reactive,3000,16,5956,2463,4374,1582,0.2656145063801209,0.5631001371742113,0.4135325721961048,0.7126922359337935,0.11424463101257015,0.1355501254788007,53.40032480714576,135,60.54658050619278,28.871566884015017,1670,241,0,115,53022,6.353013790867602,4.050345107592367,,
reactive,100,17,199,4,126,73,0.36683417085427134,0.031746031746031744,0.020100502512562814,0.9991463935125907,1,0.0062499999999999995,4.75,10,4.75,0,122,0,0,0,4682,1,0,,
reactive,200,17,397,13,252,145,0.36523929471032746,0.051587301587301584,0.0327455919395466,0.998170666092758,0.7647058823529411,0.008125,7.923076923076923,30,9.538461538461538,13,239,0,0,0,9276,1.1075514874141876,0.3076923076923077,,
reactive,400,17,794,51,508,286,0.3602015113350126,0.10039370078740158,0.06423173803526448,0.9865944255152768,0.2125,0.024795799299883313,29.627450980392158,105,33.4468085106383,23.964912280701753,456,1,0,0,17650,3.017515923566879,2.549019607843137,,
reactive,600,17,1191,194,789,402,0.33753148614609574,0.2458808618504436,0.16288832913518053,0.9507401418086827,0.1632996632996633,0.04857772435897436,44.55154639175258,125,47.677215189873415,35.44897959183673,587,8,0,0,22913,4.297370361268125,3.283505154639175,,
reactive,800,17,1590,435,1104,486,0.30566037735849055,0.39402173913043476,0.27358490566037735,0.8916757148027507,0.14533912462412296,0.0977440230091677,49.8183908045977,130,60.32222222222222,32.117478510028654,641,28,0,13,24580,4.889764596080058,3.8,,
reactive,1200,17,2388,883,1725,663,0.2776381909547739,0.5118840579710144,0.36976549413735343,0.7512961268679476,0.10827713059472716,0.13852284136546184,53.89354473386184,130,63.03201219512195,32.113207547169814,694,148,0,71,24490,6.088567591056332,4.217440543601359,,
reactive,1600,17,3184,1395,2348,836,0.26256281407035176,0.59412265758092,0.4381281407035176,0.7062496826927959,0.12054960248876599,0.1523724222299895,52.14910394265233,135,60.736111111111114,27.883269961977188,756,197,0,140,27545,6.163987374293474,4.131899641577061,,
reactive,2000,17,3971,1622,2910,1061,0.26718710652228655,0.5573883161512028,0.4084613447494334,0.7176163739895671,0.11436226468307129,0.16364003228410007,52.46609124537608,135,60.084086799276676,28.840745192307693,1061,227,0,85,35814,6.295647823911956,4.094944512946979,,
reactive,3000,17,5965,2517,4367,1598,0.26789606035205366,0.5763682161667049,0.42196144174350375,0.7028313839506009,0.11296113454806571,0.1671225964092213,53.956694477552645,135,62.16953171310018,27.56393054459353,1617,233,0,162,52190,6.418967140803885,4.252284465633691,,
reactive,100,18,198,4,122,76,0.3838383838383838,0.03278688524590164,0.020202020202020204,0.9991226146084667,1,0.008012820512820514,21.25,70,21.25,0,118,0,0,0,4555,1,0,,
reactive,200,18,397,2,239,158,0.3979848866498741,0.008368200836820083,0.005037783375314861,0.9997865528281751,1,0.0062499999999999995,5,10,5,0,237,0,0,0,9368,1,0,,
reactive,400,18,794,22,504,290,0.36523929471032746,0.04365079365079365,0.027707808564231738,0.9950773182085719,0.2391304347826087,0.04858657243816254,64.04545454545455,145,66.3157894736842,43.17391304347826,482,0,0,0,18597,3.1702127659574466,2.6363636363636362,,
reactive,600,18,1195,38,753,442,0.3698744769874477,0.05046480743691899,0.031799163179916316,0.9967555875991349,0.4222222222222222,0.0427158273381295,25.92105263157895,105,32.24324324324324,20.032258064516128,715,0,0,0,27647,1.961661341853035,1.4473684210526316,,
reactive,800,18,1593,331,1081,512,0.3214061519146265,0.30619796484736356,0.20778405524168236,0.9087985769020251,0.12415603900975244,0.10437689202825429,55.25377643504532,140,58.136,37.21641791044776,728,22,0,56,26458,5.321588725176169,3.685800604229607,,
reactive,1200,18,2386,811,1713,673,0.2820620284995809,0.47343841214244015,0.33989941324392287,0.7934684356320163,0.11449950585909925,0.1251543209876543,56.348951911220716,140,62.780936454849495,32.123662306777646,776,126,0,67,27070,5.968755424405485,3.950678175092478,,
reactive,1600,18,3184,1164,2290,894,0.2807788944723618,0.508296943231441,0.3655778894472362,0.7507532442883917,0.11079383209594518,0.13092774228381177,52.96993127147766,135,57.82029339853301,30.462434712736037,942,184,0,76,31442,6.2491184865954,4.133161512027492,,
reactive,2000,18,3975,1467,2847,1128,0.2837735849056604,0.5152792413066386,0.3690566037735849,0.7485659112852843,0.11045854980799638,0.15857402282947078,54.06339468302659,135,61.2002002002002,29.670692943420217,1143,237,0,62,39319,6.464357153847844,4.226312201772324,,
reactive,3000,18,5967,2257,4297,1670,0.2798726328138093,0.525250174540377,0.37824702530584886,0.7236796575632136,0.10467974583739159,0.16165768966307584,55.92556490917146,135,64.38579654510556,29.209709911361806,1766,273,1,142,56064,6.7410103772826,4.2769162605228175,,
reactive,100,19,198,8,118,80,0.40404040404040403,0.06779661016949153,0.04040404040404041,0.9969033399690334,0.5714285714285714,0.012499999999999999,10.5,30,13.25,10.5,110,0,0,0,4507,1.2628865979381443,0.75,,
reactive,200,19,394,13,244,150,0.38071065989847713,0.05327868852459016,0.03299492385786802,0.9979123173277662,0.6842105263157895,0.01015625,8.23076923076923,25,10.307692307692308,10,231,0,0,0,9082,1.1684491978609626,0.46153846153846156,,
reactive,400,19,794,19,487,307,0.3866498740554156,0.039014373716632446,0.02392947103274559,0.9984740312823587,0.6785714285714286,0.015224358974358974,9.368421052631579,20,12.210526315789474,10.363636363636363,468,0,0,0,18321,1.2727272727272727,0.5789473684210527,,
reactive,600,19,1189,154,784,405,0.3406223717409588,0.19642857142857142,0.1295206055508831,0.9693685767984964,0.2010443864229765,0.0659698423577793,45.922077922077925,125,50.70161290322581,24.560439560439562,623,7,0,0,24229,3.873836276083467,3.2532467532467533,,
reactive,800,19,1588,307,1071,517,0.3255667506297229,0.28664799253034545,0.1933249370277078,0.9248125246678068,0.1342957130358705,0.0951997023071198,46.63192182410423,125,56.54307116104869,34.16326530612245,748,16,0,0,28089,5.153309628008753,3.791530944625407,,
reactive,1200,19,2379,754,1699,680,0.2858343841950399,0.44379046497939967,0.31693989071038253,0.7982666474071934,0.10797651439209509,0.1349126825078729,59.40981432360743,140,66.18625678119349,30.80804387568556,822,123,0,131,27443,6.26155415594784,4.2851458885941645,,
reactive,1600,19,3173,1280,2350,823,0.2593759848723605,0.5446808510638298,0.4034037188780334,0.7024654930986197,0.10757206487940163,0.1475334255417243,56.74609375,135,63.14689880304679,28.093868281604845,859,211,0,69,27899,6.502011792393147,4.3265625,,
reactive,2000,19,3971,1615,2940,1031,0.25963233442457817,0.5493197278911565,0.40669856459330145,0.7034895274432653,0.10823671335701361,0.1479913496078,57.702786377708975,140,64.33948339483395,27.750224081266808,1068,257,0,94,35163,6.500443148917732,4.3770897832817335,,
reactive,3000,19,5951,2328,4291,1660,0.27894471517392033,0.5425308785830809,0.3911947571836666,0.718446348002354,0.10813321566259464,0.14698454389332258,53.76159793814433,135,61.792418772563174,27.785670916818457,1681,281,1,92,54621,6.578323651024693,4.194158075601375,,
reactive,100,20,198,5,124,74,0.37373737373737376,0.04032258064516129,0.025252525252525252,0.9989035087719298,1,0.005208333333333334,5,10,5,0,119,0,0,0,4555,1,0,,
reactive,200,20,398,29,256,142,0.35678391959798994,0.11328125,0.0728643216080402,0.9932234018522702,0.48333333333333334,0.01294642857142857,13.724137931034482,50,17.96551724137931,15,227,0,0,0,8794,1.510126582278481,1.0689655172413792,,
reactive,400,20,794,102,530,264,0.33249370277078083,0.19245283018867926,0.12846347607052896,0.9839414334632188,0.375,0.031875,23.245098039215687,90,28.767676767676768,18.42222222222222,428,0,0,0,16647,2.1519296531509524,1.6176470588235294,,
reactive,600,20,1192,205,814,378,0.31711409395973156,0.25184275184275184,0.17197986577181207,0.9703042893804228,0.2812071330589849,0.053385416666666664,27.746341463414634,75,36.484042553191486,15.701570680628272,609,0,0,0,23806,3.0364693446088795,2.5609756097560976,,
reactive,800,20,1590,368,1122,468,0.2943396226415094,0.32798573975044565,0.23144654088050315,0.9262567156007254,0.17076566125290024,0.06752789195537287,39.86141304347826,120,45.77570093457944,24.82998171846435,740,14,0,40,26984,4.258974358974359,3.0434782608695654,,
reactive,1200,20,2379,824,1738,641,0.2694409415720891,0.47410817031070196,0.346364018495166,0.8041624217726677,0.12247324613555291,0.12229874139159344,51.54126213592233,130,60.08191653786708,30.540524070688605,788,126,0,81,27403,5.855269203458502,3.921116504854369,,
reactive,1600,20,3174,1278,2387,787,0.2479521109010712,0.5354000837871805,0.40264650283553877,0.7462595276183306,0.11848692749860931,0.14322216245293168,53.449139280125195,135,60.995735607675904,29.011396011396013,918,191,0,59,31529,6.151415696387174,4.348982785602504,,
reactive,2000,20,3977,1685,2966,1011,0.2542117173749057,0.5681051921780176,0.42368619562484283,0.7182291976299466,0.11850341092903861,0.17948444823178528,53.64629080118694,130,62.723422644770956,27.95042579075426,1058,223,0,157,35894,6.254501706013451,4.195845697329377,,
reactive,3000,20,5964,2439,4378,1586,0.2659289067739772,0.5571037003197807,0.408953722334004,0.7207443390649497,0.11224114127933732,0.15946179193472462,55.41205412054121,135,62.265053128689495,27.95085945399393,1695,244,0,124,55645,6.415888273064351,4.273882738827388,,
reactive,100,21,199,4,133,66,0.3316582914572864,0.03007518796992481,0.020100502512562814,0.9991706406800747,1,0.0062499999999999995,5,10,5,0,129,0,0,0,4819,1,0,,
reactive,200,21,398,6,261,137,0.3442211055276382,0.022988505747126436,0.01507537688442211,0.9991714995857498,0.75,0.009375,7.166666666666667,15,8.666666666666666,8.5,255,0,0,0,9648,1.125,0.3333333333333333,,
reactive,400,21,797,132,556,241,0.30238393977415307,0.23741007194244604,0.1656210790464241,0.9696718398294041,0.2578125,0.04329572290737339,28.46969696969697,85,38.666666666666664,17.73109243697479,424,0,0,0,16359,2.9878542510121457,2.840909090909091,,
reactive,600,21,1198,275,837,361,0.3013355592654424,0.32855436081242534,0.2295492487479132,0.9200512096062158,0.1518498067366096,0.062093569364161855,48.25090909090909,135,54.40725806451613,28.072681704260653,552,10,0,24,20768,4.528895612708018,3.570909090909091,,
reactive,800,21,1595,563,1178,417,0.26144200626959246,0.4779286926994907,0.3529780564263323,0.8255221700161882,0.12740439013351437,0.12031971277141391,53.09058614564831,135,59.972972972972975,28.977871443624867,560,55,0,26,20806,5.504046161424249,4.410301953818828,,
reactive,1200,21,2383,951,1765,618,0.2593369702056232,0.5388101983002833,0.3990767939571968,0.7594742540904716,0.11891959484806802,0.16255298782989197,54.42271293375394,130,65.8476621417798,29.410011248593925,694,120,0,64,25075,5.895087746187447,4.274447949526814,,
reactive,1600,21,3173,1158,2332,841,0.2650488496690829,0.49656946826758147,0.36495430192247086,0.7487119330205171,0.1059954233409611,0.14337361331220286,53.87910189982729,135,61.39058823529412,30.27186387020182,963,211,0,150,32290,6.373338316160376,4.167530224525043,,
reactive,2000,21,3963,1779,2999,964,0.2432500630835226,0.5931977325775258,0.4489023467070401,0.6969107273169546,0.11898073836276084,0.16087318237719744,56.236649803260256,135,64.46299342105263,26.63179791976226,1005,215,0,134,34076,6.159134968285935,4.175379426644182,,
reactive,3000,21,5943,2397,4313,1630,0.27427225307083963,0.5557616508230929,0.40333165068147403,0.7222688262244306,0.11138475836431226,0.16081204379562045,56.737588652482266,135,63.51315789473684,27.875973759737597,1665,251,0,109,55608,6.472497006299786,4.38005840634126,,
reactive,100,22,198,0,125,73,0.3686868686868687,0,0,1,0,0,0,0,0,0,125,0,0,0,4863,0,0,,
reactive,200,22,396,8,249,147,0.3712121212121212,0.0321285140562249,0.020202020202020204,0.9987456883035434,0.6666666666666666,0.012499999999999999,9.875,20,12.125,11.5,241,0,0,0,9555,1.2277227722772277,0.5,,
reactive,400,22,793,42,509,284,0.35813366960907944,0.0825147347740668,0.05296343001261034,0.9934292696171599,0.34710743801652894,0.026881720430107524,22.142857142857142,60,29.317073170731707,18.647058823529413,467,0,0,0,18284,2.0812356979405036,1.8095238095238095,,
reactive,600,22,1188,103,765,423,0.3560606060606061,0.134640522875817,0.0867003367003367,0.9654876908694298,0.1162528216704289,0.06486146095717885,45.57281553398058,140,48.6,36.713615023474176,649,13,0,3,24743,4.930181012190617,3.4271844660194173,,
reactive,800,22,1582,499,1151,431,0.2724399494310999,0.43353605560382275,0.31542351453855877,0.8863527943928663,0.1611236680658702,0.09673542183622828,43.22645290581163,115,52.333333333333336,26.488636363636363,616,36,0,0,24095,4.686001212016276,3.8296593186372747,,
reactive,1200,22,2379,985,1764,615,0.25851197982345525,0.558390022675737,0.4140395124001681,0.7566256657367487,0.12830532760192784,0.14444509619896764,50.71065989847716,130,60.97062937062937,29.879823594266814,660,119,0,107,23654,5.805022480535146,4.0284263959390865,,
reactive,1600,22,3170,1381,2384,786,0.24794952681388013,0.5792785234899329,0.43564668769716086,0.7271329746348962,0.12548841435711042,0.14170497455261863,51.364228819695875,130,59.21252566735113,26.924739791833467,812,191,0,65,29131,5.768634898423249,4.139029688631426,,
reactive,2000,22,3972,1778,2987,985,0.24798590130916415,0.5952460662872447,0.4476334340382679,0.6936270947110492,0.12050969228683747,0.13132238241550462,53.43644544431946,135,59.1858134155744,27.21068337809609,996,213,0,111,33101,6.07961918065026,4.16310461192351,,
reactive,3000,22,5955,2486,4364,1591,0.2671704450041982,0.5696608615948671,0.4174643157010915,0.6999023411008328,0.11236158192090395,0.12599845923042613,51.053901850362024,130,59.291826659352715,26.959723593287265,1666,212,0,137,51221,6.439205381798717,4.135559131134352,,
reactive,100,23,198,8,127,71,0.35858585858585856,0.06299212598425197,0.04040404040404041,0.9973918713323191,0.6666666666666666,0.012499999999999999,8.25,15,10.75,9.5,119,0,0,0,4589,1.202020202020202,0.5,,
reactive,200,23,399,24,250,149,0.37343358395989973,0.096,0.06015037593984962,0.9943592057761733,0.48,0.01875,14.25,40,19.125,14.176470588235293,226,0,0,0,8814,1.6445672191528544,1.125,,
reactive,400,23,794,81,519,275,0.34634760705289674,0.15606936416184972,0.10201511335012595,0.9829084421937043,0.2727272727272727,0.03616071428571429,38.02469135802469,140,41.542857142857144,31.06578947368421,437,1,0,0,17078,2.701553004726536,2.506172839506173,,
reactive,600,23,1193,283,805,388,0.32523051131601005,0.3515527950310559,0.2372170997485331,0.9144062414950558,0.1499735029146794,0.09511965582145739,48.30742049469965,135,58.013215859030836,29.793764988009592,512,10,0,4,20142,4.73392160190056,3.932862190812721,,
reactive,800,23,1588,479,1120,468,0.2947103274559194,0.4276785714285714,0.30163727959697734,0.8591968461330344,0.1314850398023607,0.10691964285714287,48.724425887265134,125,57.268844221105525,33.214454976303315,594,47,0,11,22185,5.439330198795678,3.977035490605428,,
reactive,1200,23,2383,1024,1786,597,0.25052454888795633,0.5733482642777156,0.4297104490138481,0.7142376304274656,0.12061248527679623,0.12163831606956192,52.59375,135,59.1314791403287,28.462972553081304,591,171,0,28,21099,6.029285568344344,4.14453125,,
reactive,1600,23,3173,1377,2347,826,0.2603214623384809,0.5867064337452067,0.4339741569492594,0.7062088190572732,0.11877857327697748,0.12492742052547538,54.77705156136528,140,61.11907164480323,27.94809688581315,781,189,0,59,27649,6.155454108601634,4.310094408133624,,
reactive,2000,23,3964,1676,2924,1040,0.2623612512613522,0.573187414500684,0.4228052472250252,0.6984271943176052,0.11278600269179004,0.1383203486068929,53.88066825775656,135,59.33703071672355,26.774736842105263,1026,222,0,78,34113,6.4044872035777365,4.295346062052506,,
reactive,3000,23,5955,2199,4264,1691,0.2839630562552477,0.5157129455909943,0.36926952141057934,0.7273022133423286,0.10461962985869927,0.14300764788512563,54.16916780354707,135,59.248081841432224,28.43741036672813,1821,244,0,143,55680,6.71617338920901,4.22237380627558,,
reactive,100,24,198,2,116,82,0.41414141414141414,0.017241379310344827,0.010101010101010102,0.9995688726018539,1,0.0062499999999999995,5,10,5,0,114,0,0,0,4637,1,0,,
reactive,200,24,397,29,250,147,0.3702770780856423,0.116,0.07304785894206549,0.9922125515345854,0.4264705882352941,0.015104166666666667,16.275862068965516,60,20.93103448275862,12.052631578947368,221,0,0,0,8656,1.645945945945946,1.1724137931034482,,
reactive,400,24,790,63,503,287,0.3632911392405063,0.12524850894632206,0.07974683544303797,0.9857405703771849,0.2540322580645161,0.024609375,37.44444444444444,110,41.92156862745098,17.254901960784313,440,0,0,0,17135,2.718299711815562,2.8412698412698414,,
reactive,600,24,1187,174,766,421,0.35467565290648695,0.22715404699738903,0.14658803706823925,0.9532173691149577,0.15818181818181817,0.043780193236714976,43.89655172413793,130,45.94117647058823,30.15867158671587,588,4,0,5,22382,4.295524508643145,3.1436781609195403,,
reactive,800,24,1587,420,1085,502,0.3163201008191556,0.3870967741935484,0.2646502835538752,0.8865120716225141,0.13579049466537343,0.09375000000000001,52.91904761904762,130,60.76021798365122,32.15521978021978,627,38,0,38,24115,5.130014702793531,3.757142857142857,,
reactive,1200,24,2381,1035,1774,607,0.25493490130197394,0.5834272829763247,0.4346913061738765,0.7141270392224922,0.12566779990286547,0.12028170323540349,52.2463768115942,135,58.57639751552795,27.322327044025158,562,177,0,76,20398,5.666860624315444,3.9014492753623187,,
reactive,1600,24,3175,1372,2333,842,0.2651968503937008,0.5880840120017146,0.4321259842519685,0.6981750366324764,0.12110512843145908,0.12486348744084456,53.33819241982507,135,58.51923076923077,26.94607843137255,770,191,0,213,25793,5.917693315858453,3.9045189504373177,,
reactive,2000,24,3968,1729,2935,1033,0.26033266129032256,0.5890971039182282,0.4357358870967742,0.6959589480436177,0.11766707499659725,0.12561755303690786,51.4812030075188,130,58.722529644268775,26.1931473620376,992,214,0,115,33348,6.177570611039321,4.197802197802198,,
reactive,3000,24,5948,2441,4313,1635,0.2748823133826496,0.5659633665661952,0.41039004707464694,0.708238310505364,0.11289949586050599,0.14433538315988648,53.36665301106104,130,62.0316273720529,27.034081796311145,1617,255,0,184,52064,6.3770339726714305,4.167144612863581,,
reactive,100,25,198,7,129,69,0.3484848484848485,0.05426356589147287,0.03535353535353535,0.9980793854033291,0.7777777777777778,0.008215962441314555,19.571428571428573,95,21,9.5,122,0,0,0,4677,1.0672268907563025,0.2857142857142857,,
reactive,200,25,397,17,258,139,0.3501259445843829,0.06589147286821706,0.042821158690176324,0.9969795037756203,0.6071428571428571,0.013762953367875648,13.588235294117647,55,16.88235294117647,11.3,241,0,0,0,9242,1.2647058823529411,0.6470588235294118,,
reactive,400,25,791,92,522,269,0.34007585335018964,0.17624521072796934,0.11630847029077118,0.9721169784513379,0.19532908704883228,0.03855179349648006,29.652173913043477,100,36.81818181818182,22.82608695652174,420,10,0,9,16400,3.586703858670386,2.5543478260869565,,
reactive,600,25,1192,342,831,361,0.3028523489932886,0.41155234657039713,0.28691275167785235,0.8892342057980868,0.14993423936869793,0.0958950201884253,48.219298245614034,130,53.74740484429066,25.08300395256917,466,23,0,2,18280,4.833418367346939,3.8157894736842106,,
reactive,800,25,1588,505,1124,464,0.29219143576826195,0.44928825622775803,0.31801007556675065,0.8417756420356074,0.12571570823998007,0.09878716744913928,54.75841584158416,135,57.09313725490196,27.130588235294116,561,58,0,48,21307,5.365927339216154,4.025742574257426,,
reactive,1200,25,2382,981,1758,624,0.2619647355163728,0.5580204778156996,0.41183879093198994,0.7386571621231095,0.1205307777368227,0.12155531324345759,55.186544342507645,135,62.93222506393862,29.522556390977442,623,154,0,109,22805,5.845440385160011,4.149847094801223,,
reactive,1600,25,3174,1413,2393,781,0.24606175173282924,0.5904722106142917,0.44517958412098296,0.696401303064237,0.11845083410176879,0.12973776994270605,54.546355272469924,135,60.053794428434195,27.16596235113331,799,181,0,139,27089,5.958312560833749,4.177636234961076,,
reactive,2000,25,3967,1682,2916,1051,0.26493571968742125,0.5768175582990398,0.42399798336274264,0.715531356651082,0.11664355062413315,0.1382223390967063,53.33293697978597,135,59.49505766062603,27.796698257413635,1046,188,0,100,35969,6.176205489255527,4.1807372175980975,,
reactive,3000,25,5950,2379,4322,1628,0.27361344537815124,0.550439611291069,0.39983193277310924,0.7130150733991892,0.1087493143170598,0.13197310611103713,53.27532576712905,135,59.991171277221895,27.71277233659804,1671,272,0,148,53851,6.454899546419731,4.210172341319883,,
reactive,100,26,198,10,128,70,0.35353535353535354,0.078125,0.050505050505050504,0.9969033399690334,0.7142857142857143,0.011436413540713633,16.2,80,18.3,11,118,0,0,0,4502,1.1481481481481481,0.4,,
reactive,200,26,396,30,258,138,0.3484848484848485,0.11627906976744186,0.07575757575757576,0.9915471026582138,0.39473684210526316,0.023437499999999997,30.133333333333333,110,36.266666666666666,36.82608695652174,228,0,0,0,8915,1.8453427065026362,1.5,,
reactive,400,26,794,110,530,264,0.33249370277078083,0.20754716981132076,0.1385390428211587,0.9761426715483642,0.2722772277227723,0.03819444444444445,29.636363636363637,90,37.74528301886792,23.821782178217823,419,1,0,0,16530,2.699371677138714,2.4545454545454546,,
reactive,600,26,1188,289,823,365,0.30723905723905726,0.3511543134872418,0.24326599326599327,0.9203572079460544,0.16533180778032036,0.06035923141186299,43.19723183391003,125,48.503846153846155,28.70990566037736,523,11,0,8,20177,4.274492099322799,3.114186851211073,,
reactive,800,26,1589,468,1113,476,0.29955947136563876,0.42048517520215634,0.2945248584015104,0.8716245094610872,0.14164648910411623,0.07672131147540984,47.75854700854701,130,53.5546875,32.97442143727162,603,42,0,22,22353,4.824210526315789,3.4935897435897436,,
reactive,1200,26,2379,907,1722,657,0.27616645649432536,0.5267131242740999,0.3812526271542665,0.7610864040660736,0.12059566547001728,0.09283901080904029,50.025358324145536,135,57.13661971830986,29.396942242355607,677,138,0,99,23779,5.8257166441542845,3.970231532524807,,
reactive,1600,26,3179,1256,2342,837,0.263290342875118,0.5362937660119556,0.3950927964768795,0.7342601547388781,0.11427531616777363,0.12493037319964988,52.04936305732484,130,60.38011049723757,29.270164447924824,886,200,0,109,30084,6.1933413149247265,4.203821656050955,,
reactive,2000,26,3969,1718,2966,1003,0.2527084908037289,0.5792312879298719,0.4328546233308138,0.723015873015873,0.12306590257879656,0.1286852828379674,51.34051222351572,135,58.641350210970465,28.788753799392097,1049,199,0,15,36238,6.162526242127361,4.09371362048894,,
reactive,3000,26,5942,2440,4342,1600,0.26926960619320095,0.5619530170428374,0.41063614944463145,0.7202574871452683,0.11412001309573921,0.1347054147160145,52.406967213114754,135,59.621212121212125,27.74607383234754,1657,245,0,120,54696,6.434554164734972,4.177049180327868,,
reactive,100,27,200,0,120,80,0.4,0,0,1,0,0,0,0,0,0,120,0,0,0,4813,0,0,,
reactive,200,27,397,16,253,144,0.36272040302267,0.06324110671936758,0.04030226700251889,0.9971264367816092,0.5925925925925926,0.016666666666666666,16.3125,75,20.25,19.1,237,0,0,0,9369,1.4543080939947781,0.75,,
reactive,400,27,796,52,505,291,0.3655778894472362,0.10297029702970296,0.06532663316582915,0.9903781979977753,0.30057803468208094,0.03296146044624747,21.76923076923077,60,28.32,15.159090909090908,453,0,0,0,17807,2.632819582955576,2.25,,
reactive,600,27,1191,137,776,415,0.34844668345927793,0.17654639175257733,0.11502938706968933,0.9644666033554923,0.15256124721603564,0.056055646481178396,36.96350364963504,115,45.15447154471545,34.77625570776256,634,5,0,16,24309,4.33393665158371,3.167883211678832,,
reactive,800,27,1588,471,1098,490,0.30856423173803527,0.42896174863387976,0.2965994962216625,0.8420843908629442,0.11828227021597187,0.09587200781631657,55.044585987261144,135,61.583541147132166,31.245515695067265,572,55,0,43,21159,5.635926993275697,3.9044585987261144,,
reactive,1200,27,2387,810,1698,689,0.2886468370339338,0.47703180212014135,0.33933808127356513,0.7590328215500598,0.10301411674933232,0.15707415451442755,62.89382716049383,140,69.42649727767694,33.34349482852477,714,174,0,107,24587,6.421009437833402,4.223456790123457,,
reactive,1600,27,3179,1098,2243,936,0.2944322113872287,0.4895229603209987,0.3453916325888644,0.7596096713743773,0.10438254586937921,0.1659412404787813,61.75136612021858,140,67.78601398601398,32.84204180064309,961,184,0,146,32988,6.727727669479197,4.462659380692168,,
reactive,2000,27,3968,1480,2859,1109,0.2794858870967742,0.5176635187128367,0.37298387096774194,0.7321666096606241,0.10500177367860944,0.17408487814058532,55.69391891891892,135,63.69215291750503,29.867901234567903,1150,229,0,84,38316,6.769509054925411,4.389864864864865,,
reactive,3000,27,5943,2396,4315,1628,0.2739357226989736,0.5552723059096176,0.403163385495541,0.7036499073864317,0.10773865731372813,0.1863489298158288,54.806343906510854,135,63.127023661270236,27.204012713547876,1646,273,0,164,52475,6.605024004412299,4.276293823038397,,
reactive,100,28,199,6,124,75,0.3768844221105528,0.04838709677419355,0.03015075376884422,0.9982777179763186,0.75,0.009375,8.333333333333334,20,10,13.5,118,0,0,0,4637,1.0847457627118644,0.3333333333333333,,
reactive,200,28,397,18,252,145,0.36523929471032746,0.07142857142857142,0.04534005037783375,0.9971843188217457,0.6923076923076923,0.009881422924901184,11.777777777777779,85,14.11111111111111,19.428571428571427,234,0,0,0,9208,1.134438305709024,0.4444444444444444,,
reactive,400,28,794,43,510,284,0.35768261964735515,0.08431372549019608,0.05415617128463476,0.9933409748376181,0.3524590163934426,0.01823270013568521,23.13953488372093,75,28.926829268292682,22.21875,467,0,0,0,18190,2.0076849183477425,1.558139534883721,,
reactive,600,28,1192,130,772,420,0.3523489932885906,0.16839378238341968,0.10906040268456375,0.9766511266511266,0.21630615640599002,0.04133808191299924,33.13076923076923,100,39.596638655462186,25.76510067114094,641,1,0,3,25124,3.228420655861289,2.6538461538461537,,
reactive,800,28,1592,380,1085,507,0.3184673366834171,0.35023041474654376,0.23869346733668342,0.8752198124267292,0.11156782149148561,0.08237946583420049,56.48421052631579,145,59.96013289036545,37.80810488676996,662,43,0,32,23812,5.6973805855161785,3.9289473684210527,,
reactive,1200,28,2379,849,1746,633,0.266078184110971,0.48625429553264604,0.35687263556116017,0.754291586073501,0.1044280442804428,0.12264532532069802,58.082449941107186,140,61.69108280254777,32.045755237045206,727,170,0,65,24782,6.327417038927888,4.227326266195524,,
reactive,1600,28,3175,1161,2319,856,0.26960629921259843,0.500646830530401,0.36566929133858267,0.7438834906426104,0.10512495472654836,0.13267964893033463,58.720068906115415,140,64.71816037735849,31.392534381139487,968,190,0,67,31917,6.500226321149712,4.203273040482343,,
reactive,2000,28,3971,1436,2857,1114,0.2805338705615714,0.5026251312565628,0.3616217577436414,0.7159473582349526,0.09784015807045036,0.13311086392287727,59.91852367688022,140,66.30876494023904,28.96098003629764,1167,254,0,107,36664,6.605061667080539,4.3335654596100275,,
reactive,3000,28,5961,2227,4327,1634,0.27411508136218754,0.5146752946614283,0.373595034390203,0.7238442039708172,0.10376479358866834,0.12590456806874717,54.5446789402784,135,60.91959157626037,28.639415156507415,1821,278,1,162,55887,6.618059494756283,4.323304894476875,,
reactive,100,29,200,4,119,81,0.405,0.03361344537815126,0.02,0.9986888111888111,0.6666666666666666,0.012499999999999999,10.5,20,13,10.5,115,0,0,0,4570,1.2178217821782178,0.5,,
reactive,200,29,399,17,251,148,0.37092731829573933,0.06772908366533864,0.042606516290726815,0.9957856062243354,0.4358974358974359,0.023903262092238472,23.823529411764707,100,28.823529411764707,18.166666666666668,234,0,0,0,9215,1.684375,1.2941176470588236,,
reactive,400,29,795,91,520,275,0.34591194968553457,0.175,0.11446540880503145,0.9820276497695852,0.2916666666666667,0.03151842615683014,35.02197802197802,135,35.9390243902439,30.378048780487806,429,0,0,0,17048,2.3661556603773586,2.2747252747252746,,
reactive,600,29,1192,165,774,418,0.35067114093959734,0.2131782945736434,0.13842281879194632,0.958031779404035,0.15895953757225434,0.05314351971141458,39.21818181818182,130,44.11258278145695,28.18942731277533,601,8,0,0,23686,4.422260970648067,3.5272727272727273,,
reactive,800,29,1592,307,1036,556,0.3492462311557789,0.29633204633204635,0.19283919597989949,0.9164882954506846,0.12489829129373474,0.08043387130580591,54.846905537459286,135,62.605947955390334,31.553264604810998,710,19,0,65,26897,5.3296674175168945,3.8697068403908794,,
reactive,1200,29,2388,834,1696,692,0.2897822445561139,0.49174528301886794,0.3492462311557789,0.7824904351984696,0.11460766799505291,0.12722723944349526,57.10911270983213,135,65.13513513513513,29.818772136953957,707,155,0,88,26013,6.125718876860622,4.23021582733813,,
reactive,1600,29,3183,1252,2305,878,0.27584040213634936,0.5431670281995662,0.39333961671379203,0.7215480076752474,0.11204582065509218,0.1517355051386465,55.75079872204473,135,63.08386277001271,28.246348962336665,809,244,0,103,28661,6.360300054697471,4.273162939297125,,
reactive,2000,29,3979,1627,2883,1096,0.27544609198291026,0.5643426985778702,0.4088967077155064,0.711183341797867,0.11444045860589436,0.1363011862475705,51.835279655808236,130,60.16652649285113,27.55025812329183,1013,243,0,116,34794,6.394279759147754,4.153657037492317,,
reactive,3000,29,5949,2411,4295,1654,0.27802992099512525,0.5613504074505239,0.40527819801647336,0.7240114145943742,0.11488064039643589,0.13813769079158453,51.92866030692659,135,59.76398601398601,27.79793601651187,1643,241,0,116,54713,6.3738022022890535,4.171712982165077,,
reactive,100,30,199,0,125,74,0.37185929648241206,0,0,1,0,0,0,0,0,0,125,0,0,0,4821,0,0,,
reactive,200,30,397,4,253,144,0.36272040302267,0.015810276679841896,0.010075566750629723,0.9995822890559732,1,0.008488964346349746,24.5,85,24.5,0,249,0,0,0,9572,1,0,,
reactive,400,30,792,41,525,267,0.3371212121212121,0.07809523809523809,0.05176767676767677,0.9941941726696054,0.37962962962962965,0.04719152854511971,24.902439024390244,75,29.41025641025641,23.805555555555557,484,0,0,0,18494,2.1140350877192984,1.6829268292682926,,
reactive,600,30,1193,92,774,419,0.3512154233025985,0.11886304909560723,0.07711651299245599,0.9773041690035521,0.1515650741350906,0.08493353028064994,46.358695652173914,120,51.949367088607595,24.25619834710744,679,3,0,0,26123,4.811012599160056,4.108695652173913,,
reactive,800,30,1589,229,1064,525,0.3303964757709251,0.21522556390977443,0.14411579609817496,0.9360915217050619,0.11230995586071604,0.1218603661132397,58.633187772925766,135,64.88461538461539,36.90637450199203,817,18,0,78,29749,5.56294576214961,3.8427947598253276,,
reactive,1200,30,2385,829,1707,678,0.2842767295597484,0.4856473345049795,0.34758909853249476,0.7886229498472581,0.1163182264627473,0.14394360327823308,57.13872135102533,135,63.40975609756097,31.333333333333332,764,114,0,159,26330,5.87866802755805,4.1749095295536796,,
reactive,1600,30,3173,1199,2331,842,0.2653640088244564,0.5143715143715144,0.37787582729278285,0.7372714085277401,0.1085264301230992,0.1536864232977851,53.88073394495413,135,61.77426636568849,30.04699842022117,948,184,0,129,30708,6.32208922742111,4.242702251876564,,
reactive,2000,30,3965,1617,2960,1005,0.25346784363177804,0.5462837837837838,0.4078184110970996,0.7203204096278051,0.11213592233009709,0.1796666666666667,58.31725417439703,140,64.16156787762907,28.880461165048544,1110,233,0,186,36773,6.454283318677273,4.332096474953618,,
reactive,3000,30,5961,2265,4302,1659,0.27830900855561147,0.5264993026499303,0.37996980372420736,0.7127726984701729,0.10197649813155643,0.16859703447865182,56.77836644591611,135,64.15598149372109,28.48857994041708,1814,223,0,158,54761,6.677586206896552,4.329801324503311,,
reactive,100,31,199,13,134,65,0.32663316582914576,0.09701492537313433,0.06532663316582915,0.996498139636682,0.8125,0.008938393839383938,11.76923076923077,80,13.076923076923077,30.333333333333332,121,0,0,0,4553,1.0798004987531171,0.23076923076923078,,
reactive,200,31,397,30,260,137,0.345088161209068,0.11538461538461539,0.07556675062972293,0.9948163670453292,0.6382978723404256,0.0125250501002004,14.166666666666666,30,16.7,18.875,230,0,0,0,9020,1.2329842931937174,0.5333333333333333,,
reactive,400,31,791,166,542,249,0.3147914032869785,0.3062730627306273,0.20986093552465235,0.9519347230190603,0.22015915119363394,0.051875,38.1566265060241,100,46.18,24.48876404494382,375,1,0,0,14926,3.1828627708470125,2.9698795180722892,,
reactive,600,31,1189,317,841,348,0.2926829268292683,0.3769322235434007,0.26661059714045415,0.9261527377521613,0.19329268292682927,0.08003433649767724,40.305993690851736,130,44.97071129707113,26.712435233160623,522,2,0,3,20539,3.878782867537622,3.302839116719243,,
reactive,800,31,1589,474,1130,459,0.28886091881686593,0.4194690265486726,0.2983008181246067,0.8675933835520696,0.13900293255131965,0.09671890303623899,43.88607594936709,125,50.80779220779221,33.553899082568805,608,48,0,2,22248,5.124180751983443,3.476793248945148,,
reactive,1200,31,2383,1125,1823,560,0.23499790180444818,0.6171146461876028,0.47209399916072176,0.7005975755506232,0.12830748175182483,0.1274585334904378,51.309333333333335,130,58.63125763125763,27.441740031071983,564,134,0,20,20396,5.707577931394288,4.182222222222222,,
reactive,1600,31,3177,1518,2405,772,0.24299653761410137,0.6311850311850312,0.47780925401322,0.6838526763447352,0.12604832682886324,0.1366189070487436,52.492753623188406,130,59.795004306632215,26.711312902005297,707,180,0,46,25815,5.891429488796643,4.25098814229249,,
reactive,2000,31,3969,1819,2974,995,0.25069286974048877,0.6116341627437795,0.4583018392542202,0.6902108371106583,0.12208873078730116,0.13417620677446004,51.51401869158879,130,58.40530303030303,27.03063063063063,955,200,0,25,33033,6.09470216854241,4.166025288620121,,
reactive,3000,31,5958,2534,4338,1620,0.2719033232628399,0.5841401567542647,0.42531050688150385,0.6954606087554065,0.11211397221484824,0.14167822158608043,53.81807419100237,135,61.23262331838565,27.366199960560046,1564,240,0,83,51201,6.344123238921659,4.23164956590371,,
reactive,100,32,199,4,124,75,0.3768844221105528,0.03225806451612903,0.020100502512562814,0.9987384356602187,0.6666666666666666,0.012499999999999999,11.75,25,14.5,15.5,120,0,0,0,4750,1.22,0.5,,
reactive,200,32,397,11,245,152,0.38287153652392947,0.044897959183673466,0.027707808564231738,0.9980464510527458,0.6111111111111112,0.011458333333333334,10.090909090909092,25,13.181818181818182,10.6,234,0,0,0,9196,1.2525597269624573,0.6363636363636364,,
reactive,400,32,795,57,518,277,0.3484276729559748,0.11003861003861004,0.07169811320754717,0.9912860076594328,0.3630573248407643,0.02544642857142857,18.263157894736842,45,26.39622641509434,14.133333333333333,461,0,0,0,17860,2.026890756302521,1.719298245614035,,
reactive,600,32,1192,119,769,423,0.3548657718120805,0.15474642392717816,0.09983221476510067,0.9762288786482335,0.19224555735056542,0.043316831683168314,39.3109243697479,140,44.596330275229356,19.652482269503547,649,1,0,26,25388,3.5170575692963753,2.7142857142857144,,
reactive,800,32,1591,261,1068,523,0.3287240729101194,0.2443820224719101,0.16404776869893148,0.944983513895431,0.14897260273972604,0.07414772727272727,48.6551724137931,135,48.421875,34.43119266055046,789,18,0,32,30008,4.559305689488911,3.3946360153256707,,
reactive,1200,32,2385,881,1742,643,0.269601677148847,0.5057405281285878,0.36939203354297695,0.7569848750885624,0.11167448345797946,0.12871084618980833,53.022701475595916,135,59.87339743589744,32.72282608695652,713,148,0,80,24312,6.108808903623017,4.163450624290579,,
reactive,1600,32,3171,1264,2321,850,0.26805424156417534,0.5445928479103834,0.39861242510249134,0.7315284967676418,0.11661592397822677,0.14215024741340532,55.19620253164557,135,64.25621621621622,28.926071569012976,873,184,0,130,29240,6.197227670982085,4.0609177215189876,,
reactive,2000,32,3970,1680,2937,1033,0.26020151133501257,0.5720122574055159,0.42317380352644834,0.7081247361119489,0.11572638974994834,0.14336428181321684,52.62202380952381,130,60.72164948453608,27.793895436687823,1031,226,0,111,34929,6.257226677097594,4.172023809523809,,
reactive,3000,32,5959,2431,4366,1593,0.26732673267326734,0.5568025652771416,0.40795435475750963,0.7131946378137555,0.11239019879796579,0.14696991681176244,52.44014808720691,135,59.70549970431697,27.568982679673503,1712,223,0,177,53238,6.412885343768028,4.204853969559852,,
reactive,100,33,198,4,123,75,0.3787878787878788,0.032520325203252036,0.020202020202020204,0.998911860718172,0.8,0.009398496240601503,15.5,45,17,9,119,0,0,0,4590,1.1043478260869566,0.25,,
reactive,200,33,394,6,249,145,0.3680203045685279,0.024096385542168676,0.015228426395939087,0.9991312846128787,0.75,0.009375,8.5,20,10.333333333333334,11,243,0,0,0,9201,1.1022727272727273,0.3333333333333333,,
reactive,400,33,791,88,526,265,0.3350189633375474,0.16730038022813687,0.11125158027812895,0.9824715162138475,0.29333333333333333,0.034374999999999996,23.852272727272727,80,34.04705882352941,16.16883116883117,437,1,0,0,16814,2.609518658734451,2.3863636363636362,,
reactive,600,33,1188,278,822,366,0.30808080808080807,0.3381995133819951,0.234006734006734,0.9314109991977895,0.1806367771280052,0.06077299755159146,44.4136690647482,125,52.1501976284585,25.089820359281436,540,4,0,0,20894,4.02390158172232,3.449640287769784,,
reactive,800,33,1586,561,1156,430,0.27112232030264816,0.4852941176470588,0.3537200504413619,0.8533982928007731,0.1540785498489426,0.09036726804123713,42.83422459893048,120,50.907865168539324,27.51345029239766,556,39,0,37,21130,4.736846307385229,3.6167557932263814,,
reactive,1200,33,2376,1026,1769,607,0.25547138047138046,0.5799886941775014,0.4318181818181818,0.7290659572397236,0.1228595377799066,0.1224343675417661,56.136452241715396,135,62.838134430727024,29.22239830956154,573,170,0,52,22308,5.977708823739211,4.314814814814815,,
reactive,1600,33,3173,1330,2319,854,0.2691459186889379,0.5735230702889177,0.41916167664670656,0.7130130206350416,0.11762624922614309,0.13996464051187069,53.05187969924812,135,59.96195652173913,28.035398230088497,807,182,0,99,27821,6.362688531227857,4.285714285714286,,
reactive,2000,33,3969,1652,2911,1058,0.26656588561350464,0.5675025764342151,0.41622574955908287,0.7084348108459165,0.1149937352081303,0.13800708414088084,54.22094430992736,135,62.03398926654741,27.77334955886827,1030,229,0,44,34656,6.398659052371022,4.272397094430993,,
reactive,3000,33,5942,2430,4321,1621,0.2728037697744867,0.5623698218005091,0.4089532144059239,0.7192302149791048,0.11338185890257559,0.1485620659297662,54.71893004115226,140,62.163593099345626,28.207425343018564,1664,226,1,98,54537,6.426544197327003,4.237037037037037,,
reactive,100,34,198,0,122,76,0.3838383838383838,0,0,1,0,0,0,0,0,0,122,0,0,0,4638,0,0,,
reactive,200,34,396,0,243,153,0.38636363636363635,0,0,1,0,0,0,0,0,0,243,0,0,0,9433,0,0,,
reactive,400,34,790,37,511,279,0.3531645569620253,0.07240704500978473,0.04683544303797468,0.9950595597518801,0.4111111111111111,0.030915775401069517,36.91891891891892,135,37.371428571428574,22.275862068965516,474,0,0,0,18117,2.001364256480218,1.5675675675675675,,
reactive,600,34,1183,203,797,386,0.32628909551986474,0.2547051442910916,0.17159763313609466,0.9602506120078005,0.21189979123173278,0.0799968474148802,43.80788177339902,125,51.87428571428571,29.872427983539094,591,3,0,14,23114,3.4863297431648714,3.0344827586206895,,
reactive,800,34,1584,393,1082,502,0.31691919191919193,0.3632162661737523,0.2481060606060606,0.8889910619045868,0.13021868787276342,0.11034366576819407,60.50381679389313,140,64.39041095890411,34.65803814713897,656,33,0,66,24045,5.261510327022375,3.8066157760814248,,
reactive,1200,34,2367,884,1717,650,0.2746092099704267,0.5148514851485149,0.37346852555978033,0.7839144972534033,0.12213318596297319,0.1461833575869824,58.13461538461539,135,66.44403669724771,30.968641114982578,714,119,0,152,26013,5.8647635889015195,4.230769230769231,,
reactive,1600,34,3163,1361,2356,807,0.2551375276636105,0.5776740237691002,0.4302877015491622,0.7169485155956408,0.12046379890246062,0.13848188848188847,55.518001469507716,135,61.337899543378995,28.462369741412584,824,171,0,88,28364,6.061348774522038,4.2461425422483465,,
reactive,2000,34,3959,1809,2990,969,0.24475877746905783,0.6050167224080267,0.4569335690831018,0.6790792860458248,0.11892709223588192,0.12208454810495628,54.718076285240464,135,64.15338793745346,26.066666666666666,947,234,0,112,31918,5.986287686160552,4.310668877833057,,
reactive,3000,34,5946,2478,4357,1589,0.267238479650185,0.5687399586871701,0.4167507568113017,0.7117967091295117,0.11409365072056725,0.1266715740399951,53.720338983050844,135,60.10852272727273,27.433238636363637,1658,220,1,104,53330,6.368134384709654,4.169895076674738,,
reactive-tower,100,0,196,16,124,72,0.3673469387755102,0.12903225806451613,0.08163265306122448,0.9936450295052202,0.5714285714285714,0.016666666666666666,11.1875,35,14.375,11.5,108,0,0,0,4378,1.3333333333333333,0.75,,
reactive-tower,200,0,394,24,255,139,0.35279187817258884,0.09411764705882353,0.06091370558375635,0.9951939197496368,0.5581395348837209,0.018726591760299626,11.125,25,14.454545454545455,11,231,0,0,0,8904,1.4074803149606299,0.7916666666666666,,
reactive-tower,400,0,788,100,515,273,0.3464467005076142,0.1941747572815534,0.12690355329949238,0.981231636385441,0.3194888178913738,0.042172739541160596,24.14,65,30.208333333333332,17.730337078651687,415,0,0,0,16361,2.7496490407112777,2.08,,
reactive-tower,600,0,1189,353,837,352,0.2960470984020185,0.4217443249701314,0.2968881412952061,0.9176715373339008,0.20275703618609994,0.08436902485659656,35.342776203966004,100,44.5125,25.415584415584416,477,7,0,0,19382,4.291960165168812,3.26628895184136,,
reactive-tower,800,0,1582,711,1182,400,0.2528445006321112,0.6015228426395939,0.44943109987357777,0.8412751258895501,0.18641845831148401,0.10660309463835912,42.50070323488045,120,52.96610169491525,26.43308080808081,455,16,0,0,20171,4.87077033837293,3.8452883263009845,,
reactive-tower,1200,0,2378,1257,1849,529,0.22245584524810766,0.6798269334775554,0.5285954583683767,0.7657260347447779,0.15988298142966167,0.13442125074856703,47.47732696897375,125,58.67359667359668,30.330019880715707,562,30,0,5,25603,5.339852882477048,4.337311058074781,,
reactive-tower,1600,0,3165,1613,2416,749,0.23665086887835704,0.6676324503311258,0.5096366508688783,0.7586615729152945,0.14674308588064047,0.12313729082692071,47.6478611283323,130,55.54619787408013,30.646123260437374,766,36,1,20,34372,5.555894721113412,4.5536267823930565,,
reactive-tower,2000,0,3960,2025,3008,952,0.2404040404040404,0.6732047872340425,0.5113636363636364,0.762018681067389,0.1496784684751275,0.13667656587473004,47.809382716049384,130,56.92749836708034,30.05127186009539,940,43,0,7,43072,5.5734973392654625,4.506172839506172,,
reactive-tower,3000,0,5953,2671,4438,1515,0.25449353267260205,0.6018476791347454,0.44868133714093733,0.8069699882285604,0.14943493342284883,0.13683962457477766,48.649569449644325,130,58.0055,30.076716417910447,1725,35,7,12,74372,5.586293520178154,4.435791838262823,,
reactive-tower,100,1,195,10,132,63,0.3230769230769231,0.07575757575757576,0.05128205128205128,0.9976055724858511,0.9090909090909091,0.006446621970087674,5.4,15,5.8,12,122,0,0,0,4583,1.0287769784172662,0.1,,
reactive-tower,200,1,392,18,256,136,0.3469387755102041,0.0703125,0.04591836734693878,0.997491547606064,0.782608695652174,0.008311784263021796,13.11111111111111,70,14.5,10.4,238,0,0,0,9146,1.0904761904761904,0.2777777777777778,,
reactive-tower,400,1,790,72,510,280,0.35443037974683544,0.1411764705882353,0.09113924050632911,0.9896783759124088,0.39779005524861877,0.01827782290820471,19.38888888888889,55,26.10144927536232,16.959183673469386,438,0,0,0,17355,1.9226890756302522,1.5555555555555556,,
reactive-tower,600,1,1189,304,827,362,0.30445752733389403,0.3675937122128174,0.255677039529016,0.9353270223752151,0.20226214238190285,0.06381192275398824,41.44078947368421,120,48.61254612546126,29.885714285714286,521,2,0,0,21728,4.181925808997632,3.5098684210526314,,
reactive-tower,800,1,1593,459,1111,482,0.30257376020087884,0.41314131413141314,0.288135593220339,0.8964915225784791,0.148880960103795,0.085903578379997,48.766884531590414,135,57.76231884057971,34.71678321678322,649,3,0,4,26642,5.279306747974003,4.485838779956427,,
reactive-tower,1200,1,2384,1118,1793,591,0.24790268456375839,0.6235359732292247,0.46895973154362414,0.7940935416894328,0.14833488125248773,0.12407884222676019,49.74776386404293,135,58.00119189511323,32.29050678087081,650,25,0,5,28964,5.464543716997635,4.564400715563506,,
reactive-tower,1600,1,3176,1457,2378,798,0.2512594458438287,0.6126997476871321,0.4587531486146096,0.8049267100977199,0.15205593821749114,0.12800463874051168,48.56417295813315,130,58.96136154553818,30.519823788546255,890,30,1,9,39330,5.451874844797616,4.450240219629375,,
reactive-tower,2000,1,3975,1707,2925,1050,0.2641509433962264,0.5835897435897436,0.4294339622641509,0.8059147093225429,0.1390178353286098,0.12757084778189645,51.09666080843585,130,60.39921568627451,32.84591474245116,1167,50,1,11,50695,5.657411221883497,4.650263620386643,,
reactive-tower,3000,1,5947,2566,4431,1516,0.254918446275433,0.5791017828932521,0.43147805616277113,0.8132188410793193,0.14351230425055927,0.1397908040967531,51.24084177708496,135,61.39590980597798,33.47529200359389,1820,44,1,29,77517,5.664008980484716,4.567809820732657,,
reactive-tower,100,2,200,6,123,77,0.385,0.04878048780487805,0.03,0.998673446827327,1,0.00625,5,10,5,0,117,0,0,0,4517,1,0,,
reactive-tower,200,2,397,34,254,143,0.3602015113350126,0.13385826771653545,0.08564231738035265,0.990792956611808,0.425,0.02125,21.852941176470587,45,27.272727272727273,22.083333333333332,220,0,0,0,8609,1.818918918918919,1.411764705882353,,
reactive-tower,400,2,795,139,529,266,0.33459119496855344,0.2627599243856333,0.17484276729559747,0.9684698802733028,0.27634194831013914,0.04873772791023843,30.798561151079138,110,38.98412698412698,22.16030534351145,390,0,0,0,15444,3.0681281618887013,2.4892086330935252,,
reactive-tower,600,2,1191,274,818,373,0.3131821998320739,0.33496332518337407,0.23005877413937867,0.9492343468913167,0.23681936041486604,0.06586538461538462,35.175182481751825,100,44.842911877394634,25.366197183098592,544,0,0,12,21610,3.457531914893617,2.7664233576642334,,
reactive-tower,800,2,1586,552,1131,455,0.28688524590163933,0.4880636604774536,0.3480453972257251,0.8899052358128133,0.18344965104685942,0.09583333333333333,45.45652173913044,125,53.303983228511534,32.90620031796502,576,2,1,13,24258,4.577390659747961,3.5905797101449277,,
reactive-tower,1200,2,2380,911,1723,657,0.27605042016806725,0.5287289611143354,0.38277310924369745,0.8392857142857143,0.14755425979915776,0.11540995236647408,49.6410537870472,130,58.68233618233618,33.21104699093157,777,35,0,85,32063,5.353433704155037,4.083424807903403,,
reactive-tower,1600,2,3169,1291,2326,843,0.26601451562006945,0.555030094582975,0.4073840328179236,0.8128077851242912,0.1353107640708521,0.1480640425727131,51.36638264910922,135,59.607226107226104,34.274157303370785,982,51,2,57,41201,5.83299521220482,4.608055770720372,,
reactive-tower,2000,2,3965,1698,2946,1019,0.2569987389659521,0.5763747454175153,0.4282471626733922,0.8069483144619647,0.14166527615551477,0.14479159560679447,50.58421672555948,130,58.717605004468275,32.13115487914055,1197,50,1,28,49848,5.7841708699171805,4.648409893992933,,
reactive-tower,3000,2,5957,2541,4388,1569,0.2633876112136982,0.5790793072014585,0.42655699177438305,0.8145190293850092,0.14491017964071856,0.13877965657360072,49.66469893742621,130,58.69639978506179,32.09808102345416,1804,42,1,33,76622,5.6589962931280295,4.512790240062968,,
reactive-tower,100,3,197,6,124,73,0.37055837563451777,0.04838709677419355,0.030456852791878174,0.9982873046456862,0.75,0.009375,17.666666666666668,75,19.166666666666668,39.5,118,0,0,0,4663,1.1284916201117319,0.3333333333333333,,
reactive-tower,200,3,398,6,246,152,0.38190954773869346,0.024390243902439025,0.01507537688442211,0.9991493886230728,0.75,0.009375,8.666666666666666,20,10.333333333333334,11.5,240,0,0,0,9397,1.125,0.3333333333333333,,
reactive-tower,400,3,790,60,505,285,0.36075949367088606,0.1188118811881188,0.0759493670886076,0.9891176963000168,0.3076923076923077,0.026529890343119915,25.85,85,33.517857142857146,20.4468085106383,445,0,0,0,17713,2.5402877697841726,2.3,,
reactive-tower,600,3,1189,140,777,412,0.34650967199327165,0.18018018018018017,0.11774600504625736,0.9700867947923124,0.18134715025906736,0.04375,37.864285714285714,110,46.28099173553719,27.23841059602649,637,0,0,0,25029,4.803753351206434,3.65,,
reactive-tower,800,3,1586,341,1082,504,0.31778058007566207,0.31515711645101663,0.2150063051702396,0.9458843908385193,0.2021339656194428,0.06538579536738763,38.28152492668622,120,44.9448051948052,27.236702127659573,738,3,0,2,29453,4.294170303233748,3.2991202346041058,,
reactive-tower,1200,3,2372,1011,1752,620,0.26138279932546377,0.577054794520548,0.42622259696458686,0.8202945728160521,0.15011135857461025,0.12085206082050302,48.705242334322456,125,58.415189873417724,32.7515479876161,719,22,0,29,30642,5.380525056306307,4.36597428288823,,
reactive-tower,1600,3,3170,1280,2321,849,0.2678233438485804,0.5514864282636794,0.4037854889589905,0.8221318367586382,0.14072119613016712,0.14020329477742727,49.975,135,57.48679678530425,32.346335697399525,1011,29,1,19,41822,5.617511520737327,4.5546875,,
reactive-tower,2000,3,3959,1592,2890,1069,0.2700176812326345,0.5508650519031142,0.4021217479161404,0.8198033350305499,0.14057395143487858,0.14203126115195203,49.90075376884422,130,58.208842897460016,31.6811797752809,1252,45,1,134,51128,5.733421496064672,4.5458542713567835,,
reactive-tower,3000,3,5946,2522,4368,1578,0.26538849646821394,0.5773809523809523,0.424150689539186,0.8089059899725464,0.13989349900155315,0.1326921458035188,51.33187946074544,135,58.4421768707483,33.7027027027027,1798,44,4,61,75931,5.7209428107831135,4.544409199048374,,
reactive-tower,100,4,198,3,118,80,0.40404040404040403,0.025423728813559324,0.015151515151515152,0.999366687777074,1,0.006625441696113074,5.333333333333333,10,5.333333333333333,0,115,0,0,0,4734,1,0,,
reactive-tower,200,4,396,24,254,142,0.35858585858585856,0.09448818897637795,0.06060606060606061,0.9950851900393185,0.5333333333333333,0.01687289088863892,28.208333333333332,110,33.17391304347826,31.928571428571427,230,0,0,0,9111,1.5474452554744527,0.9583333333333334,,
reactive-tower,400,4,795,88,511,284,0.3572327044025157,0.17221135029354206,0.11069182389937107,0.9791068763632189,0.24175824175824176,0.030743432084963666,37.57954545454545,135,37.81818181818182,35.71910112359551,423,0,0,0,17036,3.1825503355704696,2.465909090909091,,
reactive-tower,600,4,1193,239,803,390,0.3269069572506287,0.29763387297633875,0.20033528918692373,0.9454757346208275,0.18244274809160305,0.055079277286135694,44.19665271966527,135,49.248803827751196,32.46923076923077,563,1,0,0,22705,4.167631970875393,3.5439330543933054,,
reactive-tower,800,4,1584,359,1070,514,0.3244949494949495,0.3355140186915888,0.22664141414141414,0.9249748073984982,0.15554592720970536,0.07474183877415057,49.701949860724234,125,55.683673469387756,35.30248306997743,707,4,0,4,28383,5.111968328088519,4.272980501392758,,
reactive-tower,1200,4,2377,1091,1773,604,0.2541018090029449,0.6153412295544275,0.4589819099705511,0.7959687257402683,0.1482538388367985,0.14046245751364714,49.778185151237395,130,59.35006435006435,33.26609442060086,650,32,0,47,28529,5.554937413073714,4.523373052245646,,
reactive-tower,1600,4,3174,1447,2386,788,0.24826717076244487,0.6064543168482817,0.45589161940768747,0.7927799306547012,0.1424212598425197,0.13640648567119157,50.65998617829993,135,58.624091381100726,32.40845824411135,909,28,2,67,38597,5.614730948989028,4.65860400829302,,
reactive-tower,2000,4,3967,1862,2983,984,0.24804638265691958,0.6242038216560509,0.46937232165364257,0.7842733497396749,0.1444979047027782,0.12814513020976712,50.35553168635875,130,58.792028985507244,30.65309584393554,1072,48,1,30,46569,5.602830098479778,4.5859291084855,,
reactive-tower,3000,4,5952,2585,4410,1542,0.2590725806451613,0.5861678004535147,0.43430779569892475,0.8148307170309244,0.1461938694717792,0.13542539815590948,49.57485493230174,135,58.56990394877268,31.834292638594366,1795,26,4,1,77527,5.632397463726722,4.533462282398452,,
reactive-tower,100,5,199,16,125,74,0.37185929648241206,0.128,0.08040201005025126,0.9948027403732578,0.7272727272727273,0.01,7.5625,15,9.375,9.5,109,0,0,0,4211,1.1376344086021506,0.375,,
reactive-tower,200,5,395,31,252,143,0.3620253164556962,0.12301587301587301,0.07848101265822785,0.993421798797777,0.5344827586206896,0.012109374999999999,13.193548387096774,45,15.433333333333334,15.066666666666666,221,0,0,0,8759,1.418854415274463,0.8709677419354839,,
reactive-tower,400,5,792,121,521,271,0.3421717171717172,0.23224568138195778,0.1527777777777778,0.9694391179290508,0.2372549019607843,0.040066225165562915,34.16528925619835,100,40.32142857142857,25.123893805309734,400,0,0,0,16162,3.4970193740685542,2.84297520661157,,
reactive-tower,600,5,1191,275,822,369,0.30982367758186397,0.33454987834549876,0.23089840470193115,0.9312534866755353,0.17166042446941324,0.05691225165562914,45,130,50.10548523206751,37.98187311178248,547,0,0,0,21675,4.4284617746392385,3.3527272727272726,,
reactive-tower,800,5,1588,490,1101,487,0.3066750629722922,0.44504995458673935,0.30856423173803527,0.8774449121069572,0.1414141414141414,0.07322175732217573,49.86938775510204,135,55.42028985507246,36.86687306501548,609,2,0,43,24712,5.127428697118557,3.9816326530612245,,
reactive-tower,1200,5,2381,917,1729,652,0.2738345233095338,0.5303643724696356,0.3851322973540529,0.8370169316272457,0.14544012688342586,0.09915657439446368,47.13086150490731,125,55.30939226519337,31.24097397145256,788,24,0,59,32199,5.394318692849648,4.2748091603053435,,
reactive-tower,1600,5,3184,1377,2360,824,0.25879396984924624,0.5834745762711865,0.4324748743718593,0.8063291139240506,0.14285714285714285,0.11145104895104896,50.74727668845316,135,58.355533790401566,33.00448933782267,944,39,0,5,39898,5.5833462512272,4.557734204793029,,
reactive-tower,2000,5,3972,1730,2918,1054,0.26535750251762336,0.592871830020562,0.43554884189325277,0.8057597438661832,0.1454881843410983,0.11141164348274087,50.297687861271676,135,59.33695652173913,32.10125448028674,1155,30,3,39,49070,5.554197926409425,4.469364161849711,,
reactive-tower,3000,5,5964,2565,4406,1558,0.26123407109322605,0.5821606899682251,0.4300804828973843,0.8199566160520607,0.15223455397946464,0.11773832256169213,48.71734892787524,130,57.13934426229508,30.970978697128743,1803,36,2,15,76341,5.466404737501423,4.304483430799221,,
reactive-tower,100,6,198,0,122,76,0.3838383838383838,0,0,1,0,0,0,0,0,0,122,0,0,0,4813,0,0,,
reactive-tower,200,6,397,6,247,150,0.3778337531486146,0.024291497975708502,0.015113350125944584,0.9991471215351813,0.75,0.009375,7.833333333333333,20,9.666666666666666,11.5,241,0,0,0,9372,1.1263736263736264,0.3333333333333333,,
reactive-tower,400,6,795,58,510,285,0.3584905660377358,0.11372549019607843,0.0729559748427673,0.9873920945024989,0.26126126126126126,0.021804511278195486,32,115,37.56363636363636,31.5531914893617,452,0,0,0,17376,3.1883674818241903,2.396551724137931,,
reactive-tower,600,6,1195,177,785,410,0.34309623430962344,0.22547770700636943,0.14811715481171547,0.9550444328280188,0.15831842576028624,0.04085118168389956,45.77401129943503,140,51.605095541401276,37.25,608,0,0,7,23731,4.477008928571428,3.7401129943502824,,
reactive-tower,800,6,1594,513,1127,467,0.2929736511919699,0.4551907719609583,0.321831869510665,0.8624163488522703,0.13415271966527198,0.09160714285714286,54.46783625730994,135,61.19315403422983,33.08613138686131,595,18,1,0,23878,5.62428399688848,4.549707602339181,,
reactive-tower,1200,6,2385,1140,1792,593,0.24863731656184487,0.6361607142857143,0.4779874213836478,0.7651287857345033,0.1373825018076645,0.1556186523970733,54.87280701754386,130,64.92170818505338,33.61778367617784,615,37,0,7,26873,5.798195036349963,4.685964912280702,,
reactive-tower,1600,6,3176,1579,2452,724,0.22795969773299748,0.6439641109298532,0.4971662468513854,0.7569537280607185,0.14008161816891412,0.17813628158844763,52.123495883470554,135,59.86685032139577,31.14591439688716,818,53,2,61,34908,5.9358331484357665,4.734008866371121,,
reactive-tower,2000,6,3975,1973,3037,938,0.2359748427672956,0.6496542640763912,0.4963522012578616,0.7715497419651525,0.14709610079773355,0.15942146089204914,50.5636087176888,130,60.46702047005307,30.105219893136045,1008,53,3,30,45096,5.716893310212649,4.680182463253928,,
reactive-tower,3000,6,5963,2651,4452,1511,0.25339594164011403,0.5954627133872417,0.44457487841690424,0.805260022129543,0.14483173076923078,0.16450307783955523,50.69407770652584,130,59.51456310679612,31.498222748815166,1742,56,3,7,75379,5.790295276683133,4.650697849867974,,
reactive-tower,100,7,197,0,129,68,0.34517766497461927,0,0,1,0,0,0,0,0,0,129,0,0,0,4761,0,0,,
reactive-tower,200,7,396,2,256,140,0.35353535353535354,0.0078125,0.005050505050505051,0.9997892518440463,1,0.009025270758122744,5,10,5,0,254,0,0,0,9488,1,0,,
reactive-tower,400,7,796,39,526,270,0.3391959798994975,0.0741444866920152,0.048994974874371856,0.9912200377053595,0.2392638036809816,0.0609375,40.333333333333336,110,48.611111111111114,27.63157894736842,487,0,0,0,18396,3.593094944512947,3,,
reactive-tower,600,7,1193,166,815,378,0.316848281642917,0.20368098159509201,0.13914501257334452,0.9657178074804514,0.18651685393258427,0.10375,44.86746987951807,120,53.1578947368421,34.2,648,1,0,0,25050,4.476525821596244,3.7228915662650603,,
reactive-tower,800,7,1586,357,1103,483,0.30453972257250944,0.3236627379873073,0.22509457755359394,0.9279880509740362,0.15754633715798763,0.09029745042492918,54.470588235294116,140,59.51890034364261,35.102222222222224,743,3,0,56,29122,4.973980382034073,4.0476190476190474,,
reactive-tower,1200,7,2385,834,1730,655,0.2746331236897275,0.4820809248554913,0.34968553459119495,0.8511029856890331,0.1356318100504147,0.11791652527994571,48.99040767386091,135,57.29220779220779,33.195885509838995,868,28,0,15,35043,5.735771690995572,4.5503597122302155,,
reactive-tower,1600,7,3178,1331,2356,822,0.25865324103209564,0.5649405772495756,0.4188168659534298,0.7973081236981253,0.13152173913043477,0.15089334300743698,50.063861758076634,130,60.483193277310924,32.830065359477125,978,42,5,67,39561,5.8509315193664655,4.707738542449286,,
reactive-tower,2000,7,3969,1857,2997,972,0.24489795918367346,0.6196196196196196,0.46787603930461075,0.7795628962295629,0.1405434042231136,0.15819873236556944,51.64728056004308,130,61.29512006196747,30.633629817873782,1096,44,0,45,46500,5.815218223583461,4.760366182014001,,
reactive-tower,3000,7,5965,2612,4475,1490,0.24979044425817268,0.5836871508379888,0.43788767812238055,0.8149023996283902,0.148976216277876,0.14406106600776564,49.1156202143951,130,58.03092783505155,31.664953129724825,1801,55,7,31,76871,5.651445581813331,4.459418070444104,,
reactive-tower,100,8,200,11,127,73,0.365,0.08661417322834646,0.055,0.996221382529451,0.6470588235294118,0.015260821309655937,17.454545454545453,95,20.272727272727273,9.666666666666666,116,0,0,0,4482,1.2663934426229508,0.5454545454545454,,
reactive-tower,200,8,400,20,249,151,0.3775,0.08032128514056225,0.05,0.9957226474561008,0.5263157894736842,0.017593244194229415,16.3,30,20.25,27.214285714285715,229,0,0,0,8846,1.463302752293578,0.85,,
reactive-tower,400,8,795,120,518,277,0.3484276729559748,0.23166023166023167,0.1509433962264151,0.9690571532580997,0.23529411764705882,0.049554013875123884,38.358333333333334,110,46.14150943396226,28.310344827586206,398,0,0,0,15962,3.4555347091932456,2.9,,
reactive-tower,600,8,1194,258,800,394,0.32998324958123953,0.3225,0.21608040201005024,0.9405056803621765,0.18521177315147164,0.08943427620632279,47.383720930232556,125,54.29680365296804,29.348754448398576,539,3,0,0,21974,4.45221787345075,3.9147286821705425,,
reactive-tower,800,8,1588,567,1136,452,0.28463476070528965,0.49911971830985913,0.3570528967254408,0.8718327001807251,0.16316546762589929,0.14737991266375544,50.1305114638448,130,59.01336302895323,31.558692421991086,564,5,0,12,23583,5.20052733832917,4.313932980599647,,
reactive-tower,1200,8,2382,916,1695,687,0.2884130982367758,0.5404129793510325,0.38455079764903444,0.8194841661900057,0.1319314417398819,0.2139387144992526,53.02401746724891,135,63.6,35.32921174652241,757,22,0,41,31309,5.94876963450348,4.71943231441048,,
reactive-tower,1600,8,3176,1484,2403,773,0.24338790931989923,0.6175613816063255,0.4672544080604534,0.7897028956680137,0.14774990043807248,0.1861888989260263,47.34636118598383,125,60.56261682242991,29.694960212201593,877,42,0,36,37532,5.789662632842776,4.613207547169812,,
reactive-tower,2000,8,3966,1853,3013,953,0.24029248613212303,0.6150016594756057,0.4672213817448311,0.793359149707506,0.14776714513556619,0.1894528054964829,49.31948192120885,130,61.018982536066815,30.605386917486104,1111,47,2,9,47918,5.8071406359325195,4.704263356718834,,
reactive-tower,3000,8,5947,2595,4394,1553,0.261140070623844,0.5905780609922622,0.43635446443585,0.811890548320622,0.14653565983398273,0.15790818810242432,49.44431599229287,130,59.13454351308062,30.82112332112332,1745,48,6,20,76091,5.719430832749975,4.568400770712909,,
reactive-tower,100,9,198,6,129,69,0.3484848484848485,0.046511627906976744,0.030303030303030304,0.998280309544282,0.75,0.009375,8.5,20,10.166666666666666,10.5,123,0,0,0,4644,1.1284916201117319,0.3333333333333333,,
reactive-tower,200,9,398,23,259,139,0.3492462311557789,0.0888030888030888,0.05778894472361809,0.9953621908127208,0.5476190476190477,0.021170839469808543,14.130434782608695,30,18.08695652173913,14.875,236,0,0,0,9014,1.4887983706720977,0.8260869565217391,,
reactive-tower,400,9,792,198,561,231,0.2916666666666667,0.35294117647058826,0.25,0.9480023695122753,0.25063291139240507,0.050192658689920906,39.04545454545455,120,46.34594594594594,29.491891891891893,363,0,0,0,14403,3.414674167838725,2.8838383838383836,,
reactive-tower,600,9,1185,372,845,340,0.2869198312236287,0.44023668639053254,0.3139240506329114,0.9054437198752481,0.18590704647676162,0.0651169304019045,46.505376344086024,130,51.9153605015674,32.22604422604422,470,3,0,0,19135,4.348956067855589,3.588709677419355,,
reactive-tower,800,9,1579,608,1176,403,0.2552248258391387,0.5170068027210885,0.3850538315389487,0.8633676618210209,0.1654421768707483,0.0961416824794434,47.536184210526315,130,54.17171717171717,31.225714285714286,565,3,0,0,23145,5.023539063486053,4.162828947368421,,
reactive-tower,1200,9,2375,1003,1771,604,0.2543157894736842,0.5663466967814794,0.4223157894736842,0.8235941512499345,0.14898989898989898,0.12229321108076474,47.49152542372882,130,57.33507853403141,32.46938775510204,734,33,1,10,31308,5.385280289330923,4.421734795613161,,
reactive-tower,1600,9,3173,1414,2361,812,0.25590923416325245,0.5988987717069039,0.44563504569807755,0.7949171855288324,0.14029169560472268,0.14060138413809561,49.619519094766616,130,58.766098484848484,31.2396288209607,907,38,2,13,38841,5.757289964849745,4.699434229137199,,
reactive-tower,2000,9,3961,1879,2992,969,0.2446351931330472,0.6280080213903744,0.47437515778843725,0.7889725235117601,0.14926914521766763,0.12899549648506148,48.380521554018095,130,57.82008368200837,30.04611443210931,1067,44,2,32,46831,5.59538528024652,4.465141032464077,,
reactive-tower,3000,9,5951,2634,4450,1501,0.25222651655184003,0.5919101123595506,0.4426146866072929,0.8137162552717775,0.15135321496293744,0.12098996802998567,48.54707668944571,130,58.49469964664311,30.964816499848347,1781,33,2,34,75746,5.444089721796094,4.359149582384206,,
reactive-tower,100,10,200,0,130,70,0.35,0,0,1,0,0,0,0,0,0,130,0,0,0,4861,0,0,,
reactive-tower,200,10,400,8,256,144,0.36,0.03125,0.02,0.9987345776652958,0.6666666666666666,0.012499999999999999,9.125,15,11.875,9.25,248,0,0,0,9471,1.2341463414634146,0.5,,
reactive-tower,400,10,798,49,515,283,0.35463659147869675,0.09514563106796116,0.06140350877192982,0.9906118661645107,0.28488372093023256,0.051041666666666666,31.6734693877551,95,39.255319148936174,25.770833333333332,466,0,0,0,18140,2.7320872274143304,2.326530612244898,,
reactive-tower,600,10,1194,209,804,390,0.32663316582914576,0.2599502487562189,0.17504187604690116,0.9519802996100964,0.17863247863247864,0.07697407189157336,40.09090909090909,120,42.58045977011494,32.384905660377356,595,0,0,2,23142,4.270803949224259,3.2200956937799043,,
reactive-tower,800,10,1588,476,1129,459,0.2890428211586902,0.4216120460584588,0.29974811083123426,0.9062531433361274,0.17024320457796852,0.14092846991946945,51.46218487394958,140,55.77906976744186,36.577132486388386,652,1,0,3,26960,4.96140350877193,4.2478991596638656,,
reactive-tower,1200,10,2388,1016,1793,595,0.24916247906197656,0.5666480758505298,0.42546063651591287,0.8199827516233766,0.14315908130195856,0.1763888888888889,54.28346456692913,140,61.93519882179676,36.32944832944833,744,33,0,0,32193,5.711849325226161,4.825787401574803,,
reactive-tower,1600,10,3180,1414,2390,790,0.24842767295597484,0.5916317991631799,0.4446540880503145,0.8081239765147581,0.14716902581182348,0.17296212936686567,50.662659123055164,130,60.42523860021209,32.71747414262384,941,35,0,33,40249,5.678809802822642,4.5226308345120225,,
reactive-tower,2000,10,3979,1848,3007,972,0.2442824830359387,0.6145660126371799,0.4644383010806735,0.7978332900207901,0.148469510725476,0.17321535692861426,49.38636363636363,130,59.44634146341463,32.32950680272109,1121,36,2,27,48872,5.771442400774443,4.518939393939394,,
reactive-tower,3000,10,5950,2486,4420,1530,0.2571428571428571,0.5624434389140271,0.41781512605042015,0.821585542858311,0.1424233743912919,0.18421364633351117,51.85036202735318,135,62.35191846522782,33.1704756022236,1880,45,9,45,80026,5.83593392862585,4.64320193081255,,
reactive-tower,100,11,196,7,122,74,0.37755102040816324,0.05737704918032787,0.03571428571428571,0.997272107297113,0.5833333333333334,0.010937500000000001,11.142857142857142,25,14.428571428571429,14,115,0,0,0,4387,1.360730593607306,0.7142857142857143,,
reactive-tower,200,11,396,11,247,149,0.37626262626262624,0.044534412955465584,0.027777777777777776,0.9973480662983425,0.4583333333333333,0.013297872340425532,12.272727272727273,25,16.363636363636363,12.875,236,0,0,0,9015,1.5276967930029155,0.9090909090909091,,
reactive-tower,400,11,794,25,498,296,0.37279596977329976,0.050200803212851405,0.031486146095717885,0.9968908525609557,0.43859649122807015,0.021287465940054498,15.72,45,22.52,13.555555555555555,473,0,0,0,18276,1.8774834437086092,1.4,,
reactive-tower,600,11,1193,159,775,418,0.3503772003352892,0.20516129032258065,0.13327745180217937,0.9706172741992812,0.21370967741935484,0.06409222831344728,45.132075471698116,130,51.50769230769231,32.9,616,0,0,0,24560,3.7741573033707865,3.2138364779874213,,
reactive-tower,800,11,1594,469,1107,487,0.3055207026348808,0.42366757000903343,0.294228356336261,0.892363137120302,0.14955357142857142,0.10379780453257792,55.5863539445629,135,62.25857519788918,35.251264755480605,632,6,0,27,25941,5.273856209150327,4.219616204690832,,
reactive-tower,1200,11,2390,872,1677,713,0.298326359832636,0.5199761478831246,0.36485355648535567,0.8314293746326255,0.1322013341419042,0.12709888059701493,53.7098623853211,135,62.567880794701985,32.70612582781457,772,33,0,7,32362,5.81967532214739,4.799311926605505,,
reactive-tower,1600,11,3180,1333,2310,870,0.27358490566037735,0.577056277056277,0.41918238993710694,0.8019441069258809,0.13406416574474506,0.1411717359993222,51.8364591147787,135,60.64055793991416,32.75473801560758,934,43,0,41,40013,5.84107656127515,4.757689422355589,,
reactive-tower,2000,11,3975,1751,2939,1036,0.26062893081761007,0.5957808778496088,0.4405031446540881,0.8041640296642487,0.14509446470003315,0.14687625822037312,49.0868075385494,130,58.67152658662093,31.418521816562777,1137,48,3,16,49324,5.700203984917479,4.547115933752142,,
reactive-tower,3000,11,5956,2426,4338,1618,0.27165883143049024,0.5592438911940987,0.4073203492276696,0.8350703518102909,0.15073940598980987,0.14358428030303033,50.00577081615828,130,58.78134110787172,32.00356911096691,1866,42,4,15,81144,5.606835108019943,4.45795548227535,,
reactive-tower,100,12,198,4,124,74,0.37373737373737376,0.03225806451612903,0.020202020202020204,0.9987450324199958,0.6666666666666666,0.012499999999999999,8.75,15,11.5,9,120,0,0,0,4775,1.2254901960784315,0.5,,
reactive-tower,200,12,395,10,247,148,0.37468354430379747,0.04048582995951417,0.02531645569620253,0.9982725113366444,0.625,0.014518002322880372,10.1,20,13.3,10.166666666666666,237,0,0,0,9246,1.284518828451883,0.6,,
reactive-tower,400,12,792,24,503,289,0.3648989898989899,0.04771371769383698,0.030303030303030304,0.9971008268012456,0.4444444444444444,0.026019080659150044,16.833333333333332,35,22.08695652173913,14.157894736842104,479,0,0,0,18570,1.7736220472440944,1.25,,
reactive-tower,600,12,1188,237,796,392,0.32996632996632996,0.29773869346733667,0.1994949494949495,0.9247651543872952,0.13269876819708848,0.09123806590699107,52.62447257383966,130,62.381443298969074,35.45565749235474,554,5,0,21,21902,5.232467337438054,4.198312236286919,,
reactive-tower,800,12,1589,358,1072,517,0.32536186280679674,0.333955223880597,0.2252989301447451,0.9054956343091937,0.12160326086956522,0.12742027334851938,56.78491620111732,135,66.1418439716312,40.387900355871885,710,4,0,46,28111,5.712645992750705,4.564245810055866,,
reactive-tower,1200,12,2382,894,1702,680,0.28547439126784213,0.5252643948296122,0.37531486146095716,0.824319911582226,0.1278238490134401,0.1664928486293206,56.24384787472036,140,64.63322368421052,33.86671924290221,778,30,0,43,32660,5.964604878048781,4.758389261744966,,
reactive-tower,1600,12,3182,1226,2306,876,0.2752985543683218,0.5316565481352992,0.38529226901319924,0.8202409819733454,0.12820244693087943,0.17834283719306412,57.51876019575857,140,67.68098159509202,34.60897814530419,1038,41,1,25,43441,6.086989256653056,4.976345840130506,,
reactive-tower,2000,12,3971,1619,2894,1077,0.2712163183077311,0.5594333102971666,0.40770586753966254,0.8089321171506577,0.13144434521393197,0.1679181878526386,54.02161828289067,135,63.233160621761655,33.284687920969915,1237,35,3,144,51815,6.017246211222972,4.806670784434837,,
reactive-tower,3000,12,5946,2427,4369,1577,0.2652203161789438,0.5555046921492333,0.40817356205852673,0.8241012284407621,0.14148303602658271,0.16972027972027973,52.027194066749075,135,61.58178752107926,32.68870867124142,1892,44,6,25,80017,5.807286975319762,4.578903996703749,,
reactive-tower,100,13,197,15,127,70,0.3553299492385787,0.11811023622047244,0.07614213197969544,0.9942922374429224,0.6,0.021234428086070213,11.4,25,14.533333333333333,11.4,112,0,0,0,4355,1.3636363636363635,0.6666666666666666,,
reactive-tower,200,13,395,38,253,142,0.3594936708860759,0.15019762845849802,0.09620253164556962,0.9891873038018835,0.40860215053763443,0.022134203168685928,19.605263157894736,65,24.842105263157894,19.607142857142858,215,0,0,0,8498,1.9945235487404163,1.368421052631579,,
reactive-tower,400,13,791,130,529,262,0.33122629582806573,0.24574669187145556,0.16434892541087232,0.9791884736161567,0.38461538461538464,0.03828032979976443,24.5,85,31.976377952755904,22.073394495412845,399,0,0,0,15902,2.3520153550863725,1.646153846153846,,
reactive-tower,600,13,1188,307,829,359,0.3021885521885522,0.3703256936067551,0.25841750841750843,0.9295327185279971,0.19223544145272387,0.07481965295379217,42.5114006514658,120,51.70992366412214,30.76829268292683,521,1,0,0,21014,4.382553021208484,3.6514657980456025,,
reactive-tower,800,13,1588,578,1174,414,0.2607052896725441,0.49233390119250425,0.36397984886649876,0.8782483689041247,0.17499243112322133,0.10439242883976306,45.79584775086505,125,54.936974789915965,31.96759941089838,583,13,0,13,23692,4.868390371030793,3.837370242214533,,
reactive-tower,1200,13,2382,1027,1792,590,0.24769101595298068,0.5731026785714286,0.43115029387069687,0.8267210898502496,0.15408852213053265,0.1457150964812713,49.22200584225901,130,59.1787175989086,34.33615384615385,742,23,0,27,31683,5.456697501638867,4.325219084712756,,
reactive-tower,1600,13,3176,1364,2360,816,0.25692695214105793,0.5779661016949152,0.42947103274559195,0.8085614227300295,0.13939703628002045,0.1543545174723882,51.52199413489736,135,58.33294528521537,34.29028635597979,955,41,0,20,41122,5.77179051362405,4.708944281524927,,
reactive-tower,2000,13,3974,1652,2961,1013,0.25490689481630596,0.557919621749409,0.4157020634121792,0.8259227864683671,0.14625940681717575,0.1483050847457627,50.71549636803874,130,59.1023751023751,33.61699098243949,1270,38,1,23,53374,5.670320537298681,4.542978208232445,,
reactive-tower,3000,13,5954,2476,4386,1568,0.2633523681558616,0.5645234838121295,0.415854887470608,0.8368729814807244,0.15512812480421026,0.15708267776480742,48.67205169628433,130,58.95692130959219,31.90330953926022,1879,29,2,9,81641,5.596019823447421,4.396607431340873,,
reactive-tower,100,14,196,8,128,68,0.3469387755102041,0.0625,0.04081632653061224,0.9974527701125027,0.6666666666666666,0.010266940451745381,9.375,25,11.875,10.75,120,0,0,0,4691,1.169291338582677,0.5,,
reactive-tower,200,14,394,22,255,139,0.35279187817258884,0.08627450980392157,0.05583756345177665,0.9950166112956811,0.4888888888888889,0.02133436772692009,12.909090909090908,25,17.318181818181817,10.625,233,0,0,0,8985,1.5957446808510638,1.0454545454545454,,
reactive-tower,400,14,787,154,534,253,0.32147395171537485,0.2883895131086142,0.19567979669631513,0.9533601734283059,0.20451527224435592,0.06875,39.87012987012987,115,51.56488549618321,27.43708609271523,380,0,0,0,15392,4.135734870317003,3.6818181818181817,,
reactive-tower,600,14,1187,362,848,339,0.2855939342881213,0.4268867924528302,0.3049705139005897,0.9160472433763509,0.1966322650733297,0.113125,43.50276243093923,125,52.156363636363636,26.953846153846154,484,2,0,0,20037,4.75484496124031,3.839779005524862,,
reactive-tower,800,14,1586,685,1184,402,0.25346784363177804,0.5785472972972973,0.43190416141235816,0.8453428458184701,0.17555099948744235,0.13142747505755947,45.14744525547445,125,55.43691148775895,31.722710163111667,488,11,0,0,21285,5.00974930362117,3.983941605839416,,
reactive-tower,1200,14,2378,1094,1802,576,0.24222035323801513,0.607103218645949,0.4600504625735913,0.8019214311349143,0.15247386759581882,0.14050138703380252,48.93875685557587,130,58.520782396088016,30.600591715976332,667,41,0,12,28889,5.483768881928811,4.442413162705667,,
reactive-tower,1600,14,3170,1428,2366,804,0.25362776025236594,0.6035502958579881,0.4504731861198738,0.8071597980985588,0.15011037527593818,0.153442792057079,50.15546218487395,130,59.4126213592233,32.20812465219811,906,32,0,8,39627,5.565623967677178,4.523109243697479,,
reactive-tower,2000,14,3964,1711,2941,1023,0.2580726538849647,0.5817749064943897,0.43163471241170537,0.8091376047580427,0.1425595734044326,0.17546558372302895,51.19462302746932,130,60.904841402337226,32.735866123925824,1184,45,1,22,50699,5.80827259941184,4.67562828755114,,
reactive-tower,3000,14,5944,2547,4404,1540,0.2590847913862719,0.5783378746594006,0.4284993270524899,0.8143442014382385,0.14550959780621572,0.13668269437169964,51.27169218688653,130,60.27159855147439,32.50451263537906,1804,49,4,36,76433,5.636314555658166,4.467608951707891,,
reactive-tower,100,15,200,1,116,84,0.42,0.008620689655172414,0.005,0.9997865528281751,1,0.04807692307692307,127,130,127,0,115,0,0,0,4684,1,0,,
reactive-tower,200,15,397,12,244,153,0.3853904282115869,0.04918032786885246,0.030226700251889168,0.9980269648142058,0.6666666666666666,0.013333333333333332,19.333333333333332,80,21.727272727272727,23,232,0,0,0,9105,1.2147887323943662,0.5,,
reactive-tower,400,15,796,86,514,282,0.3542713567839196,0.16731517509727625,0.10804020100502512,0.9858151888389469,0.35390946502057613,0.04727352682497801,24.662790697674417,65,29.662650602409638,19.671232876712327,428,0,0,0,16888,2.4184226369656834,1.8604651162790697,,
reactive-tower,600,15,1189,272,811,378,0.31791421362489486,0.3353884093711467,0.2287636669470143,0.9397840172786177,0.1951219512195122,0.10487353485502778,42.5735294117647,115,48.67256637168141,31.591362126245848,539,0,0,0,21728,4.29308633807476,3.6580882352941178,,
reactive-tower,800,15,1585,484,1126,459,0.289589905362776,0.42984014209591476,0.3053627760252366,0.8981271579534754,0.1656966792194454,0.12675466163838256,45.19421487603306,125,55.7911227154047,33.73853989813243,635,7,0,4,25719,5.040098603122432,3.993801652892562,,
reactive-tower,1200,15,2387,970,1757,630,0.26392961876832843,0.5520774046670461,0.40636782572266444,0.8188923741451124,0.13770584894946053,0.14716591819395555,53.5340206185567,140,60.9800853485064,34.08156862745098,759,28,0,52,31711,5.72689756816507,4.676288659793815,,
reactive-tower,1600,15,3174,1241,2287,887,0.2794580970384373,0.5426322693484915,0.3909892879647133,0.825903765126883,0.13714222566029396,0.153924389759873,54.2143432715552,130,63.02959309494452,34.03556609365738,1022,22,2,24,42756,5.847150935189212,4.752618855761483,,
reactive-tower,2000,15,3966,1729,2945,1021,0.2574382249117499,0.5870967741935483,0.43595562279374683,0.8031346662840014,0.14003401636024945,0.15393518518518517,51.40485829959514,135,61.51976935749588,32.62761324041812,1182,32,2,40,50049,5.824230801300759,4.670908039329092,,
reactive-tower,3000,15,5959,2346,4336,1623,0.2723611344185266,0.5410516605166051,0.39369021647927505,0.8322246185312313,0.1415811707905854,0.13268630378715895,50.576726342711,135,58.481280193236714,33.39598835328373,1963,21,6,24,81882,5.625940929055889,4.546462063086104,,
reactive-tower,100,16,199,4,124,75,0.3768844221105528,0.03225806451612903,0.020100502512562814,0.998701579744644,0.6666666666666666,0.012499999999999999,8.75,20,11.75,10,120,0,0,0,4615,1.2156862745098038,0.5,,
reactive-tower,200,16,397,4,251,146,0.3677581863979849,0.01593625498007968,0.010075566750629723,0.9993591797500802,0.6666666666666666,0.017421602787456445,8,15,10.75,10.5,247,0,0,0,9357,1.2417582417582418,0.5,,
reactive-tower,400,16,796,23,516,280,0.35175879396984927,0.044573643410852716,0.028894472361809045,0.9968743263634404,0.39655172413793105,0.023958333333333335,22.391304347826086,60,28.956521739130434,16.823529411764707,493,0,0,0,18489,2.038095238095238,1.608695652173913,,
reactive-tower,600,16,1191,66,781,410,0.34424853064651556,0.08450704225352113,0.055415617128463476,0.9874153310878336,0.19411764705882353,0.04698177676537586,34.89393939393939,100,49.90625,27.4,715,0,0,4,26656,3.680497925311203,2.878787878787879,,
reactive-tower,800,16,1590,468,1137,453,0.2849056603773585,0.41160949868073876,0.2943396226415094,0.8901873115875758,0.1443553362122147,0.1690751445086705,57.401709401709404,135,65.84423676012462,37.4843492586491,666,3,0,12,26217,5.6012202355732565,4.739316239316239,,
reactive-tower,1200,16,2383,1131,1805,578,0.24255140579101972,0.6265927977839335,0.4746118338229123,0.7804265651298181,0.14212113596381,0.17671875,52.11405835543766,135,61.50936329588015,31.487232574189097,649,24,1,7,28171,5.861965730301293,4.892130857648099,,
reactive-tower,1600,16,3177,1483,2393,784,0.24677368586717027,0.6197241955704137,0.4667925716084356,0.7768559576598484,0.1358058608058608,0.16683916839168392,53.88536749831423,135,63.048472075869334,33.491209927611166,876,33,1,19,37784,5.889174689498052,4.99055967633176,,
reactive-tower,2000,16,3968,1830,2998,970,0.2444556451612903,0.6104069379586391,0.46118951612903225,0.774527687296417,0.1321872291245305,0.18054459352801894,52.5103825136612,135,63.233890214797135,33.287810843864655,1124,42,2,21,47346,6.002268936896405,4.849180327868853,,
reactive-tower,3000,16,5956,2683,4496,1460,0.24513096037609133,0.5967526690391459,0.4504701141705843,0.8012795823169427,0.14444923010660063,0.1476577290538458,49.70778978755125,130,59.03722084367246,32.78373702422145,1761,44,8,13,74540,5.597989881405723,4.488632128214685,,
reactive-tower,100,17,199,4,126,73,0.36683417085427134,0.031746031746031744,0.020100502512562814,0.9991463935125907,1,0.0062499999999999995,4.75,10,4.75,0,122,0,0,0,4682,1,0,,
reactive-tower,200,17,397,13,252,145,0.36523929471032746,0.051587301587301584,0.0327455919395466,0.998170666092758,0.7647058823529411,0.008125,7.923076923076923,30,9.538461538461538,13,239,0,0,0,9276,1.1075514874141876,0.3076923076923077,,
reactive-tower,400,17,794,51,508,286,0.3602015113350126,0.10039370078740158,0.06423173803526448,0.9875955255288514,0.22767857142857142,0.024795799299883313,30.15686274509804,115,36,26.53191489361702,457,0,0,0,17825,3.155701754385965,2.588235294117647,,
reactive-tower,600,17,1191,200,789,402,0.33753148614609574,0.2534854245880862,0.16792611251049538,0.9529098178587294,0.17152658662092624,0.05008012820512821,46.63,130,50.590643274853804,38.73931623931624,589,0,0,0,23572,4.39227895392279,3.45,,
reactive-tower,800,17,1590,446,1113,477,0.3,0.40071877807726863,0.28050314465408804,0.907470203122377,0.16182873730043543,0.10021571094733056,50.17488789237668,130,56.37988826815643,36.005514705882355,665,2,0,13,26950,4.907531824611032,3.984304932735426,,
reactive-tower,1200,17,2388,968,1739,649,0.27177554438860974,0.5566417481311098,0.4053601340033501,0.8048147763826917,0.1286549707602339,0.15185742971887548,53.84710743801653,135,62.46418338108882,35.29468242245199,748,21,2,64,30812,5.840283748925193,4.769628099173554,,
reactive-tower,1600,17,3184,1465,2389,795,0.2496859296482412,0.6132272917538719,0.46011306532663315,0.7948358645702392,0.14714744877460828,0.1600183502271933,48.539249146757676,130,58.26416906820365,32.24121405750799,887,36,1,19,38366,5.702864222724291,4.477133105802047,,
reactive-tower,2000,17,3971,1757,2977,994,0.2503147821707378,0.5901914679207255,0.44245781918912114,0.8025721734706854,0.1414767694661406,0.1772598870056497,50.21627774615823,130,58.867398648648646,33.377661886136465,1167,51,2,27,50279,5.846352605577031,4.626067159931702,,
reactive-tower,3000,17,5965,2564,4411,1554,0.26051969823973176,0.5812740875085015,0.4298407376362112,0.8200960241001664,0.1490784347927205,0.17024328056942525,49.9902496099844,130,61.67430441898527,31.839789277967153,1802,37,8,6,78140,5.652971708458221,4.5374414976599065,,
reactive-tower,100,18,198,4,122,76,0.3838383838383838,0.03278688524590164,0.020202020202020204,0.9991226146084667,1,0.008012820512820514,21.25,70,21.25,0,118,0,0,0,4555,1,0,,
reactive-tower,200,18,397,2,239,158,0.3979848866498741,0.008368200836820083,0.005037783375314861,0.9997865528281751,1,0.0062499999999999995,5,10,5,0,237,0,0,0,9368,1,0,,
reactive-tower,400,18,794,20,505,289,0.36397984886649876,0.039603960396039604,0.02518891687657431,0.9955714438160281,0.24096385542168675,0.04416961130742049,47.2,130,44.5,47.714285714285715,485,0,0,0,18659,3.1012345679012348,2.7,,
reactive-tower,600,18,1195,37,753,442,0.3698744769874477,0.049136786188579015,0.03096234309623431,0.9969403549188294,0.43529411764705883,0.04159172661870504,31.027027027027028,135,33.583333333333336,21.533333333333335,716,0,0,0,27680,2.0015082956259427,1.3783783783783783,,
reactive-tower,800,18,1593,353,1081,512,0.3214061519146265,0.3265494912118409,0.22159447583176398,0.9178320551653025,0.1384313725490196,0.1113143289606458,53.875354107648725,135,59.253787878787875,40.02589641434263,726,2,0,45,28402,5.330764807360552,3.988668555240793,,
reactive-tower,1200,18,2387,909,1739,648,0.27147046501885214,0.5227142035652674,0.38081273565144536,0.8317406829955238,0.13585413241667912,0.14027777777777778,52.1001100110011,135,58.344,35.72612470402526,818,12,0,17,32953,5.713560079645658,4.568756875687569,,
reactive-tower,1600,18,3185,1302,2317,868,0.2725274725274725,0.5619335347432024,0.4087912087912088,0.7941926740802743,0.1260772731674252,0.146450103482408,51.8110599078341,130,59.3247191011236,33.27070925825663,972,39,4,99,39581,5.978371467384067,4.7949308755760365,,
reactive-tower,2000,18,3975,1694,2942,1033,0.25987421383647796,0.5757987763426241,0.4261635220125786,0.8096532333645736,0.1390119809617594,0.18311138014527847,51.44451003541913,130,62.447513812154696,32.742212189616254,1211,37,0,16,51602,5.871051313870202,4.780401416765053,,
reactive-tower,3000,18,5968,2404,4373,1595,0.2672587131367292,0.5497370226389207,0.40281501340482573,0.8251138318324396,0.13908817403378848,0.17218656887462752,52.07529118136439,135,60.57862407862408,34.0031776294884,1924,38,7,25,81261,5.83922167825626,4.593594009983361,,
reactive-tower,100,19,198,8,118,80,0.40404040404040403,0.06779661016949153,0.04040404040404041,0.9969033399690334,0.5714285714285714,0.012499999999999999,10.5,30,13.25,10.5,110,0,0,0,4507,1.2628865979381443,0.75,,
reactive-tower,200,19,394,13,244,150,0.38071065989847713,0.05327868852459016,0.03299492385786802,0.9979123173277662,0.6842105263157895,0.01015625,8.23076923076923,25,10.307692307692308,10,231,0,0,0,9082,1.1684491978609626,0.46153846153846156,,
reactive-tower,400,19,794,19,487,307,0.3866498740554156,0.039014373716632446,0.02392947103274559,0.9984740312823587,0.6785714285714286,0.015224358974358974,9.368421052631579,20,12.210526315789474,10.363636363636363,468,0,0,0,18321,1.2727272727272727,0.5789473684210527,,
reactive-tower,600,19,1189,159,788,401,0.33725820016820857,0.2017766497461929,0.13372582001682085,0.9709090909090909,0.21603260869565216,0.0681117203564085,39.9496855345912,115,47.847328244274806,28.08092485549133,629,0,0,0,24558,3.9872389791183296,3.3270440251572326,,
reactive-tower,800,19,1588,306,1064,524,0.32997481108312343,0.287593984962406,0.19269521410579346,0.9240631163708086,0.1281943862589024,0.09488960555693375,51.62418300653595,130,59.0796812749004,36.1322505800464,752,6,0,20,28988,5.543213897937025,4.228758169934641,,
reactive-tower,1200,19,2379,814,1701,678,0.2849936948297604,0.47854203409758966,0.3421605716687684,0.8505542262805801,0.1329848064041823,0.1456484397366161,55.105651105651106,130,63.66206896551724,34.69878472222222,872,15,0,133,34630,5.717206425564814,4.632678132678133,,
reactive-tower,1600,19,3173,1442,2374,799,0.25181216514339744,0.607413647851727,0.4544595020485345,0.7831965936234292,0.13814907070319984,0.16620562471184877,51.26907073509015,130,61.32453567937439,29.99679658302189,888,44,0,8,37554,5.885469210712284,4.76629680998613,,
reactive-tower,2000,19,3971,1812,3004,967,0.2435154872828003,0.6031957390146472,0.4563082347015865,0.7940609332819129,0.14138576779026218,0.16604354519463382,53.758278145695364,135,62.11212624584718,32.01470588235294,1146,45,1,40,49163,5.9110065928649185,4.847130242825607,,
reactive-tower,3000,19,5951,2510,4442,1509,0.25357082843219625,0.565060783430887,0.42177785246177113,0.8251144030057023,0.14692969618919394,0.15847560359632287,52.84940239043825,135,60.13675706866705,33.5293932725558,1872,53,7,50,80271,5.735798847880978,4.515139442231075,,
reactive-tower,100,20,198,5,124,74,0.37373737373737376,0.04032258064516129,0.025252525252525252,0.9989035087719298,1,0.005208333333333334,5,10,5,0,119,0,0,0,4555,1,0,,
reactive-tower,200,20,398,29,256,142,0.35678391959798994,0.11328125,0.0728643216080402,0.9933363451547323,0.4915254237288136,0.01294642857142857,13.620689655172415,50,17.724137931034484,15.3125,227,0,0,0,8795,1.5025062656641603,1.0344827586206897,,
reactive-tower,400,20,794,99,529,265,0.3337531486146096,0.18714555765595464,0.12468513853904283,0.9853113295880149,0.3944223107569721,0.0309375,22.505050505050505,95,29.554347826086957,21.857142857142858,430,0,0,0,16816,2.163918982571832,1.5353535353535352,,
reactive-tower,600,20,1192,200,812,380,0.3187919463087248,0.24630541871921183,0.16778523489932887,0.9725458576899818,0.2936857562408223,0.052083333333333336,28.04,70,35.82383419689119,21.811827956989248,612,0,0,0,24108,3.218827229835992,2.345,,
reactive-tower,800,20,1590,379,1124,466,0.2930817610062893,0.3371886120996441,0.23836477987421384,0.9381111682964488,0.19698544698544698,0.06954638872577804,41.11345646437995,125,46.78274760383387,30.58490566037736,744,1,0,26,29094,4.29513034923758,3.2348284960422165,,
reactive-tower,1200,20,2379,865,1746,633,0.266078184110971,0.49541809851088203,0.3635981504833964,0.8508320274606372,0.1442387860596965,0.12838399430064118,48.17803468208093,130,58.16615384615385,31.655352480417754,859,22,0,107,33983,5.5628120789411115,4.342196531791908,,
reactive-tower,1600,20,3173,1468,2407,766,0.24141191301607312,0.609887827170752,0.46265364008824456,0.7871857793908399,0.14224806201550388,0.1645149722072799,50.763623978201636,130,59.93508936970837,32.058176100628934,910,26,3,54,37931,5.786701950126353,4.696866485013624,,
reactive-tower,2000,20,3977,1820,3008,969,0.24365099321096303,0.6050531914893617,0.4576313804375157,0.7949181235146662,0.14445590919914278,0.19386450788240306,50.06098901098901,130,59.35824532900081,31.387537345283825,1148,40,0,44,48478,5.858529492671042,4.601648351648351,,
reactive-tower,3000,20,5964,2565,4453,1511,0.2533534540576794,0.5760161688749158,0.4300804828973843,0.8188366389969115,0.14527639329406433,0.16769967048485798,51.44171539961014,135,60.56435079726651,34.40532365396249,1851,32,5,24,79428,5.755826562291113,4.6343079922027295,,
reactive-tower,100,21,199,4,133,66,0.3316582914572864,0.03007518796992481,0.020100502512562814,0.9991706406800747,1,0.0062499999999999995,5,10,5,0,129,0,0,0,4819,1,0,,
reactive-tower,200,21,398,6,261,137,0.3442211055276382,0.022988505747126436,0.01507537688442211,0.9991714995857498,0.75,0.009375,7.166666666666667,15,8.666666666666666,8.5,255,0,0,0,9648,1.125,0.3333333333333333,,
reactive-tower,400,21,797,132,556,241,0.30238393977415307,0.23741007194244604,0.1656210790464241,0.9711129489603024,0.26993865030674846,0.04329572290737339,31.234848484848484,80,43.12,20.95689655172414,424,0,0,0,16428,3.014700854700855,2.757575757575758,,
reactive-tower,600,21,1198,269,834,364,0.3038397328881469,0.3225419664268585,0.22454090150250416,0.9267386900742741,0.15495391705069125,0.060738800578034685,43.55018587360595,120,52.85201793721973,32.325301204819276,563,2,0,1,21888,4.859899652643767,3.9814126394052045,,
reactive-tower,800,21,1595,546,1177,418,0.2620689655172414,0.4638912489379779,0.34231974921630093,0.8780513766676128,0.15885947046843177,0.11668661309625576,45.95421245421245,125,56.49230769230769,32.05882352941177,612,19,0,2,24654,5.136827991316562,4.195970695970696,,
reactive-tower,1200,21,2383,1027,1791,592,0.24842635333613092,0.5734226689000559,0.43096936634494337,0.8096542726679713,0.14078135709389994,0.17554355257760154,53.19182083739046,135,62.9749652294854,33.826507818317204,739,25,0,29,30825,5.688231197771588,4.681596884128529,,
reactive-tower,1600,21,3173,1348,2396,777,0.24487866372518122,0.5626043405676127,0.4248345414434289,0.8125421042203289,0.1424796533136032,0.16689778129952457,49.582344213649854,130,61.746707193515704,32.79932735426009,1012,35,1,82,40746,5.741948082380816,4.528931750741839,,
reactive-tower,2000,21,3963,1913,3038,925,0.23340903356043402,0.6296905859117841,0.4827151148120111,0.7774045291217515,0.14362940160672724,0.17299066772770022,50.543648719289074,130,61.04857142857143,31.844192634560905,1078,45,2,33,46290,5.812184266371199,4.660219550444328,,
reactive-tower,3000,21,5943,2545,4437,1506,0.25340737001514385,0.5735857561415371,0.4282348981995625,0.8159430487148711,0.14307398246008546,0.17074119793902964,50.82396856581532,135,60.02402234636872,31.908312958435207,1849,37,6,9,78622,5.830312013636701,4.6781925343811395,,
reactive-tower,100,22,198,0,125,73,0.3686868686868687,0,0,1,0,0,0,0,0,0,125,0,0,0,4863,0,0,,
reactive-tower,200,22,396,8,249,147,0.3712121212121212,0.0321285140562249,0.020202020202020204,0.9987456883035434,0.6666666666666666,0.012499999999999999,9.875,20,12.125,11.5,241,0,0,0,9555,1.2277227722772277,0.5,,
reactive-tower,400,22,793,41,508,285,0.3593947036569987,0.08070866141732283,0.05170239596469105,0.9937096686730654,0.35344827586206895,0.026241679467485915,22.317073170731707,55,29.73170731707317,21.625,467,0,0,0,18318,2.1707865168539326,1.8048780487804879,,
reactive-tower,600,22,1188,110,766,422,0.3552188552188552,0.14360313315926893,0.09259259259259259,0.966321243523316,0.1244343891402715,0.06926952141057935,49.945454545454545,135,50.98913043478261,37.396341463414636,655,1,0,3,25309,4.924015009380863,3.890909090909091,,
reactive-tower,800,22,1582,510,1149,433,0.27370417193426044,0.44386422976501305,0.3223767383059418,0.9033227410886986,0.18220793140407288,0.09886786600496277,43.36862745098039,120,51.35096153846154,30.860068259385667,634,5,0,0,26089,4.809114486846981,3.7980392156862743,,
reactive-tower,1200,22,2379,1058,1787,592,0.24884405212274066,0.5920537213206492,0.44472467423287093,0.7990003474728036,0.14069148936170212,0.15515016424213987,52.15973534971645,135,60.76209677419355,32.881929445644346,698,30,1,23,29683,5.727501142074006,4.666351606805293,,
reactive-tower,1600,22,3170,1524,2418,752,0.23722397476340695,0.630272952853598,0.4807570977917981,0.7841532325078943,0.14667949951876805,0.15637826301099986,50.07086614173228,130,57.44719314938154,30.243515087347802,861,33,0,9,37544,5.7144892238408165,4.688976377952756,,
reactive-tower,2000,22,3972,1899,3018,954,0.24018126888217523,0.6292246520874751,0.4780966767371601,0.7857808237407679,0.14746078583630998,0.14025939494209405,48.89994734070564,130,57.71130309575234,31.273724167018134,1080,38,1,10,47032,5.624487590370426,4.594523433385993,,
reactive-tower,3000,22,5955,2589,4440,1515,0.25440806045340053,0.5831081081081081,0.43476070528967253,0.8123073618643613,0.14813755221147795,0.13121882982605523,48.66357667052916,130,57.247156153050675,30.43941694503492,1813,35,3,49,75271,5.629937514720756,4.4383932020084975,,
reactive-tower,100,23,198,8,127,71,0.35858585858585856,0.06299212598425197,0.04040404040404041,0.9973918713323191,0.6666666666666666,0.012499999999999999,8.25,15,10.75,9.5,119,0,0,0,4589,1.202020202020202,0.5,,
reactive-tower,200,23,399,24,250,149,0.37343358395989973,0.096,0.06015037593984962,0.9943579327465584,0.48,0.01875,14.208333333333334,35,18.75,13.352941176470589,226,0,0,0,8812,1.667262969588551,1.125,,
reactive-tower,400,23,794,75,516,278,0.3501259445843829,0.14534883720930233,0.09445843828715365,0.9844407307093874,0.2777777777777778,0.033482142857142856,33.026666666666664,130,39.098591549295776,27.014285714285716,441,0,0,0,17083,2.853904282115869,2.3066666666666666,,
reactive-tower,600,23,1193,284,809,384,0.32187761944677284,0.3510506798516687,0.23805532271584243,0.9248320390890847,0.1648287869994196,0.09545576767948373,46.33802816901409,120,56.97083333333333,33.26589595375722,522,3,0,3,21175,4.869106263194933,3.8485915492957745,,
reactive-tower,800,23,1588,519,1125,463,0.29156171284634763,0.4613333333333333,0.32682619647355166,0.882051282051282,0.15670289855072464,0.1158482142857143,48.51445086705202,125,57.95073891625616,29.606299212598426,600,6,0,9,24705,5.229361672179604,4.250481695568401,,
reactive-tower,1200,23,2383,1136,1780,603,0.25304238355014685,0.6382022471910113,0.4767100293747377,0.7738902501567041,0.1431451612903226,0.13494250688967024,51.38468309859155,130,59.67986030267753,31.727147766323025,627,17,0,54,27014,5.623281254721828,4.629401408450704,,
reactive-tower,1600,23,3173,1493,2408,765,0.24109675386069965,0.6200166112956811,0.47053261897258114,0.7900335130409442,0.14801229305046099,0.13545144433154302,47.61486939048895,130,56.97260273972603,30.94345718901454,878,35,2,2,37790,5.568281938325991,4.614869390488948,,
reactive-tower,2000,23,3964,1866,2991,973,0.24545913218970736,0.6238716148445336,0.470736629667003,0.779060320899059,0.14294469128236556,0.15400105638452397,49.239549839228296,130,59.29325513196481,30.45274453157243,1076,48,1,29,45811,5.747310627210124,4.617363344051447,,
reactive-tower,3000,23,5955,2516,4371,1584,0.26599496221662466,0.5756119881034089,0.4225020990764064,0.8084544807071934,0.13757655293088364,0.16362312054523698,51.7368839427663,135,60.46345425013536,33.2075360612305,1822,29,4,23,76882,5.808231897514762,4.60214626391097,,
reactive-tower,100,24,198,2,116,82,0.41414141414141414,0.017241379310344827,0.010101010101010102,0.9995688726018539,1,0.0062499999999999995,5,10,5,0,114,0,0,0,4637,1,0,,
reactive-tower,200,24,397,29,250,147,0.3702770780856423,0.116,0.07304785894206549,0.9930134005268583,0.47540983606557374,0.015104166666666667,16.379310344827587,40,21.20689655172414,14.882352941176471,221,0,0,0,8662,1.6697368421052632,1.1379310344827587,,
reactive-tower,400,24,790,64,504,286,0.3620253164556962,0.12698412698412698,0.0810126582278481,0.9867187949174956,0.27705627705627706,0.024999999999999998,30.765625,85,33.75609756097561,23.03921568627451,440,0,0,0,17158,2.7462482946793996,2.65625,,
reactive-tower,600,24,1187,180,769,418,0.35214827295703455,0.2340702210663199,0.15164279696714406,0.9553361153576003,0.16651248843663274,0.04528985507246377,44.93333333333333,125,50.41358024691358,30.21153846153846,588,1,0,1,23104,4.345376607470913,3.438888888888889,,
reactive-tower,800,24,1587,451,1095,492,0.31001890359168244,0.41187214611872147,0.28418399495904223,0.8886187615045323,0.1406298721546617,0.10066964285714286,55.29490022172949,135,61.832417582417584,39.12841091492777,638,6,0,48,25506,5.316651194193603,4.157427937915743,,
reactive-tower,1200,24,2381,1145,1777,604,0.25367492650146994,0.6443444006752954,0.48089038219235614,0.778357730215198,0.15063807393763978,0.13306526589810339,51.276855895196505,130,60.650442477876105,31.626648160999306,607,25,0,42,26537,5.452710478026933,4.4803493449781655,,
reactive-tower,1600,24,3175,1502,2381,794,0.25007874015748033,0.6308273834523309,0.47307086614173227,0.7744935165807245,0.14370455415231534,0.13669457590098288,49.29094540612517,130,58.284641068447414,31.349870801033592,831,48,0,43,35701,5.653912687212637,4.501997336884155,,
reactive-tower,2000,24,3969,1906,3007,962,0.24237843285462332,0.6338543398736282,0.4802217183169564,0.7884411542020695,0.15158263082551296,0.13847718686428362,47.78279118572927,130,57.81325730577334,29.773834972210345,1073,27,1,5,46641,5.601613235266596,4.53305351521511,,
reactive-tower,3000,24,5949,2581,4395,1554,0.2612203731719617,0.5872582480091012,0.4338544293158514,0.8052187748607796,0.14055437564668083,0.1526135288552507,50.785354513754356,135,60.212021857923496,32.10499852114759,1778,34,2,32,75565,5.7801807390280695,4.631150716776443,,
reactive-tower,100,25,198,7,129,69,0.3484848484848485,0.05426356589147287,0.03535353535353535,0.9980793854033291,0.7777777777777778,0.008215962441314555,19.571428571428573,95,21,9.5,122,0,0,0,4677,1.0672268907563025,0.2857142857142857,,
reactive-tower,200,25,397,17,258,139,0.3501259445843829,0.06589147286821706,0.042821158690176324,0.9969795037756203,0.6071428571428571,0.013762953367875648,13.588235294117647,55,16.88235294117647,11.3,241,0,0,0,9242,1.2647058823529411,0.6470588235294118,,
reactive-tower,400,25,791,100,523,268,0.3388116308470291,0.19120458891013384,0.1264222503160556,0.9726148932394866,0.2159827213822894,0.04190412336573919,32.05,110,38.11827956989247,23.11214953271028,423,0,0,0,16432,4.079607843137255,2.82,,
reactive-tower,600,25,1192,356,839,353,0.2961409395973154,0.42431466030989273,0.2986577181208054,0.9047575647101713,0.17033492822966506,0.09982054733064154,44.252808988764045,125,51.414965986394556,31.615942028985508,481,2,0,2,19831,4.960392798690671,3.9634831460674156,,
reactive-tower,800,25,1588,547,1150,438,0.27581863979848864,0.4756521739130435,0.34445843828715367,0.8746572376966373,0.1574553828439839,0.10700312989045384,49.56124314442413,135,54.54233409610984,32.115269461077844,586,17,0,9,24204,5.216076801834074,4.180987202925046,,
reactive-tower,1200,25,2382,1116,1799,583,0.244752308984047,0.6203446359088383,0.46851385390428213,0.76992425955234,0.13708389632723253,0.1382831086439334,51.20340501792115,135,60.069212410501194,31.50441276306857,659,23,1,98,27011,5.775185026607132,4.53584229390681,,
reactive-tower,1600,25,3175,1549,2431,744,0.23433070866141734,0.637186343068696,0.4878740157480315,0.7814086161332271,0.14862790251391286,0.14222491552813282,49.70109748224661,135,60.01686340640809,32.06751918158568,849,32,1,13,37088,5.635691465084436,4.539703034215623,,
reactive-tower,2000,25,3967,1787,2972,995,0.2508192588858079,0.601278600269179,0.45046634736576757,0.8045176848874598,0.14696932313512626,0.14685096311879559,48.98377168438724,130,56.430968726163236,32.50543714658547,1147,38,0,38,49808,5.599245752341979,4.480693900391718,,
reactive-tower,3000,25,5951,2533,4392,1559,0.2619727776844228,0.5767304189435337,0.4256427491177953,0.8164181295748653,0.14469324802924713,0.14051613189544224,50.045400710619816,130,59.10891089108911,32.28009679370841,1818,37,4,29,77427,5.666998448432331,4.471772601658113,,
reactive-tower,100,26,198,10,128,70,0.35353535353535354,0.078125,0.050505050505050504,0.9969033399690334,0.7142857142857143,0.011436413540713633,16.2,80,18.3,11,118,0,0,0,4502,1.1481481481481481,0.4,,
reactive-tower,200,26,396,30,258,138,0.3484848484848485,0.11627906976744186,0.07575757575757576,0.9916657406378486,0.4,0.023437499999999997,30.833333333333332,125,32.37931034482759,39.04347826086956,228,0,0,0,8924,1.9136807817589576,1.4666666666666666,,
reactive-tower,400,26,794,110,529,265,0.3337531486146096,0.20793950850661624,0.1385390428211587,0.9767236299351797,0.27848101265822783,0.03819444444444445,31.70909090909091,100,37.625,26.32323232323232,419,0,0,0,16567,3.088368269625976,2.463636363636364,,
reactive-tower,600,26,1188,289,819,369,0.3106060606060606,0.3528693528693529,0.24326599326599327,0.9304263905948412,0.18221941992433796,0.06035923141186299,43.221453287197235,125,48.669291338582674,27.916666666666668,530,0,0,18,21171,4.443373493975904,3.5017301038062283,,
reactive-tower,800,26,1589,470,1111,478,0.30081812460667084,0.42304230423042305,0.29578351164254246,0.8894237526352776,0.14934858595487766,0.07704918032786885,44.763829787234044,130,52.56153846153846,33.11900826446281,629,12,0,61,25218,5.031206442620412,3.804255319148936,,
reactive-tower,1200,26,2378,994,1752,626,0.26324642556770395,0.567351598173516,0.4179983179142136,0.8029971648440664,0.13623903508771928,0.10174418604651163,51.78269617706238,135,58.42783505154639,30.832696715049657,720,38,0,58,29586,5.51340505176542,4.443661971830986,,
reactive-tower,1600,26,3179,1426,2353,826,0.2598301352626612,0.6060348491287718,0.4485687323057565,0.798045802777664,0.1446394157622477,0.14183973899896554,51.15568022440393,130,58.51086956521739,31.431404958677685,892,35,0,75,38744,5.702162612789329,4.597475455820477,,
reactive-tower,2000,26,3969,1842,2974,995,0.25069286974048877,0.6193678547410895,0.46409674981103555,0.789173457508731,0.14530251636822591,0.13797339405560885,48.61129207383279,130,57.73716012084592,31.7430846605197,1080,51,1,11,47232,5.657707969749855,4.547231270358306,,
reactive-tower,3000,26,5943,2572,4403,1540,0.2591283863368669,0.5841471723824665,0.43277805821975435,0.8209898503714554,0.1503390226794482,0.14199275682360216,49.77449455676516,130,58.477260273972604,31.421235034656586,1763,61,7,2,78168,5.571257380019875,4.529937791601866,,
reactive-tower,100,27,200,0,120,80,0.4,0,0,1,0,0,0,0,0,0,120,0,0,0,4813,0,0,,
reactive-tower,200,27,397,16,253,144,0.36272040302267,0.06324110671936758,0.04030226700251889,0.9970193740685543,0.5714285714285714,0.016666666666666666,15.375,75,19.125,17.5,237,0,0,0,9366,1.398921832884097,0.75,,
reactive-tower,400,27,796,52,505,291,0.3655778894472362,0.10297029702970296,0.06532663316582915,0.9906152820968458,0.3076923076923077,0.03296146044624747,24.403846153846153,95,30.53061224489796,18.6046511627907,453,0,0,0,17839,2.837078651685393,2.25,,
reactive-tower,600,27,1191,138,779,412,0.3459277917716205,0.17715019255455713,0.11586901763224182,0.9725830287003189,0.19574468085106383,0.05646481178396071,37.05797101449275,105,44.52845528455285,33.96894409937888,641,0,0,0,24977,4.173215273934699,3.3260869565217392,,
reactive-tower,800,27,1588,512,1109,479,0.30163727959697734,0.4616771866546438,0.3224181360201511,0.8472569495514046,0.12325469427058257,0.10421755414427618,53.841796875,135,60.220873786407765,34.91866666666667,585,12,0,81,22925,5.777060741134988,4.455078125,,
reactive-tower,1200,27,2387,864,1686,701,0.29367406786761624,0.5124555160142349,0.3619606200251362,0.8191604416610075,0.12016689847009736,0.1675457648153894,56.623842592592595,135,66.24955116696589,36.6195987654321,796,25,1,123,32330,6.11970570689998,4.912037037037037,,
reactive-tower,1600,27,3179,1203,2254,925,0.29097200377477195,0.533717834960071,0.3784208870714061,0.7960810810810811,0.11388809997159897,0.18180993833877404,59.5211970074813,140,67.14721485411141,35.24629731212288,1009,41,1,161,40925,6.326894671060106,5.15211970074813,,
reactive-tower,2000,27,3968,1638,2874,1094,0.2757056451612903,0.569937369519833,0.4128024193548387,0.7967462965012411,0.12741132545115122,0.19266961513126943,53.818070818070815,135,62.671628721541154,33.902107111501316,1192,42,2,44,50147,6.102189147555922,4.916971916971917,,
reactive-tower,3000,27,5943,2460,4338,1605,0.2700656234225139,0.5670816044260027,0.4139323573952549,0.8191573348845906,0.1413062209202137,0.19132653061224492,51.30975609756098,130,62.5037724898433,32.59402241594022,1840,33,5,22,78511,5.811265457481645,4.587804878048781,,
reactive-tower,100,28,199,6,124,75,0.3768844221105528,0.04838709677419355,0.03015075376884422,0.9982777179763186,0.75,0.009375,8.333333333333334,20,10,13.5,118,0,0,0,4637,1.0847457627118644,0.3333333333333333,,
reactive-tower,200,28,397,18,252,145,0.36523929471032746,0.07142857142857142,0.04534005037783375,0.997184623714131,0.6923076923076923,0.009881422924901184,12.055555555555555,90,14.333333333333334,20.285714285714285,234,0,0,0,9209,1.1702508960573477,0.4444444444444444,,
reactive-tower,400,28,794,42,509,285,0.3589420654911839,0.0825147347740668,0.05289672544080604,0.9941790882384942,0.3925233644859813,0.01780868385345997,24.904761904761905,75,26.975,26.896551724137932,467,0,0,0,18267,1.9169054441260744,1.4523809523809523,,
reactive-tower,600,28,1192,128,771,421,0.35318791946308725,0.16601815823605706,0.10738255033557047,0.9812129328486704,0.2606924643584521,0.04070211142203002,34.2578125,100,40.11965811965812,27.704918032786885,643,0,0,0,25614,3.0076708507670853,2.5546875,,
reactive-tower,800,28,1592,405,1088,504,0.3165829145728643,0.37224264705882354,0.2543969849246231,0.898053907104731,0.13170731707317074,0.08779916753381893,58.01728395061728,140,61.68078175895766,39.5719298245614,683,0,0,40,26969,5.245462240195617,4.380246913580247,,
reactive-tower,1200,28,2379,963,1761,618,0.2597730138713745,0.5468483816013628,0.4047919293820933,0.8108534629775752,0.12959224868792896,0.13911360221888364,55.93354101765317,135,64.38945827232797,36.139412207987945,763,35,0,17,31696,5.878815877004953,4.896157840083074,,
reactive-tower,1600,28,3175,1343,2356,819,0.2579527559055118,0.5700339558573854,0.42299212598425195,0.7960501849640838,0.12888675623800383,0.15347869811665754,57.15487714072971,135,64.99562363238512,34.50520547945205,979,34,0,67,40443,5.910980024131921,5.014147431124348,,
reactive-tower,2000,28,3971,1665,2924,1047,0.2636615462100227,0.5694254445964432,0.4192898514228154,0.798804593373494,0.12982456140350876,0.1543381535038932,54.7951951951952,135,63.40086956521739,34.57273918741809,1221,35,3,59,50663,5.993486548306285,4.833033033033033,,
reactive-tower,3000,28,5962,2431,4403,1559,0.26148943307614897,0.5521235521235521,0.4077490774907749,0.8222272442449332,0.14047151277013753,0.13743781094527363,51.88358700123406,130,61.79396186440678,31.867882277671146,1929,39,4,8,79804,5.7946412434484005,4.726038667215138,,
reactive-tower,100,29,200,4,119,81,0.405,0.03361344537815126,0.02,0.9986888111888111,0.6666666666666666,0.012499999999999999,10.5,20,13,10.5,115,0,0,0,4570,1.2178217821782178,0.5,,
reactive-tower,200,29,399,17,251,148,0.37092731829573933,0.06772908366533864,0.042606516290726815,0.9957874270900843,0.4358974358974359,0.023903262092238472,25.294117647058822,100,30,19.75,234,0,0,0,9219,1.8629032258064515,1.2941176470588236,,
reactive-tower,400,29,795,85,519,276,0.3471698113207547,0.16377649325626203,0.1069182389937107,0.9842601102941176,0.3102189781021898,0.029440288168467714,28.058823529411764,80,32.607594936708864,26.2972972972973,434,0,0,0,17130,2.551797040169133,2.1058823529411765,,
reactive-tower,600,29,1192,168,777,415,0.34815436241610737,0.21621621621621623,0.14093959731543623,0.9632177509145856,0.18162162162162163,0.05410976552434939,37.642857142857146,110,45.18589743589744,29.629213483146067,609,0,0,0,24215,4.3973671379814725,3.6011904761904763,,
reactive-tower,800,29,1591,318,1045,546,0.3431803896920176,0.3043062200956938,0.1998742928975487,0.9228880633177192,0.13322161709258484,0.0833158666946133,55.132075471698116,140,60.065693430656935,36.439293598233995,726,1,0,73,28455,5.269142794902516,4.081761006289308,,
reactive-tower,1200,29,2388,916,1702,686,0.28726968174204354,0.5381903642773208,0.38358458961474035,0.8282058471184972,0.13590504451038576,0.13973639248230416,56.52838427947598,135,65.10764430577223,35.564762670957364,766,20,0,119,32318,5.699208136014285,4.6244541484716155,,
reactive-tower,1600,29,3183,1437,2351,832,0.2613886270813698,0.6112292641429179,0.4514608859566447,0.7920373939070893,0.14166009463722398,0.1741564863292612,50.14892136395268,125,61.18360655737705,31.45503791982665,882,31,1,24,38360,5.908613871425675,4.773138482950592,,
reactive-tower,2000,29,3980,1840,2953,1027,0.2580402010050251,0.6230951574669827,0.4623115577889447,0.7843787495000667,0.14220573460081923,0.1541451645332082,51.80163043478261,135,60.967289719626166,31.707912457912457,1060,51,2,32,46825,5.791669873028088,4.6429347826086955,,
reactive-tower,3000,29,5948,2634,4418,1530,0.25722932078009414,0.5961973743775464,0.4428379287155346,0.8054057531279819,0.14512396694214877,0.15091442453132878,50.17919514047077,130,59.201740911418334,33.07088681446908,1753,27,4,47,74703,5.721048076386174,4.5353075170842825,,
reactive-tower,100,30,199,0,125,74,0.37185929648241206,0,0,1,0,0,0,0,0,0,125,0,0,0,4821,0,0,,
reactive-tower,200,30,397,4,253,144,0.36272040302267,0.015810276679841896,0.010075566750629723,0.9995822890559732,1,0.008488964346349746,24.5,85,24.5,0,249,0,0,0,9572,1,0,,
reactive-tower,400,30,792,40,524,268,0.3383838383838384,0.07633587786259542,0.050505050505050504,0.9944689077435291,0.3883495145631068,0.04604051565377533,27.675,75,31.82051282051282,24.470588235294116,484,0,0,0,18519,2.2559055118110236,1.6,,
reactive-tower,600,30,1193,106,779,414,0.347024308466052,0.13607188703465983,0.08885163453478626,0.9771733851384167,0.1734860883797054,0.09785819793205319,47.386792452830186,120,57.472527472527474,24.408695652173915,672,1,0,0,26144,5.0274684484038605,4.235849056603773,,
reactive-tower,800,30,1589,258,1072,517,0.32536186280679674,0.24067164179104478,0.16236626809314034,0.9400693711355753,0.12984398590840462,0.1372924648786718,61.98837209302326,145,66.20588235294117,37.60215053763441,810,4,0,51,31056,5.454241537818637,4.275193798449612,,
reactive-tower,1200,30,2385,902,1730,655,0.2746331236897275,0.5213872832369942,0.37819706498951783,0.8311017501629808,0.13390736342042756,0.1566189748576191,54.57538802660754,135,60.60505529225908,36.21411387329591,809,19,0,96,32948,5.617500490484598,4.659645232815964,,
reactive-tower,1600,30,3173,1379,2386,787,0.24803025527891584,0.5779547359597653,0.4346044752600063,0.7893011563599799,0.13162164741815405,0.17675861361771944,52.73313995649021,135,62.18363064008395,32.54256465517241,959,45,3,75,38960,5.947376383670793,4.8056562726613485,,
reactive-tower,2000,30,3965,1669,2971,994,0.2506935687263556,0.5617637159205655,0.42093316519546026,0.8065058889512058,0.13438003220611916,0.18544444444444447,51.45715997603355,130,60.9374449339207,32.868196131354026,1263,35,4,37,51496,5.9605353026551695,4.750149790293589,,
reactive-tower,3000,30,5961,2315,4348,1613,0.27059218251971145,0.5324287028518859,0.3883576581110552,0.840664438569362,0.14495022227787865,0.17231882331924014,51.22548596112311,135,59.716491661519456,33.79055649241147,1976,52,5,8,83980,5.779839393485959,4.579265658747301,,
reactive-tower,100,31,199,13,134,65,0.32663316582914576,0.09701492537313433,0.06532663316582915,0.996498139636682,0.8125,0.008938393839383938,11.76923076923077,80,13.076923076923077,30.333333333333332,121,0,0,0,4553,1.0798004987531171,0.23076923076923078,,
reactive-tower,200,31,397,30,260,137,0.345088161209068,0.11538461538461539,0.07556675062972293,0.9948163670453292,0.6382978723404256,0.0125250501002004,14.166666666666666,30,16.7,18.875,230,0,0,0,9020,1.2329842931937174,0.5333333333333333,,
reactive-tower,400,31,791,169,544,247,0.3122629582806574,0.31066176470588236,0.213653603034134,0.9541255773311696,0.22993197278911565,0.0528125,40.19526627218935,115,48.372549019607845,34.34730538922156,375,0,0,0,15284,3.569377990430622,3.06508875739645,,
reactive-tower,600,31,1189,327,850,339,0.2851135407905803,0.3847058823529412,0.2750210260723297,0.9323567993003935,0.21137685843568196,0.08255907897394467,42.74311926605505,125,46.855421686746986,33.34285714285714,523,0,0,0,21280,4.016558575962467,3.324159021406728,,
reactive-tower,800,31,1589,507,1136,453,0.2850849590937697,0.44630281690140844,0.3190685966016362,0.877763468555484,0.14837576821773485,0.10345249755142019,45.625246548323474,130,54.538823529411765,35.13253012048193,620,9,0,5,24464,5.0386372145263945,3.9309664694280078,,
reactive-tower,1200,31,2383,1205,1816,567,0.23793537557700378,0.663546255506608,0.5056651279899287,0.7451670626888439,0.13871301945435707,0.1365222514275356,51.750207468879665,130,61.33481152993348,31.865234375,572,37,2,9,25289,5.69345506353037,4.734439834024896,,
reactive-tower,1600,31,3177,1651,2439,738,0.23229461756373937,0.6769167691676917,0.5196726471514007,0.7524791662085798,0.1466642977702763,0.1485888112895097,49.37674136886735,125,59.667765869744436,30.48556045031816,763,24,1,48,34030,5.635489960528574,4.65717746820109,,
reactive-tower,2000,31,3969,1918,3000,969,0.24414210128495842,0.6393333333333333,0.48324514991181655,0.7734879923804341,0.14401561796065476,0.14147881505960108,49.2288842544317,130,58.38190607734806,31.480492813141684,1024,56,2,32,45278,5.621514458542343,4.557872784150156,,
reactive-tower,3000,31,5958,2661,4412,1546,0.25948304800268546,0.6031278331822303,0.44662638469284993,0.8073447475644056,0.14771024146544545,0.1487789059355012,50.96617812852311,130,60.45695364238411,31.958209839952577,1709,38,4,17,75201,5.640817578495343,4.517474633596392,,
reactive-tower,100,32,199,4,124,75,0.3768844221105528,0.03225806451612903,0.020100502512562814,0.9987384356602187,0.6666666666666666,0.012499999999999999,11.75,25,14.5,15.5,120,0,0,0,4750,1.22,0.5,,
reactive-tower,200,32,397,11,245,152,0.38287153652392947,0.044897959183673466,0.027707808564231738,0.998046875,0.6111111111111112,0.011458333333333334,11,30,13.727272727272727,12.6,234,0,0,0,9198,1.2847682119205297,0.6363636363636364,,
reactive-tower,400,32,795,57,518,277,0.3484276729559748,0.11003861003861004,0.07169811320754717,0.9915254237288136,0.37254901960784315,0.02544642857142857,21.140350877192983,55,29.98076923076923,18.86046511627907,461,0,0,0,17901,2.1894339622641508,1.719298245614035,,
reactive-tower,600,32,1192,127,773,419,0.35151006711409394,0.16429495472186287,0.10654362416107382,0.9761932057014024,0.20385232744783308,0.04622888759464182,35.960629921259844,100,39.02857142857143,23.897058823529413,646,0,0,4,25523,3.9462139423076925,2.8818897637795278,,
reactive-tower,800,32,1591,285,1078,513,0.322438717787555,0.26437847866419295,0.1791326209930861,0.9473107145032588,0.16473988439306358,0.08096590909090909,48.463157894736845,130,52.31553398058252,39.77567567567568,790,3,0,16,31057,4.718280467445743,3.7263157894736842,,
reactive-tower,1200,32,2385,923,1751,634,0.2658280922431866,0.5271273557966876,0.3870020964360587,0.8260243319015407,0.13645771732702544,0.13484689107059372,50.50595882990249,130,60.614814814814814,34.63232963549921,801,25,2,55,31882,5.67016531094201,4.497291440953413,,
reactive-tower,1600,32,3171,1434,2373,798,0.25165562913907286,0.6042983565107459,0.4522232734153264,0.7927285290411739,0.14060201980586332,0.1612685560053981,51.98326359832636,130,59.6563126252505,32.2041147807255,894,43,2,40,38786,5.732685569444099,4.7635983263598325,,
reactive-tower,2000,32,3970,1838,2989,981,0.24710327455919395,0.6149213783874206,0.46297229219143576,0.7971830523499187,0.14876568191015782,0.15684735117422174,50.00054406964092,130,60.61038961038961,30.448519664162617,1111,40,0,19,48349,5.688336371746635,4.61860718171926,,
reactive-tower,3000,32,5959,2599,4416,1543,0.25893606309783523,0.5885416666666666,0.43614700453096156,0.8133943480374543,0.14719374752222913,0.15712662023602245,49.35552135436706,130,58.19311761684643,32.28362751065125,1785,29,3,44,76648,5.6825662716194145,4.553289726818007,,
reactive-tower,100,33,198,4,123,75,0.3787878787878788,0.032520325203252036,0.020202020202020204,0.998911860718172,0.8,0.009398496240601503,15.5,45,17,9,119,0,0,0,4590,1.1043478260869566,0.25,,
reactive-tower,200,33,394,6,249,145,0.3680203045685279,0.024096385542168676,0.015228426395939087,0.9991312846128787,0.75,0.009375,8.5,20,10.333333333333334,11,243,0,0,0,9201,1.1022727272727273,0.3333333333333333,,
reactive-tower,400,33,791,89,526,265,0.3350189633375474,0.16920152091254753,0.1125158027812895,0.983016225049609,0.30584192439862545,0.034765625,24.89887640449438,80,35.4,19.734177215189874,437,0,0,0,16838,2.6480362537764353,2.1797752808988764,,
reactive-tower,600,33,1188,283,827,361,0.30387205387205385,0.3422007255139057,0.2382154882154882,0.9382737500542983,0.199155524278677,0.061866037075900666,43.332155477031804,125,49.74285714285714,31.36241610738255,543,1,0,0,21593,4.241867861789793,3.5335689045936394,,
reactive-tower,800,33,1586,588,1161,425,0.26796973518284994,0.5064599483204134,0.3707440100882724,0.8735380388371143,0.17263652378156194,0.09471649484536082,43.795918367346935,125,53.12173913043478,31.041055718475075,573,0,0,17,23461,4.861029058185066,3.937074829931973,,
reactive-tower,1200,33,2376,1133,1779,597,0.25126262626262624,0.6368746486790332,0.47685185185185186,0.7688622418961701,0.13733333333333334,0.13520286396181386,52.906443071491616,135,62.33374083129584,33.74983187626093,617,29,0,3,27275,5.782125023702673,4.728155339805825,,
reactive-tower,1600,33,3173,1434,2354,819,0.2581153482508667,0.6091758708581139,0.4519382288055468,0.7856621252268982,0.13958921444563419,0.1509092439804681,51.37099023709902,130,61.316442605997935,30.989183342347214,878,41,1,20,37388,5.870012681689591,4.772663877266388,,
reactive-tower,2000,33,3969,1788,2930,1039,0.2617787855883094,0.6102389078498294,0.4504913076341648,0.7880891244926695,0.1397748592870544,0.1493684421573214,50.225950782997764,130,59.69134775374376,30.435497835497834,1099,42,1,10,47339,5.839252933194988,4.758948545861298,,
reactive-tower,3000,33,5942,2556,4391,1551,0.26102322450353416,0.5820997494875882,0.4301581958936385,0.8202967135363772,0.1489163365182941,0.1562652841631615,50.82824726134585,135,59.62803075103489,33.05784101453758,1792,41,2,29,77987,5.6611974372192355,4.560250391236306,,
reactive-tower,100,34,198,0,122,76,0.3838383838383838,0,0,1,0,0,0,0,0,0,122,0,0,0,4638,0,0,,
reactive-tower,200,34,396,0,243,153,0.38636363636363635,0,0,1,0,0,0,0,0,0,243,0,0,0,9433,0,0,,
reactive-tower,400,34,790,36,511,279,0.3531645569620253,0.07045009784735812,0.04556962025316456,0.9950300382304752,0.3956043956043956,0.030080213903743314,37.02777777777778,135,39.65714285714286,39.48275862068966,475,0,0,0,18219,1.9467787114845938,1.4722222222222223,,
reactive-tower,600,34,1183,197,793,390,0.32967032967032966,0.2484237074401009,0.1665257819103973,0.9650252731126692,0.2296037296037296,0.07763240857503154,43.13705583756345,125,50.598837209302324,36.24884792626728,596,0,0,8,23648,3.502785178009203,2.8477157360406093,,
reactive-tower,800,34,1584,406,1095,489,0.3087121212121212,0.37077625570776257,0.2563131313131313,0.9102011977659646,0.15211689771449982,0.11399371069182389,54.62068965517241,130,63.37460317460317,40.77959927140255,687,2,0,41,26986,5.1028301886792455,3.938423645320197,,
reactive-tower,1200,34,2367,940,1735,632,0.2670046472327841,0.5417867435158501,0.3971271651880017,0.8276273986529419,0.13860218224712476,0.15544384177801296,54.558510638297875,135,65.2170818505338,36.189641434262946,778,16,1,56,32441,5.866009579226537,4.758510638297873,,
reactive-tower,1600,34,3163,1383,2355,808,0.25545368321214035,0.5872611464968153,0.4372431236168195,0.7916137229987293,0.136014948859166,0.14072039072039072,50.929862617498195,130,60.53690596562184,32.34577922077922,930,42,0,43,38372,5.7400328097037185,4.699204627621113,,
reactive-tower,2000,34,3959,1945,3043,916,0.23137155847436222,0.6391718698652645,0.49128567820156605,0.7760416666666666,0.1478188174494604,0.1312628225893532,49.508483290488435,130,59.103813559322035,31.19089026915114,1058,39,1,41,45413,5.6238596621084,4.576863753213368,,
reactive-tower,3000,34,5946,2652,4471,1475,0.2480659266733939,0.5931558935361216,0.44601412714429867,0.8033830483812295,0.14431082331174838,0.13556618819776714,50.19532428355958,130,59.35149292823468,31.28343195266272,1762,52,5,32,74734,5.652862801584444,4.581070889894419,,
reactive-overhear,100,0,196,16,124,72,0.3673469387755102,0.12903225806451613,0.08163265306122448,0.9936378095887298,0.5714285714285714,0.016666666666666666,9.5625,20,13,8.9,108,0,0,0,4373,1.3101449275362318,0.75,,
reactive-overhear,200,0,394,24,255,139,0.35279187817258884,0.09411764705882353,0.06091370558375635,0.9951917700995192,0.5581395348837209,0.018726591760299626,10.541666666666666,20,13.954545454545455,9.75,231,0,0,0,8900,1.478920741989882,0.7916666666666666,,
reactive-overhear,400,0,788,102,518,270,0.3426395939086294,0.1969111969111969,0.12944162436548223,0.9812734082397003,0.32903225806451614,0.04301619433198381,19.392156862745097,55,26.828282828282827,10.89010989010989,415,1,0,0,16244,2.443949817887495,2.019607843137255,,
reactive-overhear,600,0,1189,363,856,333,0.280067283431455,0.42406542056074764,0.30529857022708157,0.9109910637653355,0.20589903573454338,0.08675908221797324,31.289256198347108,95,40.453453453453456,19.726681127982648,451,42,0,0,18039,4.1667864107564405,2.9421487603305785,,
reactive-overhear,800,0,1582,701,1199,383,0.24209860935524652,0.5846538782318599,0.44310998735777496,0.774257638404124,0.16674595623215985,0.10510375434808684,37.97004279600571,120,45.886547811993516,16.496146435452793,364,134,0,64,14272,4.923171020440376,3.3223965763195435,,
reactive-overhear,1200,0,2378,1315,1964,414,0.1740958788898234,0.6695519348268839,0.5529857022708158,0.477930413241752,0.14180955462094252,0.1406236632731628,41.88669201520913,120,52.58997955010225,13.758251975825198,188,461,0,227,8200,6.051192738019844,3.618250950570342,,
reactive-overhear,1600,0,3164,1830,2712,452,0.14285714285714285,0.6747787610619469,0.5783817951959545,0.28063343717549327,0.13208228076506676,0.1397031879809454,42.04153005464481,125,49.74077046548957,9.851975887474882,122,760,0,415,4829,6.656448509732687,3.748087431693989,,
reactive-overhear,2000,0,3960,2328,3452,508,0.12828282828282828,0.6743916570104287,0.5878787878787879,0.19303226969533083,0.13001954761239878,0.15712742980561556,40.43170103092783,110,50.86470588235294,8.596082583377449,104,1020,0,334,3744,6.7102205452851935,3.7869415807560136,,
reactive-overhear,3000,0,5952,3514,5078,874,0.14684139784946237,0.6920047262701852,0.5903897849462365,0.1413746757103116,0.12792136876592647,0.1800278699946719,47.08480364257257,130,54.16699314397649,7.720014008054632,361,1202,1,2105,2084,6.705456899220443,3.701479795105293,,
reactive-overhear,100,1,195,10,132,63,0.3230769230769231,0.07575757575757576,0.05128205128205128,0.9976055724858511,0.9090909090909091,0.006446621970087674,5.4,15,5.8,12,122,0,0,0,4583,1.0287769784172662,0.1,,
reactive-overhear,200,1,392,18,256,136,0.3469387755102041,0.0703125,0.04591836734693878,0.997377335810294,0.75,0.008311784263021796,12.666666666666666,70,13.88888888888889,8.5,238,0,0,0,9127,1.0933544303797469,0.2777777777777778,,
reactive-overhear,400,1,790,71,510,280,0.35443037974683544,0.1392156862745098,0.08987341772151898,0.9890229260762677,0.3697916666666667,0.018023964256701865,18.169014084507044,60,24.285714285714285,14.11320754716981,438,1,0,0,17291,1.9904761904761905,1.591549295774648,,
reactive-overhear,600,1,1189,307,827,362,0.30445752733389403,0.37122128174123337,0.25820016820857866,0.9220927055823696,0.179427235534775,0.0644416456759026,42.58957654723127,125,48.43272727272727,16.35635359116022,501,19,0,0,20234,4.2450787401574805,3.521172638436482,,
reactive-overhear,800,1,1593,463,1149,444,0.2787193973634652,0.40295909486510006,0.290646578782172,0.8401678507623914,0.12035352222511048,0.08665219344213206,45.049676025917925,120,53.27405247813411,23.049255441008018,495,191,0,12,20154,5.8855202120609675,3.935205183585313,,
reactive-overhear,1200,1,2384,1077,1936,448,0.18791946308724833,0.556301652892562,0.45176174496644295,0.4205981941309255,0.10489919158468881,0.119528544792684,50.77808727948004,125,61.499396863691196,13.31205035971223,185,674,0,359,6988,7.227487742559216,3.737233054781801,,
reactive-overhear,1600,1,3175,1546,2709,466,0.1467716535433071,0.5706902916205242,0.4869291338582677,0.2934227796412425,0.1063639490884073,0.13582372786055666,46.565976714100906,120,55.285714285714285,10.27471798274718,209,954,0,748,5103,7.279185649202733,3.8163001293661063,,
reactive-overhear,2000,1,3975,1970,3275,700,0.1761006289308176,0.601526717557252,0.49559748427672956,0.21456701073664142,0.10397424394363224,0.1472258758818606,50.01675126903553,130,57.78204081632653,9.034455549710678,247,1058,0,1247,3685,7.348862975593657,3.863959390862944,,
reactive-overhear,3000,1,5943,3261,4963,980,0.16489988221436985,0.6570622607293976,0.5487127713276123,0.16000612463634967,0.11888443310244258,0.1776530834604489,45.65194725544312,130,54.743788819875775,7.832020997375328,499,1196,7,2888,2009,6.833355996417669,3.6172953081876726,,
reactive-overhear,100,2,200,6,123,77,0.385,0.04878048780487805,0.03,0.998673446827327,1,0.00625,5,10,5,0,117,0,0,0,4517,1,0,,
reactive-overhear,200,2,397,34,254,143,0.3602015113350126,0.13385826771653545,0.08564231738035265,0.9911105980143154,0.44155844155844154,0.02125,18.823529411764707,40,25.294117647058822,17.291666666666668,220,0,0,0,8585,1.9951397326852978,1.411764705882353,,
reactive-overhear,400,2,795,135,523,272,0.3421383647798742,0.25812619502868067,0.16981132075471697,0.9653503184713376,0.24816176470588236,0.04733520336605891,32.644444444444446,130,35.32231404958678,16.71631205673759,386,2,0,10,15140,3.088363410080896,2.422222222222222,,
reactive-overhear,600,2,1191,285,824,367,0.30814441645675905,0.345873786407767,0.23929471032745592,0.9334075310703024,0.19846796657381616,0.06850961538461539,35.50526315789474,125,42.496153846153845,16.717201166180757,529,10,0,50,20063,3.7903017797265925,2.8,,
reactive-overhear,800,2,1586,567,1163,423,0.26670870113493067,0.48753224419604474,0.3575031525851198,0.8232916972814107,0.14734927234927234,0.0984375,41.7037037037037,120,48.36764705882353,20.329706202393908,470,126,0,53,17820,5.290131947628509,3.361552028218695,,
reactive-overhear,1200,2,2380,956,1906,474,0.1991596638655462,0.5015739769150053,0.4016806722689076,0.49215614739146296,0.09811165845648605,0.12111077328468632,51.46025104602511,135,58.07027818448024,15.160294795025335,268,682,0,560,8795,7.593283100900868,3.687238493723849,,
reactive-overhear,1600,2,3169,1364,2584,585,0.18460082044809087,0.5278637770897833,0.43041969075418113,0.3223635350909766,0.09343105692170697,0.1564363703092027,52.29032258064516,130,59.976846747519296,10.992063492063492,233,987,0,952,5893,7.664946726529518,4.019794721407624,,
reactive-overhear,2000,2,3965,1919,3370,595,0.15006305170239598,0.5694362017804154,0.48398486759142495,0.2208338539714274,0.10258192120596568,0.16363667371580598,49.341844710786866,135,55.92147034252297,8.857180500658762,235,1216,0,1222,3872,7.77244437468116,3.9275664408546116,,
reactive-overhear,3000,2,5955,3299,4968,987,0.16574307304785893,0.664049919484702,0.5539882451721243,0.14167296929360162,0.11627661074298604,0.18017870406781142,46.717187026371626,125,52.53256302521008,7.880669923237963,470,1193,6,2318,2036,7.011320207505952,3.7684146711124584,,
reactive-overhear,100,3,197,6,124,73,0.37055837563451777,0.04838709677419355,0.030456852791878174,0.9982873046456862,0.75,0.009375,17.666666666666668,75,19.166666666666668,39.5,118,0,0,0,4663,1.1284916201117319,0.3333333333333333,,
reactive-overhear,200,3,398,6,246,152,0.38190954773869346,0.024390243902439025,0.01507537688442211,0.9991493886230728,0.75,0.009375,8.666666666666666,20,10.333333333333334,11.5,240,0,0,0,9397,1.125,0.3333333333333333,,
reactive-overhear,400,3,790,61,506,284,0.3594936708860759,0.12055335968379446,0.07721518987341772,0.988979020979021,0.3096446700507614,0.026972055182171915,23.327868852459016,70,32.89473684210526,14.166666666666666,445,0,0,0,17667,2.513355048859935,2.262295081967213,,
reactive-overhear,600,3,1189,131,792,397,0.33389402859545836,0.16540404040404041,0.11017661900756939,0.9608929510251951,0.13547052740434332,0.0409375,36.404580152671755,130,33.51428571428571,26.391489361702128,599,62,0,0,23760,5.489539748953975,3.0916030534351147,,
reactive-overhear,800,3,1586,342,1103,483,0.30453972257250944,0.3100634632819583,0.21563682219419925,0.9251538543630607,0.16254752851711027,0.06557754256787851,33.578947368421055,100,40.636963696369634,24.24548736462094,680,81,0,9,25985,5.457709797436958,3.1228070175438596,,
reactive-overhear,1200,3,2372,981,1929,443,0.18676222596964587,0.5085536547433903,0.41357504215851604,0.46731780616078133,0.09883135200483578,0.11726594625609642,45.228338430173295,130,52.790849673202615,14.800637232589896,211,737,0,210,8364,7.709848877694644,3.7716615698267075,,
reactive-overhear,1600,3,3170,1434,2655,515,0.16246056782334384,0.5401129943502825,0.4523659305993691,0.3063622468475353,0.09874672910067483,0.15707150368033648,45.647838214783825,130,51.506637168141594,10.74768824306473,216,1005,0,493,5734,7.832805187482379,3.799163179916318,,
reactive-overhear,2000,3,3957,1872,3352,605,0.15289360626737428,0.5584725536992841,0.47308567096285065,0.21966318888263558,0.10385575589459084,0.16701163371636568,44.33974358974359,130,53.344673231871084,8.83113804004215,328,1152,0,1340,3534,7.428214367376547,3.6677350427350426,,
reactive-overhear,3000,3,5942,3281,4972,970,0.16324469875462808,0.659895414320193,0.5521709861999327,0.15065535851966072,0.1191358024691358,0.17262606279989898,48.72112160926547,135,54.24860646599777,7.719992991063606,416,1270,5,2531,2049,6.9124815067045535,3.7037488570557757,,
reactive-overhear,100,4,198,3,118,80,0.40404040404040403,0.025423728813559324,0.015151515151515152,0.999366687777074,1,0.006625441696113074,5.333333333333333,10,5.333333333333333,0,115,0,0,0,4734,1,0,,
reactive-overhear,200,4,396,24,253,143,0.3611111111111111,0.09486166007905138,0.06060606060606061,0.9945343244425011,0.48,0.01687289088863892,32.583333333333336,125,36.666666666666664,35.4,229,0,0,0,9098,1.499068901303538,1.0416666666666667,,
reactive-overhear,400,4,795,92,512,283,0.3559748427672956,0.1796875,0.11572327044025157,0.9770740461992705,0.23232323232323232,0.03214086081609838,37.53260869565217,120,43.5632183908046,29.23404255319149,419,1,0,0,16865,3.0012903225806453,2.6630434782608696,,
reactive-overhear,600,4,1193,254,815,378,0.316848281642917,0.3116564417177914,0.2129086336965633,0.9361020982046291,0.17197020988490183,0.058536135693215335,46.60236220472441,130,53.42028985507246,25.078175895765472,539,22,0,0,21618,4.312570781426953,3.7125984251968505,,
reactive-overhear,800,4,1584,349,1106,478,0.30176767676767674,0.3155515370705244,0.22032828282828282,0.8278117385542684,0.08664349553128103,0.07265989340439707,48.94555873925501,140,52.22491349480969,27.730489073881373,552,205,0,73,19272,7.134816187828236,3.7163323782234956,,
reactive-overhear,1200,4,2377,1054,1939,438,0.18426588136306268,0.5435791645177926,0.44341607067732436,0.4247541076809369,0.1041707847400672,0.13569883613142444,47.91081593927894,125,56.80736196319018,13.671910112359551,206,679,0,409,6943,7.105914415329406,3.7058823529411766,,
reactive-overhear,1600,4,3173,1514,2717,456,0.1437125748502994,0.5572322414427677,0.4771509612354239,0.28014044110374836,0.10400494607405372,0.14272247360482657,48.760898282694846,130,54.83757338551859,10.0488610102344,173,1030,0,664,4840,7.621578850385337,3.983487450462351,,
reactive-overhear,2000,4,3964,2024,3330,634,0.15993945509586277,0.6078078078078079,0.5105953582240161,0.2283477751266273,0.10979711402842574,0.13929416946539666,48.76432806324111,125,58.27086383601757,9.069896743447181,244,1062,0,1439,3779,7.154047366560622,3.8458498023715415,,
reactive-overhear,3000,4,5951,3504,5079,872,0.14652999495883046,0.689899586532782,0.5888086035960343,0.13606225680933848,0.12625207177343806,0.18357082984073764,46.9226598173516,130,53.567202906071614,7.614243323442136,339,1233,3,2116,1976,6.827051381623888,3.7648401826484017,,
reactive-overhear,100,5,199,16,125,74,0.37185929648241206,0.128,0.08040201005025126,0.9948027403732578,0.7272727272727273,0.01,7.5625,15,9.375,9.5,109,0,0,0,4211,1.1376344086021506,0.375,,
reactive-overhear,200,5,395,31,252,143,0.3620253164556962,0.12301587301587301,0.07848101265822785,0.9934158247247133,0.5344827586206896,0.012109374999999999,11.419354838709678,30,15.225806451612904,11.066666666666666,221,0,0,0,8751,1.2946317103620475,0.8709677419354839,,
reactive-overhear,400,5,792,122,521,271,0.3421717171717172,0.23416506717850288,0.15404040404040403,0.9691526038831428,0.23921568627450981,0.04039735099337748,30.188524590163933,105,39.138888888888886,17.394957983193276,399,0,0,0,16018,3.2731161566304707,2.8114754098360657,,
reactive-overhear,600,5,1191,280,840,351,0.2947103274559194,0.3333333333333333,0.23509655751469352,0.9075706756109247,0.14515292897874546,0.057947019867549666,44.97857142857143,120,49.89430894308943,31.037190082644628,488,72,0,1,18895,5.196639981959635,3.1714285714285713,,
reactive-overhear,800,5,1588,492,1158,430,0.2707808564231738,0.42487046632124353,0.30982367758186397,0.7998621006665134,0.11299954065227377,0.07352062163777645,44.892276422764226,120,54.56235294117647,23.978557504873294,443,223,0,15,17341,6.463811303601192,3.7357723577235773,,
reactive-overhear,1200,5,2381,950,1918,463,0.19445611087778245,0.49530761209593327,0.3989920201595968,0.527133346782328,0.10132252559726962,0.1027249134948097,41.370526315789476,125,51.51226158038147,16.31039260969977,257,711,0,314,10046,7.824535745213124,3.5,,
reactive-overhear,1600,5,3183,1461,2696,487,0.15300031416902293,0.5419139465875371,0.4590009425070688,0.2888049949179614,0.09942833809718252,0.11824980574980576,47.082819986310746,130,57.01518218623482,10.304161162483487,208,1027,0,556,5220,7.924312027916427,3.9034907597535935,,
reactive-overhear,2000,5,3971,1912,3350,621,0.1563837824225636,0.5707462686567164,0.4814908083606145,0.22382121391687126,0.10426436906969135,0.12313240597630089,48.95031380753138,135,54.950955943474646,8.937796520822351,307,1129,2,1424,3603,7.487221693476667,3.6893305439330546,,
reactive-overhear,3000,5,5963,3290,4946,1017,0.17055173570350496,0.6651839870602507,0.5517357035049472,0.14035519714364864,0.1177987038562068,0.1510171856639248,47.03161094224924,130,55.4195430238211,7.783873794916739,423,1229,4,2392,1823,6.870846354106026,3.664437689969605,,
reactive-overhear,100,6,198,0,122,76,0.3838383838383838,0,0,1,0,0,0,0,0,0,122,0,0,0,4813,0,0,,
reactive-overhear,200,6,397,6,247,150,0.3778337531486146,0.024291497975708502,0.015113350125944584,0.9991471215351813,0.75,0.009375,7.833333333333333,20,9.666666666666666,11.5,241,0,0,0,9372,1.1263736263736264,0.3333333333333333,,
reactive-overhear,400,6,795,57,507,288,0.3622641509433962,0.11242603550295859,0.07169811320754717,0.9854327335047129,0.2235294117647059,0.021428571428571425,34.3859649122807,130,36.54716981132076,34.625,450,0,0,0,17240,2.993368700265252,2.2280701754385963,,
reactive-overhear,600,6,1195,179,799,396,0.3313807531380753,0.22403003754693368,0.1497907949790795,0.9480453972257251,0.1448220064724919,0.04131277695716396,40.71508379888268,115,48.57575757575758,28.5724907063197,594,26,0,0,22532,4.913919758899981,3.3966480446927374,,
reactive-overhear,800,6,1593,483,1156,437,0.27432517263025735,0.41782006920415227,0.3032015065913371,0.7793972910905937,0.10261312938177183,0.08625000000000001,57.93374741200828,135,63.22994652406417,24.179828734538535,422,251,0,90,16466,6.802735991431771,4.0393374741200825,,
reactive-overhear,1200,6,2384,1133,1970,414,0.17365771812080538,0.5751269035532995,0.475251677852349,0.4095425203480213,0.10770985835155433,0.1546630992683193,52.101500441306264,130,60.93974358974359,13.629844097995546,176,661,0,354,6767,7.102561066377969,4.0767872903795235,,
reactive-overhear,1600,6,3175,1643,2699,476,0.1499212598425197,0.6087439792515746,0.51748031496063,0.27328076654356726,0.11282790825436066,0.18535649819494585,46.778454047474135,125,57.400375939849624,10.149062191510366,149,906,1,735,4578,7.1983868199759735,3.9610468654899575,,
reactive-overhear,2000,6,3975,2237,3467,508,0.12779874213836478,0.6452264205364868,0.5627672955974843,0.18653325176964086,0.12015899446742224,0.18075307045895284,47.65802413947251,130,56.18154311649017,8.5372312532774,162,1065,3,762,3256,7.1249429298830735,3.97228430934287,,
reactive-overhear,3000,6,5959,3508,5088,871,0.14616546400402752,0.6894654088050315,0.5886893774123175,0.13651688837123765,0.12452080079511572,0.21768268467037333,47.54931584948689,130,57.72165991902834,7.872999304105776,344,1229,7,1923,2169,6.8078098599130366,3.8104332953249713,,
reactive-overhear,100,7,197,0,129,68,0.34517766497461927,0,0,1,0,0,0,0,0,0,129,0,0,0,4761,0,0,,
reactive-overhear,200,7,396,2,256,140,0.35353535353535354,0.0078125,0.005050505050505051,0.9997892518440463,1,0.009025270758122744,5,10,5,0,254,0,0,0,9488,1,0,,
reactive-overhear,400,7,796,37,526,270,0.3391959798994975,0.07034220532319392,0.04648241206030151,0.9915712124486709,0.23717948717948717,0.057812499999999996,33.08108108108108,100,43.75675675675676,14.972972972972974,487,2,0,0,18352,3.2103092783505156,3,,
reactive-overhear,600,7,1193,163,817,376,0.31517183570829843,0.19951040391676866,0.1366303436714166,0.9582933844678811,0.15613026819923373,0.101875,42.91411042944785,130,50.853658536585364,24.370212765957447,631,23,0,14,23945,4.576819962878944,3.668711656441718,,
reactive-overhear,800,7,1586,353,1109,477,0.30075662042875156,0.31830477908025245,0.22257250945775536,0.9060295060936497,0.13386423966628744,0.08928571428571427,55.14730878186969,140,59.65942028985507,20.948333333333334,694,62,0,175,25230,5.301567592736303,3.7535410764872523,,
reactive-overhear,1200,7,2384,808,1915,469,0.1967281879194631,0.42193211488250654,0.3389261744966443,0.5402549400559162,0.08328179756751185,0.11424047053500737,47.508663366336634,130,55.08305647840532,18.10977859778598,299,808,0,153,11146,8.731406240307674,3.9381188118811883,,
reactive-overhear,1600,7,3178,1403,2653,525,0.16519823788546256,0.5288352808141726,0.44147262429200756,0.31912784935579785,0.09724821515214528,0.1590558679484854,50.89451176051318,125,59.02994652406417,11.159143327841845,199,1051,0,563,6011,7.856397277993364,4.057020669992872,,
reactive-overhear,2000,7,3969,2032,3356,613,0.15444696397077348,0.6054827175208581,0.5119677500629881,0.21905368130702307,0.11041677987284682,0.17310706740271248,48.64222440944882,135,54.36722306525038,8.932949188056574,239,1085,0,1188,3807,7.268757537302257,3.894192913385827,,
reactive-overhear,3000,7,5962,3427,5044,918,0.15397517611539752,0.679421094369548,0.5748071117074807,0.1546869210818822,0.12517349696836877,0.1890112072008472,47.114677560548586,130,53.724893162393165,7.85335658238884,425,1190,2,2477,2162,6.731657735976318,3.6480887073241903,,
reactive-overhear,100,8,200,11,127,73,0.365,0.08661417322834646,0.055,0.9962197020235712,0.6470588235294118,0.015260821309655937,16.454545454545453,95,19.363636363636363,8.166666666666666,116,0,0,0,4480,1.2663934426229508,0.5454545454545454,,
reactive-overhear,200,8,400,20,249,151,0.3775,0.08032128514056225,0.05,0.9957207207207207,0.5263157894736842,0.017593244194229415,15.7,30,19.55,26,229,0,0,0,8842,1.5162689804772234,0.85,,
reactive-overhear,400,8,795,121,518,277,0.3484276729559748,0.2335907335907336,0.15220125786163521,0.9687002327575647,0.23679060665362034,0.049966963990749916,39.107438016528924,115,46.93577981651376,21.049180327868854,397,0,0,0,15796,3.11177086971708,2.8016528925619837,,
reactive-overhear,600,8,1194,255,817,377,0.3157453936348409,0.31211750305997554,0.2135678391959799,0.9227735485646152,0.1514251781472684,0.08839434276206322,41.71764705882353,115,50.22596153846154,26.401002506265666,506,56,0,5,20071,5.123435419440746,3.635294117647059,,
reactive-overhear,800,8,1588,535,1175,413,0.2600755667506297,0.4553191489361702,0.33690176322418136,0.8028059236165238,0.12438967681934433,0.13906217508837596,47.97757009345794,125,57.465753424657535,24.897029702970297,473,167,0,56,17398,5.9637618636755825,3.7738317757009345,,
reactive-overhear,1200,8,2382,882,1882,500,0.20990764063811923,0.46865037194473963,0.3702770780856423,0.469082377476538,0.0866149464794265,0.20599775784753363,47.9546485260771,130,59.84124386252046,15.0004502476362,238,762,0,519,8294,7.60853315571344,4.034013605442177,,
reactive-overhear,1600,8,3176,1541,2692,484,0.15239294710327456,0.5724368499257058,0.4852015113350126,0.26483533161329487,0.10604183870079824,0.19334035932951923,50.414665801427645,135,57.00184331797235,10.045095457537855,173,977,1,810,4343,7.426721651246768,3.882543802725503,,
reactive-overhear,2000,8,3965,2187,3433,532,0.13417402269861287,0.6370521409845616,0.5515762925598992,0.1935512173722308,0.11896861230484687,0.22360134140356616,45.51440329218107,125,56.538520801232664,8.530799475753604,168,1077,1,600,3617,7.23528443688628,3.9410150891632374,,
reactive-overhear,3000,8,5945,3380,4994,951,0.1599663582842725,0.6768121746095315,0.5685449957947856,0.14878636279414492,0.12262371208823103,0.2056761756401519,46.61153846153846,130,53.7723704866562,7.819386331938633,348,1264,2,2367,2082,6.8086345258946555,3.7062130177514794,,
reactive-overhear,100,9,198,6,129,69,0.3484848484848485,0.046511627906976744,0.030303030303030304,0.998280309544282,0.75,0.009375,8.5,20,10.166666666666666,10.5,123,0,0,0,4644,1.1284916201117319,0.3333333333333333,,
reactive-overhear,200,9,398,23,259,139,0.3492462311557789,0.0888030888030888,0.05778894472361809,0.9953596287703016,0.5476190476190477,0.021170839469808543,13,30,16.91304347826087,13.3125,236,0,0,0,9009,1.567986230636833,0.8260869565217391,,
reactive-overhear,400,9,792,201,560,232,0.29292929292929293,0.35892857142857143,0.2537878787878788,0.9440488301119023,0.24363636363636362,0.05095315351855607,35.61194029850746,100,46.02564102564103,17.252525252525253,359,0,0,3,13909,3.317415730337079,2.8855721393034828,,
reactive-overhear,600,9,1184,387,850,334,0.28209459459459457,0.45529411764705885,0.3268581081081081,0.8711167317314565,0.1651023890784983,0.06774261307940065,49.87080103359173,135,49.891304347826086,18.30983302411874,404,59,0,107,15707,4.887123159616733,3.3204134366925064,,
reactive-overhear,800,9,1579,620,1221,358,0.22672577580747308,0.5077805077805078,0.39265357821405955,0.7553057364992646,0.13310433662516102,0.09803921568627452,48.148387096774194,125,55.82046332046332,22.44107142857143,374,227,0,54,14276,5.835632472201321,3.6516129032258067,,
reactive-overhear,1200,9,2375,1080,1925,450,0.18947368421052632,0.561038961038961,0.45473684210526316,0.4526426243994035,0.10896983150035314,0.13168162309793213,46.75833333333333,125,55.61910669975186,13.916551406177962,218,627,0,430,7675,6.924849751763784,3.748148148148148,,
reactive-overhear,1600,9,3171,1551,2630,541,0.1706086408073163,0.5897338403041825,0.489120151371807,0.3117690237337901,0.11028156996587031,0.15422400763662397,45.10573823339781,120,55.77386934673367,10.730871590153027,175,904,0,673,5450,7.296894245996833,3.8749194068343003,,
reactive-overhear,2000,9,3960,2216,3393,567,0.1431818181818182,0.6531093427645152,0.5595959595959596,0.20606589570150557,0.12180508986973011,0.15213093145869946,43.818592057761734,125,53.016666666666666,8.702774108322325,188,989,0,935,3640,6.947572603764178,3.7509025270758123,,
reactive-overhear,3000,9,5947,3467,4998,949,0.1595762569362704,0.6936774709883954,0.5829830166470489,0.1442596041541715,0.12789110627466893,0.15925293058464704,42.67666570522065,125,52.362366092221706,7.788559396385331,303,1225,3,2007,2186,6.655743311299231,3.6253244880299973,,
reactive-overhear,100,10,200,0,130,70,0.35,0,0,1,0,0,0,0,0,0,130,0,0,0,4861,0,0,,
reactive-overhear,200,10,400,8,256,144,0.36,0.03125,0.02,0.9987345776652958,0.6666666666666666,0.012499999999999999,9.125,15,11.875,9.25,248,0,0,0,9471,1.3745019920318724,0.5,,
reactive-overhear,400,10,798,48,513,285,0.35714285714285715,0.0935672514619883,0.06015037593984962,0.9905789560168703,0.27906976744186046,0.05,28.166666666666668,80,33.43478260869565,18.775510204081634,465,0,0,0,18085,2.8285163776493256,2.2083333333333335,,
reactive-overhear,600,10,1194,210,806,388,0.3249581239530988,0.26054590570719605,0.17587939698492464,0.93860383175512,0.15064562410329985,0.0773423688862699,40.838095238095235,125,42.78735632183908,31.2421875,553,43,0,13,21264,4.962017623822546,3.0142857142857142,,
reactive-overhear,800,10,1588,461,1188,400,0.2518891687657431,0.38804713804713803,0.2903022670025189,0.8286026678329325,0.11763204899208982,0.13648744670772148,45.49457700650759,130,53.42521994134897,29.321118611378978,504,223,0,21,18868,6.744407530454042,3.468546637744035,,
reactive-overhear,1200,10,2388,1090,2011,377,0.15787269681742044,0.5420188960716061,0.4564489112227806,0.4770461154964686,0.10824230387288977,0.1892361111111111,46.487155963302754,125,57.4956772334294,15.088487584650112,197,724,0,172,8919,7.521771122679862,4.011926605504587,,
reactive-overhear,1600,10,3180,1577,2716,464,0.1459119496855346,0.5806332842415317,0.4959119496855346,0.29025815149548106,0.11094695370761222,0.19290047949897252,46.13887127457197,130,58.09169363538295,10.008869908015768,168,970,1,812,4859,7.310315412108975,3.8116677235256815,,
reactive-overhear,2000,10,3978,2125,3462,516,0.1297134238310709,0.6138070479491623,0.5341880341880342,0.21432835820895524,0.11533868866695614,0.19917891421715653,44.77552941176471,125,53.552,8.97516339869281,257,1079,1,1015,3731,7.013225402784295,3.7538823529411767,,
reactive-overhear,3000,10,5950,3262,5035,915,0.15378151260504203,0.6478649453823238,0.548235294117647,0.14812138728323698,0.11528131184619735,0.2417155729444543,44.86235438381361,130,54.18262411347518,7.743104943625325,479,1290,4,2422,2185,6.984086297627472,3.6637032495401596,,
reactive-overhear,100,11,196,7,122,74,0.37755102040816324,0.05737704918032787,0.03571428571428571,0.9972733469665985,0.5833333333333334,0.010937500000000001,12.571428571428571,35,15.714285714285714,17.666666666666668,115,0,0,0,4389,1.353211009174312,0.7142857142857143,,
reactive-overhear,200,11,396,11,247,149,0.37626262626262624,0.044534412955465584,0.027777777777777776,0.9973483592973152,0.4583333333333333,0.013297872340425532,12.272727272727273,25,16.363636363636363,11,236,0,0,0,9014,1.4819277108433735,0.9090909090909091,,
reactive-overhear,400,11,794,25,498,296,0.37279596977329976,0.050200803212851405,0.031486146095717885,0.9966120218579235,0.4032258064516129,0.021287465940054498,14.24,40,21.04,10.904761904761905,473,0,0,0,18218,1.867601246105919,1.4,,
reactive-overhear,600,11,1193,161,774,419,0.3512154233025985,0.20801033591731266,0.134953897736798,0.9616820512820513,0.17237687366167023,0.06489841986455983,41.701863354037265,115,48.80882352941177,25.903508771929825,610,3,0,3,23376,4.155151013653289,3.080745341614907,,
reactive-overhear,800,11,1594,470,1156,438,0.27478042659974905,0.40657439446366783,0.2948557089084065,0.8164802159056284,0.11148007590132827,0.10401912181303118,52.61702127659574,140,58.35014005602241,24.572597137014316,476,210,0,81,18637,6.4620087336244545,3.7574468085106383,,
reactive-overhear,1200,11,2389,891,1895,494,0.20678107994976977,0.47018469656992085,0.3729593972373378,0.5041145080045883,0.08961078145428945,0.1298682369402985,50.672278338945006,135,60.650741350906095,16.43006357856494,250,754,0,368,9617,8.142865320764798,4.007856341189674,,
reactive-overhear,1600,11,3179,1442,2693,486,0.1528782636049072,0.5354623096917935,0.45360176156023907,0.28686752198356635,0.09716326393100196,0.15271541133610098,50.01803051317614,135,57.55097365406644,10.076065573770492,157,1094,0,746,5039,8.030821880244382,4.147018030513176,,
reactive-overhear,2000,11,3975,2075,3386,589,0.14817610062893083,0.612817483756645,0.5220125786163522,0.20306412781790328,0.11397341535757442,0.17405381827942557,43.99277108433735,125,56.23095823095823,8.702122085407389,178,1131,2,815,3605,7.432387719892545,3.84,,
reactive-overhear,3000,11,5955,3329,5000,955,0.16036943744752308,0.6658,0.5590260285474391,0.1549574811789448,0.1200721370604148,0.1970288825757576,46.63502553319315,130,55.05672609400324,7.81700941094458,406,1260,5,2557,2199,6.902845138732236,3.7530790027035144,,
reactive-overhear,100,12,198,4,124,74,0.37373737373737376,0.03225806451612903,0.020202020202020204,0.9987450324199958,0.6666666666666666,0.012499999999999999,8.75,15,11.5,9,120,0,0,0,4775,1.2254901960784315,0.5,,
reactive-overhear,200,12,395,10,247,148,0.37468354430379747,0.04048582995951417,0.02531645569620253,0.9982721382289417,0.625,0.014518002322880372,9,20,12.3,8.666666666666666,237,0,0,0,9244,1.284518828451883,0.6,,
reactive-overhear,400,12,792,24,503,289,0.3648989898989899,0.04771371769383698,0.030303030303030304,0.9970452347695283,0.43636363636363634,0.026019080659150044,15.166666666666666,35,20.666666666666668,10.95,479,0,0,0,18553,1.8815165876777251,1.25,,
reactive-overhear,600,12,1188,224,810,378,0.3181818181818182,0.2765432098765432,0.18855218855218855,0.8918829008649368,0.09846153846153846,0.08623344625808439,54.91517857142857,135,60.87222222222222,28.381782945736433,485,101,0,62,18619,6.4493529674252565,3.78125,,
reactive-overhear,800,12,1589,342,1146,443,0.27879169288860917,0.29842931937172773,0.21522970421648835,0.7866474457158302,0.07221283783783784,0.12172551252847381,55.590643274853804,135,62.16541353383459,23.94275161588181,463,341,0,103,17322,8.13314580403188,3.9035087719298245,,
reactive-overhear,1200,12,2382,927,1877,505,0.21200671704450041,0.4938732019179542,0.3891687657430731,0.5143024504539686,0.09316582914572864,0.17263855780691298,56.8824163969795,135,65.32520325203252,16.0966405890474,297,653,0,442,9985,7.640046877615938,4.195253505933118,,
reactive-overhear,1600,12,3182,1373,2619,563,0.17693274670018855,0.524245895379916,0.43148962916404776,0.3275385938702522,0.0924330146761815,0.19972652158733853,56.60888565185725,135,66.3880407124682,11.097167325428195,245,1001,0,772,6316,7.978521087369952,4.043699927166788,,
reactive-overhear,2000,12,3970,1856,3336,634,0.1596977329974811,0.5563549160671463,0.46750629722921916,0.21927020631823657,0.09868665922262987,0.19249917026219715,52.39331896551724,135,62.094339622641506,9.173458725182863,254,1225,1,1170,3947,7.752788503642371,3.908405172413793,,
reactive-overhear,3000,12,5946,3190,4910,1036,0.17423477968382106,0.6496945010183299,0.5364951227716112,0.1734519026234933,0.11402223254816457,0.22307692307692306,52.12131661442006,135,59.00911161731207,8.094195342370526,472,1248,0,3282,2182,6.887282198251518,3.7752351097178685,,
reactive-overhear,100,13,197,15,127,70,0.3553299492385787,0.11811023622047244,0.07614213197969544,0.9947368421052631,0.6521739130434783,0.021234428086070213,8,20,11.933333333333334,7.2,112,0,0,0,4347,1.5065274151436032,0.6666666666666666,,
reactive-overhear,200,13,395,38,253,142,0.3594936708860759,0.15019762845849802,0.09620253164556962,0.989049394221808,0.40425531914893614,0.022134203168685928,16.973684210526315,65,22.05263157894737,14.928571428571429,215,0,0,0,8480,1.9459724950884087,1.3421052631578947,,
reactive-overhear,400,13,791,134,532,259,0.3274336283185841,0.2518796992481203,0.16940581542351454,0.9786849485821129,0.391812865497076,0.039458186101295645,20.507462686567163,80,27.99230769230769,20.892561983471076,398,0,0,0,15694,2.2143082256539555,1.544776119402985,,
reactive-overhear,600,13,1188,295,829,359,0.3021885521885522,0.3558504221954162,0.24831649831649832,0.9135993800852382,0.16535874439461884,0.07189510625852993,44.83050847457627,125,50.87603305785124,18.77511961722488,484,50,0,29,18792,4.560573695453158,3.166101694915254,,
reactive-overhear,800,13,1588,557,1179,409,0.2575566750629723,0.4724342663273961,0.3507556675062972,0.8211741701196518,0.14501431918771154,0.10059962433174398,44.36445242369838,120,52.63519313304721,22.22140608604407,481,141,0,87,17457,5.632440111693529,3.391382405745063,,
reactive-overhear,1200,13,2382,1122,1965,417,0.17506297229219145,0.5709923664122137,0.47103274559193953,0.4382412975119987,0.11018363939899833,0.1591940976163451,50.59714795008912,130,58.373779637377964,13.959527057753524,164,679,0,268,7585,7.334770367763505,3.9590017825311943,,
reactive-overhear,1600,13,3174,1455,2633,541,0.1704473850031506,0.5526015951386252,0.45841209829867674,0.28439967065433236,0.09847715736040609,0.1646523628462792,53.27628865979381,135,58.56724511930586,10.307819201583635,214,963,1,977,4728,7.718376806618097,3.9738831615120276,,
reactive-overhear,2000,13,3973,1872,3392,581,0.14623710042788823,0.5518867924528302,0.4711804681600805,0.2087207841166122,0.09909480705097666,0.16805515656420567,45.308226495726494,125,54.17759336099585,8.916056485355648,256,1263,1,930,3911,7.869489623342343,3.7334401709401708,,
reactive-overhear,3000,13,5952,3443,5067,885,0.14868951612903225,0.6794947700809157,0.5784610215053764,0.13698924071973761,0.12229168146622149,0.21843120337004518,46.72669183851293,130,53.834566596194506,7.760076441973593,392,1227,5,2206,2034,6.9725648042284405,3.8295091489979667,,
reactive-overhear,100,14,196,8,128,68,0.3469387755102041,0.0625,0.04081632653061224,0.9974527701125027,0.6666666666666666,0.010266940451745381,9.375,25,11.875,10.75,120,0,0,0,4691,1.2966666666666666,0.5,,
reactive-overhear,200,14,394,22,255,139,0.35279187817258884,0.08627450980392157,0.05583756345177665,0.995125733909383,0.5,0.02133436772692009,11.909090909090908,30,16.5,10.75,233,0,0,0,8983,1.6649746192893402,1.0454545454545454,,
reactive-overhear,400,14,787,148,528,259,0.3290978398983482,0.2803030303030303,0.1880559085133418,0.9539121114683815,0.2024623803009576,0.06607142857142857,38.148648648648646,110,50.2,19.099378881987576,376,4,0,0,15130,3.8218634197988353,3.439189189189189,,
reactive-overhear,600,14,1187,350,856,331,0.2788542544229149,0.4088785046728972,0.2948609941027801,0.9090154732269244,0.18776824034334763,0.109375,35.15714285714286,90,47.18055555555556,14.85981308411215,467,39,0,9,18585,4.497645072425131,3.4857142857142858,,
reactive-overhear,800,14,1586,686,1229,357,0.22509457755359394,0.5581773799837266,0.43253467843631777,0.7637089250544211,0.15047159464794913,0.1316193399846508,43.268221574344025,115,56.56015037593985,19.010348071495766,368,175,0,54,14629,5.304894938862728,3.6705539358600583,,
reactive-overhear,1200,14,2378,1068,1933,445,0.18713204373423045,0.5525090532850492,0.44911690496215306,0.48424794011524586,0.1115171765688629,0.1371622315832734,42.37453183520599,125,52.2175,14.56567992599445,239,626,0,281,8582,7.065508649019537,3.609550561797753,,
reactive-overhear,1600,14,3170,1535,2665,505,0.15930599369085174,0.575984990619137,0.4842271293375394,0.33160820394862944,0.11005162030398623,0.1649402561677985,46.94071661237785,130,54.59498956158664,11.072093023255814,201,929,0,530,6268,7.276819306511202,3.7224755700325733,,
reactive-overhear,2000,14,3962,1984,3355,607,0.15320545179202422,0.5913561847988078,0.5007571933366987,0.2050916320885201,0.10787885378717851,0.20346213799327262,48.82157258064516,130,55.72207563764292,8.848453067645517,218,1149,4,868,3689,7.669867899812187,3.8190524193548385,,
reactive-overhear,3000,14,5941,3342,4953,988,0.16630196936542668,0.6747425802543913,0.5625315603433766,0.14354833739098283,0.12025475873484222,0.17934572618383207,44.67354877318971,130,52.20371251784864,7.62546028406102,395,1211,5,2333,2010,6.80230209353661,3.6795332136445245,,
reactive-overhear,100,15,200,1,116,84,0.42,0.008620689655172414,0.005,0.9997865528281751,1,0.04807692307692307,127,130,127,0,115,0,0,0,4684,1,0,,
reactive-overhear,200,15,397,12,244,153,0.3853904282115869,0.04918032786885246,0.030226700251889168,0.9982454216471104,0.75,0.013333333333333332,18.666666666666668,80,21.727272727272727,21.5,232,0,0,0,9103,1.2202797202797202,0.5,,
reactive-overhear,400,15,796,87,515,281,0.3530150753768844,0.16893203883495145,0.1092964824120603,0.9847620168264988,0.3359073359073359,0.04782321899736148,22.367816091954023,70,28.773809523809526,15.69620253164557,427,1,0,0,16733,2.5573468447719945,1.8850574712643677,,
reactive-overhear,600,15,1189,276,813,376,0.3162321278385198,0.33948339483394835,0.2321278385197645,0.9279176722371477,0.17435249526216046,0.10641579272054287,40.82608695652174,110,51.03252032520325,21.18836565096953,520,17,0,3,20354,4.599385519636655,3.6739130434782608,,
reactive-overhear,800,15,1585,473,1128,457,0.2883280757097792,0.41932624113475175,0.29842271293375394,0.8437930027938785,0.12626801922050188,0.1238738738738739,51.92811839323467,135,59.09718670076726,24.837684449489217,530,125,0,38,20155,5.995683780099955,3.887949260042283,,
reactive-overhear,1200,15,2387,955,1869,518,0.21700879765395895,0.5109684323167469,0.40008378718056137,0.5312408759124088,0.09913837849060521,0.14489015657239956,52.38534031413612,135,61.44428152492669,15.888157894736842,314,600,0,453,10373,7.381552331965555,3.9528795811518322,,
reactive-overhear,1600,15,3173,1269,2562,611,0.19256224393318627,0.4953161592505855,0.3999369681689253,0.3816489956605378,0.09181015771957748,0.157397301051796,53.881008668242714,135,61.68230563002681,12.128128128128129,243,1050,0,794,7514,7.85953543075566,3.8518518518518516,,
reactive-overhear,2000,15,3965,1897,3358,607,0.15308953341740228,0.564919594997022,0.4784363177805801,0.24490473620854258,0.1042823374196031,0.16889245014245013,45.37901950448076,130,54.19495213228895,9.479978925184405,298,1163,0,1461,4291,7.515621768664196,3.717448603057459,,
reactive-overhear,3000,15,5959,3100,4973,986,0.1654640040275214,0.6233661773577317,0.5202215136767914,0.17224753002425608,0.11078154593860558,0.1753314329668341,45.568387096774195,130,49.711009174311926,8.152489082969433,490,1381,2,2931,2593,7.1879848448969925,3.6761290322580646,,
reactive-overhear,100,16,199,4,124,75,0.3768844221105528,0.03225806451612903,0.020100502512562814,0.998701579744644,0.6666666666666666,0.012499999999999999,8.75,20,11.75,10,120,0,0,0,4615,1.2156862745098038,0.5,,
reactive-overhear,200,16,397,4,251,146,0.3677581863979849,0.01593625498007968,0.010075566750629723,0.9993591797500802,0.6666666666666666,0.017421602787456445,8,15,10.75,10.5,247,0,0,0,9357,1.2417582417582418,0.5,,
reactive-overhear,400,16,796,23,516,280,0.35175879396984927,0.044573643410852716,0.028894472361809045,0.9969250687813562,0.40350877192982454,0.023958333333333335,17.043478260869566,40,23.1,14.055555555555555,493,0,0,0,18474,1.9783393501805053,1.4782608695652173,,
reactive-overhear,600,16,1191,67,781,410,0.34424853064651556,0.08578745198463508,0.056255247691015954,0.9860902255639098,0.1810810810810811,0.04769362186788156,24.611940298507463,60,37.234375,20.48421052631579,712,2,0,14,26202,3.688081524147098,2.6417910447761193,,
reactive-overhear,800,16,1590,453,1169,421,0.2647798742138365,0.38751069289991447,0.2849056603773585,0.7699483828195293,0.09324825030876904,0.16365606936416185,58.443708609271525,140,61.45255474452555,23.981182795698924,448,268,0,156,16048,7.205158094127932,4.1655629139072845,,
reactive-overhear,1200,16,2383,1147,1965,418,0.17540914813260597,0.5837150127226464,0.4813260595887537,0.4546575195626541,0.11272727272727273,0.17921875,53.4359197907585,140,60.504413619167714,13.9441647597254,218,600,0,377,7997,6.674816333504186,4.151700087183958,,
reactive-overhear,1600,16,3176,1548,2662,514,0.1618387909319899,0.5815176558978212,0.48740554156171284,0.3272459219099253,0.10943022762618408,0.17415174151741517,48.400516795865634,130,57.361635220125784,10.497494153023721,239,875,0,873,5832,6.989292801535207,3.8598191214470283,,
reactive-overhear,2000,16,3968,2148,3355,613,0.1544858870967742,0.6402384500745156,0.5413306451612904,0.23528158814006983,0.119659071917999,0.21191791633780585,47.77513966480447,130,58.60470779220779,9.087460484720758,240,967,0,1023,4324,6.898055293922101,3.835195530726257,,
reactive-overhear,3000,16,5956,3517,5090,866,0.14539959704499664,0.6909626719056975,0.5904969778374748,0.14687003495392437,0.13099672228843862,0.1935565535156078,42.32158089280637,125,52.136077481840196,7.593755450898308,392,1178,3,2235,2114,6.546067015097632,3.5658231447256186,,
reactive-overhear,100,17,199,4,126,73,0.36683417085427134,0.031746031746031744,0.020100502512562814,0.9991463935125907,1,0.0062499999999999995,4.75,10,4.75,0,122,0,0,0,4682,1,0,,
reactive-overhear,200,17,397,13,252,145,0.36523929471032746,0.051587301587301584,0.0327455919395466,0.998170666092758,0.7647058823529411,0.008125,7.923076923076923,30,9.538461538461538,13,239,0,0,0,9276,1.1075514874141876,0.3076923076923077,,
reactive-overhear,400,17,794,54,508,286,0.3602015113350126,0.1062992125984252,0.06801007556675064,0.9858271245308386,0.2134387351778656,0.026254375729288213,33.907407407407405,135,28.444444444444443,20.49122807017544,454,0,0,0,17585,3.1457541191381497,2.8703703703703702,,
reactive-overhear,600,17,1191,208,806,385,0.3232577665827036,0.25806451612903225,0.1746431570109152,0.9412544925551942,0.15149308084486526,0.052083333333333336,43.38942307692308,120,47.1764705882353,33.87570621468927,564,34,0,2,21970,4.814986419555839,3.2884615384615383,,
reactive-overhear,800,17,1590,443,1175,415,0.2610062893081761,0.3770212765957447,0.27861635220125786,0.8300745473908413,0.11105540235648031,0.09954161423692251,49.864559819413095,130,55.57464788732394,25.620833333333334,560,172,0,111,19318,6.420799283555357,3.7381489841986455,,
reactive-overhear,1200,17,2387,955,1924,463,0.19396732299958105,0.49636174636174635,0.40008378718056137,0.48546201857208093,0.09418145956607495,0.1498180220883534,52.2586387434555,135,60.530583214793744,15.7756381549485,292,677,0,501,9028,7.374376433747224,3.825130890052356,,
reactive-overhear,1600,17,3181,1534,2646,535,0.16818610499842818,0.5797430083144369,0.4822382898459604,0.2879636638909917,0.10872492735133603,0.1675550506815799,44.02216427640156,120,54.976099426386234,10.06130520764667,237,875,0,893,4704,7.044333141921351,3.6538461538461537,,
reactive-overhear,2000,17,3970,2054,3346,624,0.15717884130982368,0.6138673042438733,0.5173803526448363,0.21668709507967077,0.11478707946797809,0.2072235673930589,45.585199610516064,130,53.184,8.765690376569038,197,1094,1,1146,3685,7.183832212757247,3.6660175267770203,,
reactive-overhear,3000,17,5959,3271,5019,940,0.15774458801812385,0.6517234508866308,0.5489176036247693,0.16410396384921,0.11867788984834192,0.21718633804313184,45.492815652705595,125,56.75996015936255,8.164695652173913,534,1206,8,2949,2156,6.778417225661993,3.5551819015591564,,
reactive-overhear,100,18,198,4,122,76,0.3838383838383838,0.03278688524590164,0.020202020202020204,0.9991226146084667,1,0.008012820512820514,21.25,70,21.25,0,118,0,0,0,4555,1,0,,
reactive-overhear,200,18,397,2,239,158,0.3979848866498741,0.008368200836820083,0.005037783375314861,0.9997865528281751,1,0.0062499999999999995,5,10,5,0,237,0,0,0,9368,1,0,,
reactive-overhear,400,18,794,22,504,290,0.36523929471032746,0.04365079365079365,0.027707808564231738,0.9953919519905696,0.2558139534883721,0.04858657243816254,66.45454545454545,145,66.27777777777777,39.95454545454545,482,0,0,0,18574,3.0694444444444446,2.590909090909091,,
reactive-overhear,600,18,1195,38,753,442,0.3698744769874477,0.05046480743691899,0.031799163179916316,0.9968987775413797,0.4418604651162791,0.0427158273381295,28.44736842105263,115,30.97222222222222,14.424242424242424,715,0,0,0,27632,1.978481012658228,1.263157894736842,,
reactive-overhear,800,18,1593,351,1133,460,0.28876333961079725,0.30979699911738745,0.22033898305084745,0.8564315022108911,0.09739178690344062,0.11068365287588294,50.04843304843305,130,54.92962962962963,32.82259767687434,592,190,0,136,21316,7.136179956896552,3.547008547008547,,
reactive-overhear,1200,18,2387,923,1923,464,0.19438625890238795,0.4799791991679667,0.38667783829074154,0.5258637236084454,0.0934115980163951,0.14243827160493827,55.03358613217768,130,61.42504118616145,16.447026022304833,290,710,0,409,10443,7.5005002452182445,3.9891657638136513,,
reactive-overhear,1600,18,3185,1391,2643,542,0.17017268445839875,0.5262958758986,0.43673469387755104,0.3166823751178134,0.09593103448275862,0.15646090164672005,50.88281811646298,135,55.5728813559322,10.472305140961858,248,1004,0,880,5660,7.720230968074035,3.9396117900790797,,
reactive-overhear,2000,18,3975,2019,3397,578,0.14540880503144654,0.5943479540771269,0.5079245283018868,0.22376701904487684,0.10698956070160563,0.2182419578000692,49.69935611688955,125,58.021555763823805,9.102115434839384,223,1155,0,968,4277,7.528134485173943,3.9970282317979198,,
reactive-overhear,3000,18,5967,3221,4990,977,0.16373386961622255,0.6454909819639278,0.5398022456845987,0.14870089004764897,0.1133875453233358,0.23070421728168689,49.19124495498293,130,57.43849938499385,7.7304423243712055,462,1303,4,2624,2013,7.082657345938211,3.892890406705992,,
reactive-overhear,100,19,198,8,118,80,0.40404040404040403,0.06779661016949153,0.04040404040404041,0.9969033399690334,0.5714285714285714,0.012499999999999999,10.5,30,13.25,10.5,110,0,0,0,4507,1.2628865979381443,0.75,,
reactive-overhear,200,19,394,13,244,150,0.38071065989847713,0.05327868852459016,0.03299492385786802,0.9979123173277662,0.6842105263157895,0.01015625,8.23076923076923,25,10.307692307692308,10,231,0,0,0,9082,1.1684491978609626,0.46153846153846156,,
reactive-overhear,400,19,794,19,487,307,0.3866498740554156,0.039014373716632446,0.02392947103274559,0.9983647661615611,0.6333333333333333,0.015224358974358974,8.421052631578947,15,11.210526315789474,8,468,0,0,0,18316,1.3973634651600753,0.5789473684210527,,
reactive-overhear,600,19,1189,148,787,402,0.3380992430613961,0.1880559085133418,0.12447434819175777,0.9640489649843426,0.167420814479638,0.06339958875942425,41.41216216216216,125,44.239669421487605,17.019607843137255,613,26,0,11,23673,4.41294363256785,3.0675675675675675,,
reactive-overhear,800,19,1588,316,1101,487,0.3066750629722922,0.28701180744777477,0.19899244332493704,0.8861002408187839,0.10439378923026098,0.09799057305879433,52.47784810126582,140,57.78326996197718,26.256164383561643,634,151,0,28,23515,6.7775830595107704,3.6740506329113924,,
reactive-overhear,1200,19,2378,832,1898,480,0.20185029436501262,0.4383561643835616,0.34987384356602186,0.5152261752242042,0.08457003455986989,0.14886916690523905,55.87620192307692,140,62.57538994800693,16.943104233045062,314,752,0,327,10066,8.065129474256052,4.069711538461538,,
reactive-overhear,1600,19,3172,1507,2671,501,0.15794451450189156,0.5642081617371771,0.47509457755359397,0.2800897692345221,0.1021279479533749,0.17369755647763946,50.34372926343729,135,59.747933884297524,10.325886990801576,203,961,0,795,4812,7.667654557737149,4.018579960185799,,
reactive-overhear,2000,19,3969,2052,3384,585,0.1473922902494331,0.6063829787234043,0.5170068027210885,0.20982497180333348,0.10847959399450201,0.18803606773696943,47.69103313840156,130,57.06784140969163,9.042386185243329,199,1133,0,941,3924,7.587076543950967,4.014619883040936,,
reactive-overhear,3000,19,5949,3365,5022,927,0.15582450832072617,0.6700517722023098,0.5656412842494537,0.15118829432442993,0.11911082793529433,0.21245832912415397,47.423179791976224,130,56.013218390804596,7.960592850915432,457,1199,1,2550,2214,6.978693394811816,3.8564635958395246,,
reactive-overhear,100,20,198,5,124,74,0.37373737373737376,0.04032258064516129,0.025252525252525252,0.9989035087719298,1,0.005208333333333334,5,10,5,0,119,0,0,0,4555,1,0,,
reactive-overhear,200,20,398,29,256,142,0.35678391959798994,0.11328125,0.0728643216080402,0.993441881501583,0.5,0.01294642857142857,11.931034482758621,30,16.103448275862068,12.0625,227,0,0,0,8786,1.5109223300970873,1.0344827586206897,,
reactive-overhear,400,20,794,102,530,264,0.33249370277078083,0.19245283018867926,0.12846347607052896,0.984,0.37777777777777777,0.031875,21.813725490196077,80,27.193877551020407,15.444444444444445,428,0,0,0,16586,2.2372262773722627,1.5980392156862746,,
reactive-overhear,600,20,1192,203,816,376,0.31543624161073824,0.24877450980392157,0.17030201342281878,0.971930400525279,0.29678362573099415,0.05286458333333333,22.44334975369458,60,32.33505154639175,12.913705583756345,612,1,0,0,23658,2.998500749625187,2.29064039408867,,
reactive-overhear,800,20,1590,365,1145,445,0.279874213836478,0.31877729257641924,0.22955974842767296,0.9072729965930973,0.1457667731629393,0.06697739283617146,36.59178082191781,125,40.59866220735786,21.474732006125574,673,107,0,48,24398,5.105794713845713,2.9232876712328766,,
reactive-overhear,1200,20,2378,879,1910,468,0.1968040370058873,0.46020942408376964,0.36963835155592933,0.5311719452492756,0.09366009589770911,0.13046188553787696,43.189988623435724,120,54.33232628398792,16.515388148828663,312,719,0,311,10166,7.572824967449814,3.6188850967007964,,
reactive-overhear,1600,20,3173,1485,2669,504,0.15884021430822565,0.5563881603596853,0.46801134572959346,0.32198171742528303,0.10373733845616487,0.16642011834319526,44.8013468013468,130,54.85211995863495,10.81592039800995,250,933,1,1035,5615,7.272996901771834,3.74006734006734,,
reactive-overhear,2000,20,3975,2016,3377,598,0.15044025157232704,0.5969795676636067,0.5071698113207547,0.23765935214211076,0.11053237567849114,0.21474222411589264,46.944940476190474,130,57.03338898163606,9.317456163308034,333,1028,0,1569,3834,7.092634919138843,3.7896825396825395,,
reactive-overhear,3000,20,5962,3437,5081,881,0.1477692049647769,0.6764416453454044,0.5764844012076484,0.15379752551250792,0.12226965492707222,0.2247110204508604,46.68431771894094,125,55.57620614035088,7.890589667768308,390,1248,6,2316,2366,6.816022970651227,3.778585976141984,,
reactive-overhear,100,21,199,4,133,66,0.3316582914572864,0.03007518796992481,0.020100502512562814,0.9991706406800747,1,0.0062499999999999995,5,10,5,0,129,0,0,0,4819,1,0,,
reactive-overhear,200,21,398,6,261,137,0.3442211055276382,0.022988505747126436,0.01507537688442211,0.9991714995857498,0.75,0.009375,7.166666666666667,15,8.666666666666666,8.5,255,0,0,0,9648,1.125,0.3333333333333333,,
reactive-overhear,400,21,797,134,558,239,0.2998745294855709,0.24014336917562723,0.16813048933500627,0.9704043351396415,0.26961770623742454,0.04395171870900027,26.753731343283583,80,36.22047244094488,15.366666666666667,424,0,0,0,16293,2.910248447204969,2.6865671641791047,,
reactive-overhear,600,21,1198,282,850,348,0.2904841402337229,0.33176470588235296,0.2353923205342237,0.9103983304600308,0.14278481012658228,0.06367413294797689,51.59574468085106,140,58.18930041152263,29.322222222222223,523,45,0,36,19998,4.912313432835821,3.652482269503546,,
reactive-overhear,800,21,1595,569,1240,355,0.2225705329153605,0.4588709677419355,0.3567398119122257,0.7375081934150154,0.10929696504033808,0.12160198324499914,48.95254833040422,125,58.49144254278728,23.071186440677966,402,269,0,78,14477,6.6949188366587755,4.207381370826011,,
reactive-overhear,1200,21,2382,1056,1945,437,0.1834592779177162,0.54293059125964,0.4433249370277078,0.48182725911133295,0.1017439059639657,0.18050047859975388,51.86174242424242,125,63.434844192634564,15.105866177818514,204,685,0,255,9224,7.265687074829932,4.149621212121212,,
reactive-overhear,1600,21,3173,1460,2666,507,0.15978569177434604,0.5476369092273068,0.4601323668452569,0.30732971953806265,0.09935352160598843,0.1807646592709984,49.077397260273976,130,60.15963855421687,10.648488830486203,219,987,0,695,5653,7.695827176286364,4.000684931506849,,
reactive-overhear,2000,21,3962,2153,3330,632,0.15951539626451286,0.6465465465465465,0.5434124179707218,0.22126076234153935,0.11961775654203011,0.19469362656442166,44.88016720854621,125,56.98316970546985,8.783006535947713,217,960,0,1348,3576,6.846757921143044,3.731072921504877,,
reactive-overhear,3000,21,5941,3462,5012,929,0.15637098131627672,0.6907422186751796,0.5827301801043595,0.14522707902106413,0.12328620775613404,0.23226170030055818,48.22010398613518,130,57.506625891946996,7.820428049417087,367,1179,4,2338,2146,6.839327195267607,3.8162911611785097,,
reactive-overhear,100,22,198,0,125,73,0.3686868686868687,0,0,1,0,0,0,0,0,0,125,0,0,0,4863,0,0,,
reactive-overhear,200,22,396,8,249,147,0.3712121212121212,0.0321285140562249,0.020202020202020204,0.9987456883035434,0.6666666666666666,0.012499999999999999,9.875,20,12.125,11.5,241,0,0,0,9555,1.2277227722772277,0.5,,
reactive-overhear,400,22,793,41,508,285,0.3593947036569987,0.08070866141732283,0.05170239596469105,0.9935880019562028,0.3474576271186441,0.026241679467485915,19.878048780487806,45,27.35,16.11764705882353,467,0,0,0,18279,2.159021406727829,1.7073170731707317,,
reactive-overhear,600,22,1188,113,780,408,0.3434343434343434,0.14487179487179488,0.09511784511784512,0.9600272087067862,0.11311311311311312,0.07115869017632241,45.743362831858406,125,54.24,28.529411764705884,634,33,0,10,23956,5.8574810606060606,3.4070796460176993,,
reactive-overhear,800,22,1582,505,1177,405,0.25600505689001263,0.4290569243840272,0.3192161820480405,0.8694136037516533,0.15500306936771024,0.09789857320099254,42.82772277227723,125,49.11401425178147,22.726355611601512,571,101,0,9,21598,5.051856346885861,3.368316831683168,,
reactive-overhear,1200,22,2379,1106,1998,381,0.1601513240857503,0.5535535535535535,0.46490121899957965,0.4492939666238768,0.10742035742035742,0.16218911309244488,46.429475587703436,125,57.38971583220568,14.755047106325707,184,708,0,259,8054,7.144959271262153,4.030741410488246,,
reactive-overhear,1600,22,3170,1656,2741,429,0.13533123028391167,0.604159066034294,0.522397476340694,0.29427173429545794,0.11597450801876882,0.1699228369725825,44.14734299516908,125,52.42110266159696,10.433377308707124,172,913,0,408,5336,7.1874187115234545,3.8442028985507246,,
reactive-overhear,2000,22,3970,2210,3410,560,0.14105793450881612,0.6480938416422287,0.5566750629722922,0.20112217824366052,0.12032449501823923,0.16322973292365872,45.499547511312215,125,55.41827637444279,8.596850393700787,232,967,1,1002,3412,7.028217209949019,3.885972850678733,,
reactive-overhear,3000,22,5949,3418,5046,903,0.15179021684316693,0.6773682124455014,0.5745503445957304,0.12775288698176313,0.12363899439319949,0.17323521063941938,43.45728496196606,125,51.55692307692308,7.506116742397763,333,1289,6,1761,2034,6.868273574119543,3.6653013458162667,,
reactive-overhear,100,23,198,8,127,71,0.35858585858585856,0.06299212598425197,0.04040404040404041,0.9973918713323191,0.6666666666666666,0.012499999999999999,8.25,15,10.75,9.5,119,0,0,0,4589,1.244019138755981,0.5,,
reactive-overhear,200,23,399,24,250,149,0.37343358395989973,0.096,0.06015037593984962,0.9943566591422122,0.48,0.01875,14.375,35,19.25,13,226,0,0,0,8810,1.79902755267423,1.125,,
reactive-overhear,400,23,794,77,521,273,0.3438287153652393,0.14779270633397312,0.09697732997481108,0.983267943687976,0.2655172413793103,0.034375,32.714285714285715,140,36.333333333333336,30.573170731707318,440,4,0,0,17042,2.819915254237288,2.155844155844156,,
reactive-overhear,600,23,1193,286,830,363,0.30427493713327747,0.344578313253012,0.23973176865046103,0.889031114612052,0.12688553682342502,0.09612799139553643,47.33566433566433,130,55.655601659751035,27.109640831758036,471,73,0,52,17979,5.809065793512739,3.6853146853146854,,
reactive-overhear,800,23,1588,473,1175,413,0.2600755667506297,0.4025531914893617,0.2978589420654912,0.7908010435790898,0.1092378752886836,0.10558035714285716,45.02959830866808,130,50.90281329923274,27.905017921146953,467,235,0,112,16228,6.579738314212572,3.5644820295983086,,
reactive-overhear,1200,23,2383,1125,1979,404,0.16953420058749474,0.5684689236988378,0.47209399916072176,0.35627554344607004,0.10351490614648509,0.13363584529126676,49.81955555555555,130,59.6993006993007,12.030561797752808,152,702,0,264,5644,7.2492108945364615,4.010666666666666,,
reactive-overhear,1600,23,3172,1592,2699,473,0.14911727616645648,0.5898480918858836,0.501891551071879,0.25796227186749143,0.10967964174991388,0.14443315430396284,43.846105527638194,125,52.78709677419355,10.053749170537492,153,954,0,483,4374,7.42172605177308,3.8668341708542715,,
reactive-overhear,2000,23,3963,2115,3347,616,0.15543779964673227,0.6319091723931879,0.5336866010598031,0.19872813990461047,0.11341698841698841,0.17455103657731413,47.02269503546099,130,55.27679259830378,8.878939075630251,248,983,1,1239,3198,7.143375959866427,3.9678486997635933,,
reactive-overhear,3000,23,5952,3175,4964,988,0.16599462365591397,0.6396051571313457,0.5334341397849462,0.15598760044542093,0.11321494793895308,0.2064798917850268,48.23842519685039,130,55.486575342465756,7.9225130890052355,469,1315,5,2919,1992,6.933916855150756,3.7149606299212596,,
reactive-overhear,100,24,198,2,116,82,0.41414141414141414,0.017241379310344827,0.010101010101010102,0.9995688726018539,1,0.0062499999999999995,5,10,5,0,114,0,0,0,4637,1,0,,
reactive-overhear,200,24,397,30,251,146,0.3677581863979849,0.11952191235059761,0.07556675062972293,0.9920871559633028,0.43478260869565216,0.015625,14.433333333333334,35,18.896551724137932,16.55,221,0,0,0,8643,1.981012658227848,1.2,,
reactive-overhear,400,24,790,56,497,293,0.37088607594936707,0.11267605633802817,0.07088607594936709,0.9886199526312749,0.28426395939086296,0.021875000000000002,24.142857142857142,80,32.355555555555554,14.686274509803921,441,0,0,0,17100,2.7270240700218817,2.2142857142857144,,
reactive-overhear,600,24,1187,167,774,413,0.34793597304128054,0.2157622739018088,0.14069081718618365,0.9416042012657659,0.12836279784780938,0.04201892109500805,38.91017964071856,120,44.577922077922075,25.397590361445783,538,69,0,9,20939,5.303566121842496,2.9940119760479043,,
reactive-overhear,800,24,1587,419,1136,451,0.28418399495904223,0.36883802816901406,0.2640201638311279,0.8175834926846622,0.10214529497805948,0.09352678571428573,56.346062052505964,140,59.71022727272727,24.667011375387798,500,217,0,106,18248,6.837378640776699,3.7780429594272076,,
reactive-overhear,1200,24,2380,1110,1923,457,0.1920168067226891,0.5772230889235569,0.46638655462184875,0.4318440847959881,0.11133400200601805,0.12899776868724433,49.44414414414415,135,56.01699029126213,13.33803457688808,240,573,0,572,6922,6.8243071751955,3.76036036036036,,
reactive-overhear,1600,24,3175,1618,2657,518,0.1631496062992126,0.6089574708317651,0.5096062992125985,0.2748304140933482,0.11294938917975567,0.1472515471423371,53.11928306551298,135,60.68328716528163,10.08531746031746,170,867,2,877,4353,6.9401730399487285,3.793572311495674,,
reactive-overhear,2000,24,3967,2122,3376,591,0.14897907738845476,0.6285545023696683,0.5349130325182758,0.1995890171388598,0.11591194625006827,0.15417029933158963,47.4373232799246,130,54.547116736990155,8.790207949460385,182,1070,2,925,3468,7.117478891551921,3.8049010367577756,,
reactive-overhear,3000,24,5949,3322,4948,1001,0.1682635737098672,0.6713823767178658,0.5584131786854933,0.1708483040009744,0.12199331644082112,0.19642857142857142,46.71282360024082,125,55.68773433315479,7.949291834236755,478,1146,2,3176,2073,6.713002210925068,3.714328717639976,,
reactive-overhear,100,25,198,7,129,69,0.3484848484848485,0.05426356589147287,0.03535353535353535,0.9980793854033291,0.7777777777777778,0.008215962441314555,19.571428571428573,95,21,9.5,122,0,0,0,4677,1.0672268907563025,0.2857142857142857,,
reactive-overhear,200,25,397,17,258,139,0.3501259445843829,0.06589147286821706,0.042821158690176324,0.9969791779048441,0.6071428571428571,0.013762953367875648,13.235294117647058,55,16.647058823529413,10.9,241,0,0,0,9241,1.3258426966292134,0.6470588235294118,,
reactive-overhear,400,25,791,95,525,266,0.336283185840708,0.18095238095238095,0.12010113780025285,0.971825063078217,0.2025586353944563,0.039808917197452234,26.242105263157896,95,36.56842105263158,14.827586206896552,418,12,0,9,16157,3.924762839385018,2.610526315789474,,
reactive-overhear,600,25,1192,351,856,336,0.28187919463087246,0.4100467289719626,0.29446308724832215,0.8611829261858281,0.13340935005701254,0.09841857335127858,45.78632478632478,120,57.01023890784983,21.976027397260275,400,105,0,26,16243,5.5944280078895465,3.774928774928775,,
reactive-overhear,800,25,1588,564,1200,388,0.24433249370277077,0.47,0.35516372795969775,0.777495026141674,0.11728009981285091,0.11032863849765258,50.79609929078014,130,58.00213675213675,22.555555555555557,437,199,0,76,16720,6.198511611225679,3.8865248226950353,,
reactive-overhear,1200,25,2382,1071,1947,435,0.18261964735516373,0.5500770416024653,0.44962216624685136,0.42986400526431234,0.10301048379340194,0.1327071768437748,50.49953314659197,135,57.2367447595561,13.65828468792097,244,632,0,544,7199,6.978662142012443,3.834733893557423,,
reactive-overhear,1600,25,3173,1631,2695,478,0.1506460762685156,0.6051948051948052,0.5140245824141191,0.28607277289836885,0.1146572934973638,0.14975392977816954,44.776824034334766,130,51.85779398359161,10.232480903354368,188,875,1,836,4705,7.142869388192436,3.862047823421214,,
reactive-overhear,2000,25,3965,2078,3425,540,0.13619167717528374,0.6067153284671533,0.5240857503152585,0.22123040818037043,0.11182263358984018,0.17076457826572874,45.72040423484119,130,52.155504234026175,8.846274921301154,278,1069,0,1130,3938,7.130884213856374,3.8123195380173245,,
reactive-overhear,3000,25,5950,3370,5056,894,0.15025210084033613,0.6665348101265823,0.5663865546218487,0.14122149279736163,0.12209260198536338,0.186948031775618,44.113056379821955,125,52.44294605809129,7.631679721496954,371,1312,3,2064,2149,6.909714554211206,3.656379821958457,,
reactive-overhear,100,26,198,10,128,70,0.35353535353535354,0.078125,0.050505050505050504,0.9969033399690334,0.7142857142857143,0.011436413540713633,16.2,80,18.3,11,118,0,0,0,4502,1.1481481481481481,0.4,,
reactive-overhear,200,26,396,32,258,138,0.3484848484848485,0.12403100775193798,0.08080808080808081,0.9910883368608666,0.4,0.024999999999999998,36.6875,135,42.71875,38.208333333333336,226,0,0,0,8897,2.002958579881657,1.5,,
reactive-overhear,400,26,794,111,530,264,0.33249370277078083,0.20943396226415095,0.1397984886649874,0.9758585918500504,0.2727272727272727,0.03854166666666667,29.306306306306308,110,36.29245283018868,20.627450980392158,419,0,0,0,16452,2.866462010744436,2.4324324324324325,,
reactive-overhear,600,26,1188,280,832,356,0.2996632996632997,0.33653846153846156,0.2356902356902357,0.9099605006424594,0.14799154334038056,0.05847953216374268,39.64642857142857,130,44.41532258064516,25.292035398230087,497,55,0,9,19086,4.542531672522091,2.8714285714285714,,
reactive-overhear,800,26,1589,492,1169,420,0.2643171806167401,0.42087254063301965,0.3096286972938955,0.7845175076489729,0.11088573360378634,0.08065573770491803,40.802845528455286,125,47.708641975308645,24.49028677150786,431,246,0,53,16031,6.320243415422649,3.4613821138211383,,
reactive-overhear,1200,26,2378,1037,1950,428,0.17998317914213624,0.5317948717948718,0.436080740117746,0.41318706564815344,0.10149750415973377,0.10614559449721585,47.994214079074254,130,54.276081424936386,12.490626428898034,163,750,0,376,6731,7.474521475855699,3.853423336547734,,
reactive-overhear,1600,26,3179,1515,2682,497,0.15633847121736394,0.5648769574944071,0.47656495753381567,0.2938241106719368,0.10599594206954453,0.1506922893291955,45.13663366336634,130,52.94387755102041,10.139880952380953,191,976,0,639,5188,7.3914914009998585,3.7874587458745874,,
reactive-overhear,2000,26,3969,2199,3431,538,0.13555051650289746,0.6409210142815506,0.5540438397581254,0.20263388937664617,0.12106364236952213,0.16471416586768936,44.55161437016826,125,52.750193948797516,8.476303317535544,228,1004,0,1002,3372,7.179388602963973,3.7758071850841293,,
reactive-overhear,3000,26,5943,3418,5066,877,0.1475685680632677,0.6746940386893012,0.5751304055190981,0.13808297390386948,0.12305144544047233,0.18869799487677769,45.85722644821533,125,54.21948769462582,7.659693165969316,338,1308,2,1864,2299,6.863401163064685,3.700994733762434,,
reactive-overhear,100,27,200,0,120,80,0.4,0,0,1,0,0,0,0,0,0,120,0,0,0,4813,0,0,,
reactive-overhear,200,27,397,16,253,144,0.36272040302267,0.06324110671936758,0.04030226700251889,0.9970177867717542,0.5714285714285714,0.016666666666666666,13.875,75,17.5,14.9,237,0,0,0,9361,1.4703087885985748,0.75,,
reactive-overhear,400,27,796,51,505,291,0.3655778894472362,0.100990099009901,0.06407035175879397,0.9909849749582638,0.3148148148148148,0.032327586206896554,21.313725490196077,65,27.510204081632654,12.69047619047619,453,1,0,0,17808,2.49438202247191,2.215686274509804,,
reactive-overhear,600,27,1191,139,787,404,0.33921074727120065,0.17662007623888182,0.11670864819479429,0.961569384145361,0.14539748953974896,0.056873977086743036,35.20863309352518,120,42.609756097560975,37.8206106870229,627,21,0,15,23865,4.610782380013149,3.028776978417266,,
reactive-overhear,800,27,1588,480,1181,407,0.25629722921914355,0.40643522438611346,0.3022670025188917,0.7508442965875296,0.09710702002832287,0.09770395701025891,57.2375,140,61.31398416886544,23.94410480349345,437,264,0,229,14627,6.752785100773876,3.8520833333333333,,
reactive-overhear,1200,27,2387,903,1872,515,0.21575198994553832,0.4823717948717949,0.3782991202346041,0.4779754884364904,0.08870333988212181,0.17510859447719515,59.541528239202655,140,64.75344827586207,14.446730681298583,289,680,0,599,8623,7.7874133801400545,4.117386489479513,,
reactive-overhear,1600,27,3179,1353,2572,607,0.19094054734193142,0.526049766718507,0.42560553633217996,0.29043026706231456,0.08840825927861996,0.20447950671019224,59.57649667405765,140,68.28316326530613,10.438822751322752,228,990,1,988,5141,8.043806167015116,4.498891352549889,,
reactive-overhear,2000,27,3968,1890,3320,648,0.16330645161290322,0.5692771084337349,0.47631048387096775,0.19724964144098545,0.09931686810299527,0.22231109438223393,50.24550264550265,130,60.27605118829982,8.754059717129387,195,1234,1,924,3601,7.840790598123074,4.157671957671957,,
reactive-overhear,3000,27,5941,3378,4954,987,0.16613364753408516,0.6818732337505047,0.5685911462716714,0.1392858264501743,0.12325768079982485,0.26272399203583874,46.473653049141504,130,57.184657534246575,7.603655352480418,366,1209,1,2228,1868,6.747798474481946,3.8214920071047955,,
reactive-overhear,100,28,199,6,124,75,0.3768844221105528,0.04838709677419355,0.03015075376884422,0.9982777179763186,0.75,0.009375,8.333333333333334,20,10,13.5,118,0,0,0,4637,1.0847457627118644,0.3333333333333333,,
reactive-overhear,200,28,397,18,252,145,0.36523929471032746,0.07142857142857142,0.04534005037783375,0.9971843188217457,0.6923076923076923,0.009881422924901184,11.777777777777779,85,14.11111111111111,19.428571428571427,234,0,0,0,9208,1.134438305709024,0.4444444444444444,,
reactive-overhear,400,28,794,43,510,284,0.35768261964735515,0.08431372549019608,0.05415617128463476,0.9936636259354346,0.3706896551724138,0.01823270013568521,21.72093023255814,75,26.975609756097562,21.15625,467,0,0,0,18182,1.9169708029197081,1.441860465116279,,
reactive-overhear,600,28,1192,131,772,420,0.3523489932885906,0.16968911917098445,0.1098993288590604,0.9718153308721369,0.18450704225352113,0.04165606715848385,30.885496183206108,100,37.30172413793103,27.0531914893617,637,4,0,13,24447,4.1967550862735,2.618320610687023,,
reactive-overhear,800,28,1591,392,1154,437,0.27467001885606535,0.3396880415944541,0.24638592080452545,0.7736842105263158,0.08212864026817515,0.08498092265001735,52.44642857142857,130,60.62758620689655,27.236681222707425,488,274,0,176,16085,7.369062565390249,3.752551020408163,,
reactive-overhear,1200,28,2377,944,1928,449,0.18889356331510307,0.4896265560165975,0.3971392511569205,0.4707302353651177,0.08969973394146712,0.13636888940251934,56.04978813559322,135,61.73219814241486,15.073082160689967,272,712,0,299,8903,7.688762719362926,4.183262711864407,,
reactive-overhear,1600,28,3173,1371,2667,506,0.1594705326189726,0.5140607424071991,0.4320832020170186,0.31536229255463866,0.09080071527915756,0.1566785518376303,54.59445660102115,135,62.17942857142857,11.228260869565217,198,1098,0,621,6220,8.157898940114773,4.260393873085339,,
reactive-overhear,2000,28,3971,1750,3316,655,0.1649458574666331,0.5277442702050663,0.4406950390329892,0.23251448624826576,0.09304551254785198,0.16221727845754544,53.84685714285714,135,61.23603603603603,9.535939139559286,286,1280,0,1037,4399,7.8585035444922795,4.058285714285715,,
reactive-overhear,3000,28,5959,3021,5024,935,0.15690552106058064,0.6013136942675159,0.5069642557476086,0.15027410512737827,0.10422632396066932,0.17079375848032566,49.01986097318768,135,55.88221970554926,7.88760907504363,469,1528,6,2223,2482,7.2807654567949225,3.833167825223436,,
reactive-overhear,100,29,200,4,119,81,0.405,0.03361344537815126,0.02,0.9986888111888111,0.6666666666666666,0.012499999999999999,10.5,20,13,10.5,115,0,0,0,4570,1.2178217821782178,0.5,,
reactive-overhear,200,29,399,17,251,148,0.37092731829573933,0.06772908366533864,0.042606516290726815,0.9957856062243354,0.4358974358974359,0.023903262092238472,23.823529411764707,100,28.823529411764707,18.166666666666668,234,0,0,0,9215,1.8164383561643835,1.2941176470588236,,
reactive-overhear,400,29,795,92,520,275,0.34591194968553457,0.17692307692307693,0.11572327044025157,0.9813808257199028,0.2857142857142857,0.03186478248822388,35.45652173913044,135,35.548780487804876,32.63636363636363,428,0,0,0,16972,2.6042368801155513,2.1956521739130435,,
reactive-overhear,600,29,1192,167,785,407,0.3414429530201342,0.21273885350318472,0.1401006711409396,0.9551295209162938,0.15279048490393413,0.05378768358670445,38.43712574850299,120,44.94838709677419,25.596,584,34,0,0,23257,4.858747659662991,3.5149700598802394,,
reactive-overhear,800,29,1592,324,1065,527,0.33103015075376885,0.30422535211267604,0.20351758793969849,0.8759284402204297,0.10428065658191181,0.08488786417941732,53.45061728395062,135,60.731884057971016,26.674300254452927,593,148,0,109,21810,6.843321407274896,3.7623456790123457,,
reactive-overhear,1200,29,2388,891,1910,478,0.20016750418760468,0.4664921465968586,0.3731155778894472,0.47453327922077926,0.08602046727167406,0.13592262631193558,55.221099887766556,135,61.98363338788871,14.740164684354987,258,761,0,550,8715,7.918366222026237,4.068462401795735,,
reactive-overhear,1600,29,3182,1494,2647,535,0.16813324952859837,0.5644125425009444,0.46951602765556255,0.28497638724911456,0.10278637770897833,0.18106457242582896,49.397590361445786,130,57.59768786127167,9.95884096147514,137,1016,0,636,4968,7.628703663180008,4.042838018741633,,
reactive-overhear,2000,29,3979,2138,3344,635,0.1595878361397336,0.6393540669856459,0.5373209349082684,0.20185348631950573,0.11821298241733938,0.17910997922391259,44.87090739008419,120,55.04294478527607,8.552094240837697,189,1017,0,937,3446,7.1066875750908896,3.7998129092609916,,
reactive-overhear,3000,29,5948,3457,4961,987,0.16593813046402153,0.6968353154605926,0.5812037659717552,0.13840985442329223,0.12837461472761708,0.19806802035110235,45.27277986693665,125,53.06353305785124,7.497032122905028,364,1139,1,1930,2066,6.686224010226717,3.6644489441712467,,
reactive-overhear,100,30,199,0,125,74,0.37185929648241206,0,0,1,0,0,0,0,0,0,125,0,0,0,4821,0,0,,
reactive-overhear,200,30,397,4,253,144,0.36272040302267,0.015810276679841896,0.010075566750629723,0.9995822890559732,1,0.008488964346349746,24.5,85,24.5,0,249,0,0,0,9572,1,0,,
reactive-overhear,400,30,792,41,525,267,0.3371212121212121,0.07809523809523809,0.05176767676767677,0.9942949407965554,0.3867924528301887,0.04719152854511971,22.4390243902439,60,30.25,20.97222222222222,484,0,0,0,18474,2.1971153846153846,1.6341463414634145,,
reactive-overhear,600,30,1193,94,783,410,0.34367141659681477,0.12005108556832694,0.07879295892707461,0.9761372675277452,0.1492063492063492,0.08677991137370754,42.265957446808514,125,47.903614457831324,19.59090909090909,668,21,0,0,25757,5.036077402427026,3.7872340425531914,,
reactive-overhear,800,30,1589,240,1104,485,0.3052234109502832,0.21739130434782608,0.1510383889238515,0.9021388499298738,0.08599068434252956,0.1277139208173691,57.295833333333334,140,62.45128205128205,32.148305084745765,721,143,0,129,25568,7.229272419627749,3.7666666666666666,,
reactive-overhear,1200,30,2385,907,1897,488,0.20461215932914045,0.47812335266209804,0.380293501048218,0.48810295804858583,0.08838433053985578,0.15748715099319352,55.93054024255788,140,56.72697368421053,15.937215650591448,293,697,0,586,9087,7.595337140263964,3.9173098125689085,,
reactive-overhear,1600,30,3173,1468,2671,502,0.15820989599747873,0.5496068888056908,0.46265364008824456,0.2945267470109084,0.09912221471978393,0.1881665299425759,51.54155313351499,135,57.79826464208243,10.59316976127321,219,984,0,749,5258,7.502793914246197,4.072207084468665,,
reactive-overhear,2000,30,3964,2023,3363,601,0.15161453077699294,0.6015462384775498,0.510343087790111,0.20295554267737392,0.10506361983900285,0.22477777777777777,52.05338606030647,130,59.67946428571429,8.932863113897596,195,1145,0,893,3802,7.512927446145552,4.155709342560554,,
reactive-overhear,3000,30,5961,3295,5063,898,0.15064586478778727,0.6507999209954572,0.552759604093273,0.12674968052542424,0.11213585624829839,0.24526588459477167,49.196358118361154,130,59.68715427166564,7.612532637075718,393,1370,5,1705,2286,7.182041309519314,4.03216995447648,,
reactive-overhear,100,31,199,13,134,65,0.32663316582914576,0.09701492537313433,0.06532663316582915,0.9967155682067003,0.8666666666666667,0.008938393839383938,11.384615384615385,80,13.076923076923077,28.666666666666668,121,0,0,0,4552,1.1,0.23076923076923078,,
reactive-overhear,200,31,397,31,261,136,0.3425692695214106,0.11877394636015326,0.07808564231738035,0.9948135069521077,0.6595744680851063,0.01294255177020708,13.419354838709678,30,16.366666666666667,17.25,230,0,0,0,9015,1.2939759036144578,0.5483870967741935,,
reactive-overhear,400,31,791,175,546,245,0.30973451327433627,0.32051282051282054,0.22123893805309736,0.9487329434697855,0.2217997465145754,0.0546875,35.70285714285714,115,44.65408805031446,20.190217391304348,364,7,0,0,14601,3.4908416415488057,2.9885714285714284,,
reactive-overhear,600,31,1189,329,848,341,0.2867956265769554,0.38797169811320753,0.2767031118587048,0.9163357780165367,0.1836962590731435,0.08306402746919815,40.963525835866264,100,46.101694915254235,24.22037914691943,505,14,0,4,19579,4.267690253671562,3.3951367781155017,,
reactive-overhear,800,31,1589,506,1174,415,0.26117054751415986,0.43100511073253833,0.3184392699811202,0.7954655322440298,0.11959347671945167,0.10324844923277832,42.515810276679844,125,50.45584725536993,24.151851851851852,417,251,0,33,16360,6.542615580099697,3.4782608695652173,,
reactive-overhear,1200,31,2383,1232,2010,373,0.1565253881661771,0.6129353233830845,0.516995383969786,0.39405402210532536,0.12017167381974249,0.1395812562313061,44.22808441558441,125,53.763476347634764,12.05964753727971,165,613,0,311,6274,6.59053314880717,3.877435064935065,,
reactive-overhear,1600,31,3177,1831,2734,443,0.1394397230091281,0.6697147037307973,0.5763298709474347,0.24169626070607897,0.12610192837465564,0.16478868169054647,45.32605133806663,125,54.49024822695036,9.322923588039867,117,785,1,380,4052,6.799693376302368,3.9787001638448936,,
reactive-overhear,2000,31,3970,2379,3431,539,0.13576826196473551,0.6933838531040513,0.5992443324937028,0.17631026316965281,0.1290480065093572,0.17548389000354064,44.00378310214376,120,53.36514822848879,8.054468535166578,134,916,2,416,3329,6.826869496090826,3.914249684741488,,
reactive-overhear,3000,31,5954,3572,5038,916,0.15384615384615385,0.7090115125049623,0.5999328182734296,0.14236340214283472,0.13086166471277844,0.1997137361900076,42.78387458006719,125,51.18632567849687,7.596396081175647,361,1103,2,2327,1811,6.624315341478536,3.676091825307951,,
reactive-overhear,100,32,199,4,124,75,0.3768844221105528,0.03225806451612903,0.020100502512562814,0.9987384356602187,0.6666666666666666,0.012499999999999999,11.75,25,14.5,15.5,120,0,0,0,4750,1.22,0.5,,
reactive-overhear,200,32,397,11,245,152,0.38287153652392947,0.044897959183673466,0.027707808564231738,0.9980462390100945,0.6111111111111112,0.011458333333333334,9.727272727272727,25,12.636363636363637,9.6,234,0,0,0,9195,1.25,0.6363636363636364,,
reactive-overhear,400,32,795,58,519,276,0.3471698113207547,0.11175337186897881,0.0729559748427673,0.9917677160974524,0.3918918918918919,0.02589285714285714,14.741379310344827,40,21.982456140350877,10.869565217391305,461,0,0,0,17830,2.1935687263556116,1.603448275862069,,
reactive-overhear,600,32,1192,129,779,413,0.3464765100671141,0.16559691912708602,0.10822147651006711,0.9779517185259813,0.22671353251318102,0.046956901572510194,30.46511627906977,100,34.98095238095238,15.712328767123287,640,10,0,0,25227,3.5368365460786904,2.5891472868217056,,
reactive-overhear,800,32,1590,297,1117,473,0.29748427672955974,0.26589077887197854,0.18679245283018867,0.9105255791168031,0.11615174032068831,0.084375,50.666666666666664,140,51.53521126760563,34.77470930232558,702,118,0,34,25940,6.235304454793076,3.589225589225589,,
reactive-overhear,1200,32,2385,951,1986,399,0.16729559748427672,0.4788519637462236,0.3987421383647799,0.45334728033472804,0.0909873708381171,0.138937587657784,49.397476340694006,125,57.35606060606061,14.855221873599282,199,836,0,329,8185,8.092090489075414,3.8832807570977916,,
reactive-overhear,1600,32,3170,1515,2699,471,0.14858044164037854,0.5613190070396443,0.47791798107255523,0.2823913589550364,0.10606272752730328,0.1703778677462888,47.28976897689769,125,58.02103049421662,9.923229649238914,177,1007,0,776,4675,7.606058623397017,3.941254125412541,,
reactive-overhear,2000,32,3969,2002,3390,579,0.14588057445200303,0.5905604719764012,0.5044091710758377,0.20876221780122828,0.10942880568461329,0.1708424358274167,44.917082917082915,135,54.050413844996235,8.958497504596796,253,1134,1,1170,3444,7.3932744549330796,3.626873126873127,,
reactive-overhear,3000,32,5958,3367,5006,952,0.15978516280631083,0.6725928885337595,0.5651225243370258,0.14894400785854622,0.12144712162747079,0.20355726446121108,47.638847638847636,130,54.48640328373525,7.907823662659,384,1253,2,2445,2072,6.837060119874791,3.694089694089694,,
reactive-overhear,100,33,198,4,123,75,0.3787878787878788,0.032520325203252036,0.020202020202020204,0.998911860718172,0.8,0.009398496240601503,15.5,45,17,9,119,0,0,0,4590,1.1043478260869566,0.25,,
reactive-overhear,200,33,394,6,249,145,0.3680203045685279,0.024096385542168676,0.015228426395939087,0.9991312846128787,0.75,0.009375,8.5,20,10.333333333333334,11,243,0,0,0,9201,1.1022727272727273,0.3333333333333333,,
reactive-overhear,400,33,791,88,526,265,0.3350189633375474,0.16730038022813687,0.11125158027812895,0.9834192641199906,0.31095406360424027,0.034374999999999996,22.886363636363637,80,31.069767441860463,13.923076923076923,436,2,0,0,16778,2.556261343012704,2.034090909090909,,
reactive-overhear,600,33,1188,292,822,366,0.30808080808080807,0.35523114355231145,0.24579124579124578,0.9262159174649963,0.1822721598002497,0.06383350821965722,42.667808219178085,125,49.64143426294821,18.735795454545453,517,13,0,4,20098,4.32695652173913,3.462328767123288,,
reactive-overhear,800,33,1586,583,1204,382,0.2408575031525851,0.48421926910299,0.36759142496847413,0.7878982148140843,0.13554987212276215,0.0939110824742268,36.658662092624354,105,46.96120689655172,22.946927374301676,435,186,0,100,15833,5.894791470088696,3.476843910806175,,
reactive-overhear,1200,33,2375,1091,1951,424,0.17852631578947367,0.5592004100461302,0.4593684210526316,0.39297601285435557,0.10313858952543013,0.1301909307875895,50.88175985334556,130,59.22192513368984,12.9202343397927,157,703,0,298,6387,7.347007795458004,4.1576535288725935,,
reactive-overhear,1600,33,3172,1532,2666,506,0.15952080706179067,0.5746436609152288,0.48297604035308955,0.2601425989154449,0.10397013912453343,0.16122242801818487,52.838120104438644,135,58.8795918367347,9.894701986754967,201,932,1,749,4250,7.588154372003936,3.996083550913838,,
reactive-overhear,2000,33,3969,1983,3283,686,0.1728395061728395,0.6040207127627171,0.4996220710506425,0.20114844746916205,0.10558543208561845,0.16565862460736483,50.78920827029753,130,59.47792869269949,8.696945760926804,251,1047,2,1196,3262,7.416548176810175,3.9697428139183057,,
reactive-overhear,3000,33,5938,3468,5030,908,0.15291343886830583,0.6894632206759443,0.5840350286291681,0.13961828728247994,0.1257022726448947,0.2120219113763083,47.62024221453287,130,54.60133630289533,7.703774903879762,360,1199,3,2167,1987,6.8252991164703785,3.8653402537485584,,
reactive-overhear,100,34,198,0,122,76,0.3838383838383838,0,0,1,0,0,0,0,0,0,122,0,0,0,4638,0,0,,
reactive-overhear,200,34,396,0,243,153,0.38636363636363635,0,0,1,0,0,0,0,0,0,243,0,0,0,9433,0,0,,
reactive-overhear,400,34,790,37,511,279,0.3531645569620253,0.07240704500978473,0.04683544303797468,0.9952731669781246,0.43023255813953487,0.030915775401069517,35.054054054054056,125,39.02777777777778,19.310344827586206,474,0,0,0,18098,2.073446327683616,1.5405405405405406,,
reactive-overhear,600,34,1183,201,793,390,0.32967032967032966,0.25346784363177804,0.16990701606086223,0.9599932620230776,0.21157894736842106,0.07920870113493064,41.36318407960199,110,49.52247191011236,24.94214876033058,588,4,0,21,22757,3.761256148316307,2.990049751243781,,
reactive-overhear,800,34,1584,407,1115,469,0.29608585858585856,0.3650224215246637,0.2569444444444444,0.830549029844253,0.10449293966623877,0.11427448337825698,61.74201474201474,140,63.282229965156795,28.79360165118679,527,181,0,234,18813,6.2541759140287345,3.7936117936117935,,
reactive-overhear,1200,34,2367,927,1872,495,0.20912547528517111,0.4951923076923077,0.3916349809885932,0.5259951056285272,0.09767147824254557,0.15329408651938087,50.58899676375405,135,61.52313167259786,15.704166666666667,313,632,0,631,9811,7.227001421127428,3.8446601941747574,,
reactive-overhear,1600,34,3161,1601,2667,494,0.15627965833596963,0.6002999625046869,0.5064852894653591,0.2826787512588117,0.11238242313631897,0.16290191290191292,45.75015615240475,125,56.34534534534534,10.132538104705104,167,899,0,630,4784,7.188616557734205,3.895065584009994,,
reactive-overhear,2000,34,3959,2195,3358,601,0.15180601161909574,0.6536628945801072,0.5544329376105077,0.21399920659408467,0.1230933153880664,0.1481346506856711,47.58451025056947,130,57.04903314917127,8.99364575059571,177,986,0,875,3792,6.962454896599959,3.8469248291571754,,
reactive-overhear,3000,34,5945,3353,4974,971,0.1633305298570227,0.6741053478086048,0.5640033641715727,0.15268555752984814,0.1233582281740922,0.1714002371897109,44.456307784073964,130,51.972918756268804,7.771714335848395,416,1201,4,2603,2038,6.662789499325439,3.650164032209961,,
reactive-ring,100,0,196,16,124,72,0.3673469387755102,0.12903225806451613,0.08163265306122448,0.9936406995230525,0.5714285714285714,0.016666666666666666,10.125,20,13.5625,9.9,108,0,0,0,4375,1.327536231884058,0.75,,
reactive-ring,200,0,394,24,255,139,0.35279187817258884,0.09411764705882353,0.06091370558375635,0.995195530726257,0.5581395348837209,0.018726591760299626,11.583333333333334,20,15.478260869565217,11.6875,231,0,0,0,8907,1.3996023856858848,0.7916666666666666,,
reactive-ring,400,0,788,100,515,273,0.3464467005076142,0.1941747572815534,0.12690355329949238,0.9826403388414962,0.3436426116838488,0.042172739541160596,30.07,90,36.395833333333336,22.791208791208792,415,0,0,0,16472,2.190062111801242,1.84,,
reactive-ring,600,0,1189,312,818,371,0.312026913372582,0.38141809290953543,0.2624053826745164,0.9423470083140248,0.2458628841607565,0.0745697896749522,41.55128205128205,125,47.820422535211264,36.97883597883598,505,1,0,0,20719,3.1803135888501743,2.4358974358974357,,
reactive-ring,800,0,1582,655,1151,431,0.2724399494310999,0.5690703735881842,0.4140328697850822,0.8727847062684608,0.21122218639148663,0.09820678901283435,47.732824427480914,120,56.16608996539792,34.11030303030303,485,11,0,12,21230,3.5965853658536586,2.8717557251908397,,
reactive-ring,1200,0,2378,1185,1806,572,0.24053826745164003,0.6561461794019934,0.49831791421362487,0.8121838305178282,0.19343780607247796,0.1267217041663102,52.22700421940928,130,58.33295194508009,36.40860215053763,607,14,0,28,26410,3.9558545415248285,3.0767932489451475,,
reactive-ring,1600,0,3165,1526,2391,774,0.24454976303317535,0.6382266833960686,0.4821484992101106,0.7921030633820131,0.1804635761589404,0.11649566385733479,50.02096985583224,130,56.42542372881356,35.95748228428512,835,30,0,92,31983,4.1618934442463855,2.9272608125819133,,
reactive-ring,2000,0,3960,1908,2990,970,0.24494949494949494,0.6381270903010033,0.4818181818181818,0.7973527801673574,0.18408104196816208,0.12877969762419006,49.39832285115304,135,54.213172804532576,35.56065573770492,1047,35,0,67,40613,4.167140197903399,2.9454926624737947,,
reactive-ring,3000,0,5952,2602,4398,1554,0.2610887096774194,0.5916325602546612,0.43716397849462363,0.822067171830845,0.18285312719606464,0.13330464363293576,52.00883935434281,135,57.8537886872999,37.470776988310796,1751,45,0,134,65386,4.133181533028184,2.8243658724058416,,
reactive-ring,100,1,195,10,132,63,0.3230769230769231,0.07575757575757576,0.05128205128205128,0.9976055724858511,0.9090909090909091,0.006446621970087674,5.4,15,5.8,12,122,0,0,0,4583,1.0287769784172662,0.1,,
reactive-ring,200,1,392,18,256,136,0.3469387755102041,0.0703125,0.04591836734693878,0.9973779088823337,0.75,0.008311784263021796,13.11111111111111,70,14.5,10.166666666666666,238,0,0,0,9129,1.0919175911251982,0.2777777777777778,,
reactive-ring,400,1,790,72,510,280,0.35443037974683544,0.1411764705882353,0.09113924050632911,0.9892778124468146,0.38095238095238093,0.01827782290820471,28.23611111111111,95,34.89855072463768,27.41509433962264,438,0,0,0,17432,1.7645278450363195,1.5555555555555556,,
reactive-ring,600,1,1189,271,821,368,0.30950378469301937,0.33008526187576126,0.22792262405382674,0.9463813719320328,0.21205007824726135,0.05688497061293031,46.132841328413285,120,53.12448132780083,34.99384615384616,546,4,0,0,22556,3.2813738441215325,2.870848708487085,,
reactive-ring,800,1,1593,365,1081,512,0.3214061519146265,0.33765032377428306,0.22912743251726303,0.9212658061116965,0.15265579255541614,0.06831112441982332,51.58082191780822,130,58.46181818181818,42.66825396825397,709,7,0,13,27914,4.149877856013795,3.1013698630136988,,
reactive-ring,1200,1,2384,938,1740,644,0.2701342281879195,0.539080459770115,0.3934563758389262,0.8350329267276112,0.15799225197911404,0.10410192666252331,56.827292110874204,140,61.63417721518987,41.867958812840705,776,26,0,53,29973,4.387035385072852,3.1759061833688698,,
reactive-ring,1600,1,3175,1278,2315,860,0.27086614173228346,0.5520518358531318,0.4025196850393701,0.8262739618357278,0.1606132964685183,0.11227860556648861,56.798904538341155,135,61.17261219792865,39.69201030927835,1001,36,0,134,37584,4.422609472743521,3.0852895148669797,,
reactive-ring,2000,1,3975,1536,2839,1136,0.2857861635220126,0.5410355759070095,0.3864150943396226,0.8189858596775647,0.1528510299532292,0.11479134281956235,55.653645833333336,135,61.14010507880911,39.59322033898305,1260,43,0,229,45135,4.536132543400385,3.015625,,
reactive-ring,3000,1,5947,2513,4385,1562,0.2626534387085926,0.5730900798175599,0.42256599966369596,0.8320543740407805,0.18225993617638525,0.13690346480714752,52.60326303223239,135,58.834851936218676,38.30217996289425,1845,27,0,276,67910,4.107220845498933,2.8352566653402307,,
reactive-ring,100,2,200,6,123,77,0.385,0.04878048780487805,0.03,0.998673446827327,1,0.00625,5,10,5,0,117,0,0,0,4517,1,0,,
reactive-ring,200,2,397,30,250,147,0.3702770780856423,0.12,0.07556675062972293,0.9920953144690113,0.43478260869565216,0.01875,25.4,80,30.8,30,220,0,0,0,8660,1.7253731343283583,1.2333333333333334,,
reactive-ring,400,2,795,129,524,271,0.34088050314465407,0.24618320610687022,0.16226415094339622,0.9717423494570583,0.2816593886462882,0.04523141654978962,38.51162790697674,115,41.324786324786324,31.899224806201552,395,0,0,0,15729,2.524791359842906,2.201550387596899,,
reactive-ring,600,2,1191,253,804,387,0.3249370277078086,0.31467661691542287,0.21242653232577666,0.9522942935135837,0.22979109900090827,0.060817307692307684,43.719367588932805,130,48.294117647058826,35.04262295081967,551,0,0,12,21960,3.0355862775217615,2.549407114624506,,
reactive-ring,800,2,1586,500,1122,464,0.29255989911727615,0.44563279857397503,0.31525851197982346,0.9065897978544845,0.1953125,0.08680555555555555,48.812,135,53.25231481481482,40.29829545454545,618,4,0,9,24809,3.701383647798742,2.848,,
reactive-ring,1200,2,2380,843,1677,703,0.2953781512605042,0.5026833631484794,0.3542016806722689,0.8527977518803207,0.15777653003930375,0.10679537853450896,56.020166073546854,140,61.477093206951025,40.107519788918204,815,19,0,59,30849,4.413756045137023,3.077105575326216,,
reactive-ring,1600,2,3169,1126,2258,911,0.2874723887661723,0.49867139061116034,0.35531713474282106,0.8395134849286092,0.14841175695268222,0.12914028809982567,59.286856127886324,140,65.05344418052256,41.66918630502445,1087,45,0,176,39457,4.68271995399655,3.086145648312611,,
reactive-ring,2000,2,3965,1607,2869,1096,0.2764186633039092,0.5601254792610666,0.40529634300126105,0.8308318810683928,0.16892673184063914,0.13703185756190736,55.34536403235843,135,60.40090497737557,38.28757225433526,1236,26,0,168,46466,4.434749204258589,3.152457996266335,,
reactive-ring,3000,2,5957,2473,4365,1592,0.26724861507470205,0.5665521191294387,0.41514184992445863,0.8317255385508088,0.1776580459770115,0.13506575785380348,53.093813182369594,135,58.04681545998911,37.31244131455399,1851,41,0,163,68460,4.180148314387472,2.8746461787302873,,
reactive-ring,100,3,197,6,124,73,0.37055837563451777,0.04838709677419355,0.030456852791878174,0.998286203941731,0.75,0.009375,15,60,16.666666666666668,32,118,0,0,0,4660,1.1333333333333333,0.3333333333333333,,
reactive-ring,200,3,398,6,246,152,0.38190954773869346,0.024390243902439025,0.01507537688442211,0.9991493886230728,0.75,0.009375,8.666666666666666,20,10.333333333333334,11.5,240,0,0,0,9397,1.125,0.3333333333333333,,
reactive-ring,400,3,790,53,501,289,0.3658227848101266,0.10578842315369262,0.0670886075949367,0.9912159549196177,0.3333333333333333,0.023434736469755926,32.113207547169814,150,29.479166666666668,35.34090909090909,448,0,0,0,17931,1.9430255402750491,1.7735849056603774,,
reactive-ring,600,3,1189,115,772,417,0.3507148864592094,0.1489637305699482,0.09671993271656855,0.9763040467764271,0.18668831168831168,0.0359375,37.80869565217391,115,38.0625,44.27745664739884,657,0,0,0,25378,3.5202936096718482,2.373913043478261,,
reactive-ring,800,3,1586,298,1060,526,0.3316519546027743,0.2811320754716981,0.18789407313997478,0.9605967142947064,0.2380191693290735,0.0571406657462801,41.48993288590604,130,46.441605839416056,34.520114942528735,759,3,0,0,30506,3.0872358060505594,2.5436241610738257,,
reactive-ring,1200,3,2372,853,1704,668,0.28161888701517707,0.5005868544600939,0.35961214165261385,0.86126262353513,0.16601790579992215,0.10196519078129483,52.36928487690504,130,58.30668604651163,41.39329685362517,827,24,0,37,31818,4.367086900829232,3.0691676436107853,,
reactive-ring,1600,3,3168,1169,2274,894,0.2821969696969697,0.5140721196130167,0.36900252525252525,0.8474830795262267,0.162113437803356,0.12804504030844724,51.9940119760479,135,59.08303677342823,40.75678203928906,1078,27,0,98,39877,4.52549286199864,3.029940119760479,,
reactive-ring,2000,3,3960,1515,2828,1132,0.28585858585858587,0.5357142857142857,0.38257575757575757,0.8341629039712731,0.16239682709829564,0.13516165869673827,55.082508250825086,135,61.98128078817734,39.31692634560906,1286,27,0,251,46556,4.328973429500355,3.0125412541254124,,
reactive-ring,3000,3,5944,2462,4335,1609,0.27069313593539707,0.5679354094579008,0.41419919246298786,0.83475752659095,0.17906756855044004,0.12953531442040575,52.75264012997563,135,58.639886039886036,38.75058493214787,1837,36,0,265,69048,4.146221761862484,2.8338748984565396,,
reactive-ring,100,4,198,3,118,80,0.40404040404040403,0.025423728813559324,0.015151515151515152,0.999366687777074,1,0.006625441696113074,5.333333333333333,10,5.333333333333333,0,115,0,0,0,4734,1,0,,
reactive-ring,200,4,396,22,252,144,0.36363636363636365,0.0873015873015873,0.05555555555555555,0.9953118185782818,0.5116279069767442,0.01546681664791901,28.545454545454547,110,32.22727272727273,32,230,0,0,0,9129,1.4143426294820718,0.9090909090909091,,
reactive-ring,400,4,795,83,506,289,0.3635220125786163,0.16403162055335968,0.10440251572327044,0.9813223329895726,0.254601226993865,0.028996646171045273,40,120,45.063291139240505,39.023809523809526,423,0,0,0,17115,2.5660954712362303,2.3493975903614457,,
reactive-ring,600,4,1193,216,791,402,0.3369656328583403,0.27307206068268014,0.18105616093880972,0.9541518924713449,0.19424460431654678,0.049778761061946904,47.379629629629626,125,51.74747474747475,37.25090909090909,574,1,0,1,23136,3.3259318001586045,2.962962962962963,,
reactive-ring,800,4,1584,289,1054,530,0.3345959595959596,0.27419354838709675,0.18244949494949494,0.9384834552871851,0.15210526315789474,0.060168221185876086,47.83737024221453,130,52.546875,48.344144144144146,761,4,0,8,28966,4.297739811354334,2.8823529411764706,,
reactive-ring,1200,4,2377,943,1694,683,0.2873369793857804,0.5566706021251476,0.39671855279764406,0.8307701185907609,0.1607843137254902,0.12140797198475642,57.418875927889715,140,63.765277777777776,37.94142512077295,723,28,0,80,28665,4.268980213089802,3.1505832449628843,,
reactive-ring,1600,4,3173,1239,2291,882,0.27797037503939487,0.5408118725447403,0.3904821935077214,0.8330874419219166,0.16345646437994724,0.11679864253393665,55.7909604519774,140,60.65331928345627,40.83118613949356,1029,23,0,127,37618,4.320353900741901,2.982243744955609,,
reactive-ring,2000,4,3966,1592,2884,1082,0.27281896116994453,0.5520110957004161,0.4014120020171457,0.8303251040620065,0.16834091149413133,0.10956339811705115,53.371231155778894,135,58.616600790513836,38.956399437412095,1257,35,0,202,45945,4.149813266939356,2.840452261306533,,
reactive-ring,3000,4,5950,2496,4375,1575,0.2647058823529412,0.5705142857142858,0.4194957983193277,0.8375561199311515,0.18494368701837582,0.13076278290025148,51.619791666666664,135,57.306406685236766,36.86048689138577,1842,37,0,235,69135,3.976341860121248,2.7135416666666665,,
reactive-ring,100,5,199,16,125,74,0.37185929648241206,0.128,0.08040201005025126,0.9948027403732578,0.7272727272727273,0.01,7.5625,15,9.375,9.5,109,0,0,0,4211,1.1376344086021506,0.375,,
reactive-ring,200,5,395,30,251,144,0.36455696202531646,0.11952191235059761,0.0759493670886076,0.9938789390160961,0.5555555555555556,0.011718749999999998,12.5,45,16,12.8,221,0,0,0,8768,1.2246753246753246,0.7666666666666667,,
reactive-ring,400,5,792,112,518,274,0.34595959595959597,0.21621621621621623,0.1414141414141414,0.9752794369862203,0.2679425837320574,0.03708609271523179,36.99107142857143,105,44.794392523364486,29.650943396226417,406,0,0,0,16486,2.559730790802019,2.4285714285714284,,
reactive-ring,600,5,1191,232,808,383,0.32157850545759864,0.2871287128712871,0.19479429051217464,0.9539764824883045,0.21245421245421245,0.04801324503311258,46.80603448275862,125,51.645933014354064,39.52884615384615,573,3,0,1,22615,3.230025445292621,2.461206896551724,,
reactive-ring,800,5,1588,415,1082,506,0.31863979848866497,0.3835489833641405,0.26133501259445846,0.9218647179025388,0.18395390070921985,0.06201434548714884,49.98795180722892,130,56.723287671232875,41.7859375,661,6,0,3,26592,3.7975957506290188,2.906024096385542,,
reactive-ring,1200,5,2381,816,1685,696,0.29231415371692565,0.48427299703264093,0.3427131457370853,0.8741630767633778,0.16828212002474738,0.08823529411764706,54.00735294117647,135,58.86769230769231,39.98908296943232,859,10,0,54,33551,4.2078922040423485,3.0404411764705883,,
reactive-ring,1600,5,3184,1198,2292,892,0.28015075376884424,0.5226876090750436,0.37625628140703515,0.8362554457549676,0.1554834523036989,0.09696322196322198,55.12604340567613,135,61.47682119205298,40.076747373229786,1058,36,0,107,39091,4.489843926713413,3.1285475792988313,,
reactive-ring,2000,5,3972,1595,2872,1100,0.2769385699899295,0.5553621169916435,0.40156092648539776,0.8322525475664505,0.169392523364486,0.10271767130345183,54.13793103448276,135,59.05818786367415,39.24483250178189,1239,38,0,174,46362,4.179336264359665,2.941692789968652,,
reactive-ring,3000,5,5963,2438,4316,1647,0.27620325339594165,0.5648748841519926,0.4088546033875566,0.8353385116757737,0.18139880952380952,0.11190878378378379,51.20262510254307,135,55.73344370860927,37.97652694610778,1850,28,0,315,67678,4.024413733326913,2.786710418375718,,
reactive-ring,100,6,198,0,122,76,0.3838383838383838,0,0,1,0,0,0,0,0,0,122,0,0,0,4813,0,0,,
reactive-ring,200,6,397,6,247,150,0.3778337531486146,0.024291497975708502,0.015113350125944584,0.9991471215351813,0.75,0.009375,7.833333333333333,20,9.666666666666666,11.5,241,0,0,0,9372,1.1263736263736264,0.3333333333333333,,
reactive-ring,400,6,795,49,504,291,0.3660377358490566,0.09722222222222222,0.061635220125786164,0.9882106217763419,0.23557692307692307,0.018421052631578946,28.408163265306122,110,31,47.092592592592595,455,0,0,0,17425,2.3036783575705733,1.5714285714285714,,
reactive-ring,600,6,1195,143,779,416,0.34811715481171546,0.18356867779204109,0.1196652719665272,0.9705485433039612,0.192722371967655,0.03300406203840473,41.2027972027972,120,45.29007633587786,44.17156862745098,633,3,0,0,24448,3.2710149982560166,2.5244755244755246,,
reactive-ring,800,6,1593,404,1091,502,0.31512868801004396,0.3703024747937672,0.25360954174513495,0.9133657393043059,0.1607640270592917,0.07214285714285715,54.646039603960396,135,58.48456790123457,45.22043795620438,681,6,0,7,26433,4.111735673156018,3.141089108910891,,
reactive-ring,1200,6,2385,955,1755,630,0.2641509433962264,0.5441595441595442,0.40041928721174,0.81200355575947,0.14566809029896277,0.13036474828000438,62.27015706806283,140,66.01895043731778,41.08507042253521,748,52,0,134,28099,4.700129789515264,3.3675392670157067,,
reactive-ring,1600,6,3176,1366,2347,829,0.26102015113350124,0.582019599488709,0.4301007556675063,0.8142964868701207,0.16314343723874358,0.15410649819494585,55.59809663250366,135,62.973195876288656,38.3037323037323,934,47,0,119,36482,4.467709154257746,3.220351390922401,,
reactive-ring,2000,6,3975,1797,2990,985,0.24779874213836478,0.6010033444816053,0.4520754716981132,0.8037597774749379,0.1709474885844749,0.14520038784744668,52.519755147468004,135,58.42604501607717,35.958872305140964,1148,45,0,193,42710,4.3416151112281165,3.105731775180857,,
reactive-ring,3000,6,5962,2600,4442,1520,0.2549480040254948,0.585321927059883,0.43609527004360954,0.8151620413600766,0.17513134851138354,0.1613383637807784,51.955,130,58.683650615901456,37.06578947368421,1811,31,0,166,65142,4.320565134325542,2.9496153846153845,,
reactive-ring,100,7,197,0,129,68,0.34517766497461927,0,0,1,0,0,0,0,0,0,129,0,0,0,4761,0,0,,
reactive-ring,200,7,396,2,256,140,0.35353535353535354,0.0078125,0.005050505050505051,0.9997892518440463,1,0.009025270758122744,5,10,5,0,254,0,0,0,9488,1,0,,
reactive-ring,400,7,796,33,524,272,0.3417085427135678,0.06297709923664122,0.0414572864321608,0.9925608777093926,0.23741007194244604,0.0515625,45.303030303030305,125,48.107142857142854,37.72222222222222,491,0,0,0,18546,2.87007874015748,2.4242424242424243,,
reactive-ring,600,7,1193,144,811,382,0.3202011735121542,0.17755856966707767,0.12070410729253982,0.9678026664617513,0.1718377088305489,0.09,52.86805555555556,140,60.473684210526315,38.262135922330096,665,2,0,8,25161,4.057383627608346,3.2083333333333335,,
reactive-ring,800,7,1586,298,1091,495,0.3121059268600252,0.27314390467461047,0.18789407313997478,0.945932289034866,0.17406542056074767,0.0753743423715095,57.3255033557047,140,59.4140625,41.38723404255319,789,4,0,30,29909,4.02804995196926,2.9261744966442955,,
reactive-ring,1200,7,2385,723,1683,702,0.2943396226415094,0.4295900178253119,0.3031446540880503,0.8742158962085905,0.14480272381333867,0.10222259925347812,57.542185338865835,135,64.27101200686106,41.09766763848396,923,37,0,23,34632,4.817193824014391,3.3817427385892116,,
reactive-ring,1600,7,3178,1141,2299,879,0.27658904971680304,0.4963027403218791,0.3590308370044053,0.8445665979553167,0.15284661754855994,0.12935334663522582,58.33216476774759,135,64.2147024504084,41.2327506899724,1129,29,0,111,40332,4.53164738502725,3.1384750219106046,,
reactive-ring,2000,7,3969,1667,2906,1063,0.2678256487780297,0.5736407432897453,0.4200050390526581,0.8197891996456529,0.16723515248796147,0.14201254003952843,58.22075584883024,140,61.410698878343396,38.3108897286156,1195,44,0,205,45023,4.328032230703986,3.0695860827834434,,
reactive-ring,3000,7,5965,2557,4388,1577,0.2643755238893546,0.5827256153144941,0.4286672254819782,0.8227697493989043,0.17881118881118882,0.14102762089657608,54.04458349628471,135,60.49180327868852,37.78209421745925,1800,31,0,349,65844,4.111993702590525,2.8212749315604224,,
reactive-ring,100,8,200,11,127,73,0.365,0.08661417322834646,0.055,0.996221382529451,0.6470588235294118,0.015260821309655937,17.454545454545453,95,20.272727272727273,9.666666666666666,116,0,0,0,4482,1.2663934426229508,0.5454545454545454,,
reactive-ring,200,8,400,20,249,151,0.3775,0.08032128514056225,0.05,0.9958398920620644,0.5405405405405406,0.017593244194229415,18.2,45,21.95,21.615384615384617,229,0,0,0,8857,1.4295774647887325,0.85,,
reactive-ring,400,8,795,106,514,281,0.3534591194968553,0.20622568093385213,0.13333333333333333,0.9776750885194743,0.2849462365591398,0.04377271225635943,37.66981132075472,120,43.08163265306123,33.842592592592595,406,2,0,0,16274,2.5978506787330318,2.150943396226415,,
reactive-ring,600,8,1194,207,776,418,0.3500837520938023,0.2667525773195876,0.17336683417085427,0.9539842400235978,0.18956043956043955,0.07175540765391014,48.28019323671498,125,54.812154696132595,40.0990099009901,566,3,0,17,22580,3.678720445062587,2.782608695652174,,
reactive-ring,800,8,1588,467,1104,484,0.3047858942065491,0.4230072463768116,0.29408060453400503,0.9154756037456875,0.19450229071220324,0.12138698274069452,50.897216274089935,125,58.223918575063614,40.56316590563166,627,10,0,0,25988,3.86816854401335,3.1049250535331905,,
reactive-ring,1200,8,2381,714,1630,751,0.31541369172616546,0.43803680981595094,0.2998740025199496,0.8646969006991508,0.14135814690160364,0.16676008968609865,54.34453781512605,135,62.06533575317604,42.704530531845045,892,24,0,142,32036,4.687093916125222,3.044817927170868,,
reactive-ring,1600,8,3176,1404,2353,823,0.25913098236775817,0.5966850828729282,0.4420654911838791,0.8038993739749127,0.16539050535987748,0.1761517615176152,55.532051282051285,135,63.01176470588236,39.03608461219411,899,50,0,97,34604,4.507337796086508,3.1574074074074074,,
reactive-ring,2000,8,3966,1714,2907,1059,0.2670196671709531,0.5896112831097351,0.43217347453353505,0.8124893524390013,0.1730264486169998,0.17524128905610992,52.39089848308051,130,60.64927768860353,37.35868830290737,1163,30,0,179,42588,4.306247331720507,3.027421236872812,,
reactive-ring,3000,8,5947,2537,4356,1591,0.2675298469816714,0.582415059687787,0.4266016478896923,0.8234390609390609,0.1794327745950916,0.15437883360919094,52.968860859282614,135,59.6292817679558,37.59726651480638,1790,29,0,218,65503,4.222785665990534,2.864012613322822,,
reactive-ring,100,9,198,6,129,69,0.3484848484848485,0.046511627906976744,0.030303030303030304,0.998280309544282,0.75,0.009375,8.5,20,10.166666666666666,10.5,123,0,0,0,4644,1.1284916201117319,0.3333333333333333,,
reactive-ring,200,9,398,23,259,139,0.3492462311557789,0.0888030888030888,0.05778894472361809,0.9954786060873401,0.5609756097560976,0.021170839469808543,17.08695652173913,45,21.565217391304348,19.0625,236,0,0,0,9027,1.4908722109533468,0.8260869565217391,,
reactive-ring,400,9,792,178,553,239,0.30176767676767674,0.321880650994575,0.22474747474747475,0.9554697554697554,0.25722543352601157,0.04512269316568648,41.95505617977528,125,47.33536585365854,33.48618784530387,375,0,0,0,14848,2.736474694589878,2.5224719101123596,,
reactive-ring,600,9,1185,341,834,351,0.29620253164556964,0.4088729016786571,0.2877637130801688,0.927791771620487,0.2202842377260982,0.059690519535079124,48.78299120234604,130,53.01013513513514,36.390361445783135,491,2,0,1,19871,3.156132430398796,2.7155425219941347,,
reactive-ring,800,9,1579,541,1142,437,0.27675744141861935,0.47373029772329245,0.34262191260291325,0.8902388093701356,0.18713248011068834,0.08554712207463631,50.80221811460259,130,56.891774891774894,39.91925465838509,594,7,0,5,23421,3.9529614721104083,2.8743068391866915,,
reactive-ring,1200,9,2375,914,1724,651,0.27410526315789474,0.5301624129930395,0.3848421052631579,0.8389237111073465,0.16021034180543384,0.11144166991806478,55.776805251641136,135,59.89903181189488,41.16502463054187,783,27,0,123,29507,4.342803854522847,3.050328227571116,,
reactive-ring,1600,9,3173,1325,2332,841,0.2650488496690829,0.5681818181818182,0.4175858808698393,0.8263849103168657,0.16816854930828784,0.1317516506244531,53.95018867924529,135,61.06109979633401,37.22477477477477,977,30,0,95,37291,4.293856103476152,3.137358490566038,,
reactive-ring,2000,9,3960,1814,2968,992,0.2505050505050505,0.6111859838274932,0.4580808080808081,0.8168448198534908,0.18508315478012446,0.12453317223198593,51.80650496141124,135,56.96482412060301,35.95971074380165,1110,44,0,155,43479,4.028908138597905,2.8660418963616316,,
reactive-ring,3000,9,5950,2672,4442,1508,0.2534453781512605,0.6015308419630797,0.44907563025210084,0.8288665930822368,0.1936372200884122,0.1227354573181935,50.15494011976048,135,55.9420218037661,36.328396803008935,1742,28,0,136,66579,3.8677565978915305,2.7574850299401197,,
reactive-ring,100,10,200,0,130,70,0.35,0,0,1,0,0,0,0,0,0,130,0,0,0,4861,0,0,,
reactive-ring,200,10,400,8,256,144,0.36,0.03125,0.02,0.9987345776652958,0.6666666666666666,0.012499999999999999,9.125,15,11.875,9.25,248,0,0,0,9471,1.2341463414634146,0.5,,
reactive-ring,400,10,798,45,511,287,0.35964912280701755,0.08806262230919765,0.05639097744360902,0.9915166675730056,0.28846153846153844,0.046875,36.422222222222224,115,42.30232558139535,31.666666666666668,466,0,0,0,18233,2.372262773722628,2.1333333333333333,,
reactive-ring,600,10,1194,186,798,396,0.3316582914572864,0.23308270676691728,0.15577889447236182,0.9657158971879785,0.21856639247943596,0.06850324101355335,43.94086021505376,130,46.66459627329193,33.857142857142854,610,2,0,0,23952,3.23585548738923,2.564516129032258,,
reactive-ring,800,10,1588,407,1115,473,0.2978589420654912,0.3650224215246637,0.25629722921914355,0.9195867935993518,0.17086481947942905,0.12049976314542873,53.945945945945944,140,60.13099041533546,42.68325791855204,700,8,0,12,27170,4.394035246272029,3.189189189189189,,
reactive-ring,1200,10,2388,918,1749,639,0.2675879396984925,0.5248713550600344,0.3844221105527638,0.8484528832630098,0.16384079957165804,0.159375,54.98692810457516,135,61.864548494983275,37.94274560832791,809,22,0,36,31266,4.636851754845469,3.406318082788671,,
reactive-ring,1600,10,3180,1351,2371,809,0.25440251572327044,0.5698017714044706,0.4248427672955975,0.8208263352368156,0.16885389326334208,0.16525589588022313,55.60473723168024,135,63.01853997682503,36.89656671012603,987,33,0,164,36404,4.374098491217203,3.1339748334566986,,
reactive-ring,2000,10,3979,1798,2995,984,0.24729831615983916,0.6003338898163606,0.4518723297310882,0.8120001460760325,0.17463092463092464,0.16852879424115175,53.30088987764182,135,60.42797668609492,37.134378126042016,1163,34,0,156,44191,4.40909394627823,3.0767519466073416,,
reactive-ring,3000,10,5949,2412,4324,1625,0.2731551521264078,0.5578168362627197,0.405446293494705,0.835367672501223,0.17480794318017104,0.17873021518762228,52.94071310116086,135,59.577283372365336,38.86758938869666,1877,35,0,258,69662,4.299153506001264,2.878524046434494,,
reactive-ring,100,11,196,7,122,74,0.37755102040816324,0.05737704918032787,0.03571428571428571,0.9972770592239619,0.5833333333333334,0.010937500000000001,16.714285714285715,45,20.142857142857142,27,115,0,0,0,4395,1.353211009174312,0.7142857142857143,,
reactive-ring,200,11,396,11,247,149,0.37626262626262624,0.044534412955465584,0.027777777777777776,0.9973515780180976,0.4583333333333333,0.013297872340425532,17.272727272727273,45,21.272727272727273,19.125,236,0,0,0,9026,1.429936305732484,0.9090909090909091,,
reactive-ring,400,11,794,25,498,296,0.37279596977329976,0.050200803212851405,0.031486146095717885,0.9965643234989365,0.3968253968253968,0.021287465940054498,21.32,50,28.32,20.428571428571427,473,0,0,0,18259,1.721311475409836,1.4,,
reactive-ring,600,11,1193,131,770,423,0.35456831517183574,0.17012987012987013,0.10980720871751885,0.9759111042039008,0.21129032258064517,0.05280554659787166,52.93129770992366,145,51.71818181818182,46.0632183908046,639,0,0,0,25074,3.036617262423714,2.519083969465649,,
reactive-ring,800,11,1594,413,1098,496,0.3111668757841907,0.3761384335154827,0.2590966122961104,0.9148675755618264,0.16493610223642172,0.09140403682719547,58.205811138014525,140,61.43887147335423,44.28129602356407,671,14,0,3,26880,4.313590382641841,3.181598062953995,,
reactive-ring,1200,11,2390,724,1626,764,0.3196652719665272,0.44526445264452646,0.302928870292887,0.8624911144459364,0.13861765269002488,0.10552705223880597,56.017955801104975,135,62.037433155080215,42.105016722408024,881,21,0,113,32535,4.72997679488081,3.153314917127072,,
reactive-ring,1600,11,3180,1191,2246,934,0.29371069182389936,0.5302760463045414,0.3745283018867924,0.8293649933921182,0.15121889283900458,0.12613318647801405,57.21998320738875,135,61.99768786127168,39.09671614934773,1010,45,0,64,38072,4.687140653484785,3.2762384550797647,,
reactive-ring,2000,11,3975,1671,2885,1090,0.2742138364779874,0.5792027729636049,0.420377358490566,0.8355294575425812,0.17969674158511667,0.14016574956381694,54.35248354278875,140,60.87787610619469,38.07667151162791,1187,27,0,118,47007,4.233056810606621,3.0634350688210654,,
reactive-ring,3000,11,5956,2434,4331,1625,0.27283411685695097,0.5619949203417225,0.4086635325721961,0.8417286743258527,0.18309011584173313,0.14405776515151517,52.30936729663106,135,58.88333333333333,38.39861970490243,1860,37,0,226,70249,4.062704181122901,2.827033689400164,,
reactive-ring,100,12,198,4,124,74,0.37373737373737376,0.03225806451612903,0.020202020202020204,0.9987450324199958,0.6666666666666666,0.012499999999999999,8.75,15,11.5,9,120,0,0,0,4775,1.2254901960784315,0.5,,
reactive-ring,200,12,395,10,247,148,0.37468354430379747,0.04048582995951417,0.02531645569620253,0.9982725113366444,0.625,0.014518002322880372,10.1,20,13.3,10.166666666666666,237,0,0,0,9246,1.2875,0.6,,
reactive-ring,400,12,792,24,503,289,0.3648989898989899,0.04771371769383698,0.030303030303030304,0.996941403734707,0.42105263157894735,0.026019080659150044,19.25,45,24.47826086956522,16.285714285714285,479,0,0,0,18574,1.7151639344262295,1.25,,
reactive-ring,600,12,1188,184,778,410,0.3451178451178451,0.2365038560411311,0.15488215488215487,0.9511319600244748,0.15358931552587646,0.07083461656914075,55.46739130434783,140,58.443708609271525,46.96363636363636,592,2,0,37,23218,3.9592786503781268,3.0543478260869565,,
reactive-ring,800,12,1589,281,1044,545,0.34298300818124605,0.26915708812260536,0.17684078036500944,0.9269300284017558,0.12411660777385158,0.10001423690205012,64.09964412811388,135,68.85714285714286,45.22306525037936,753,10,0,46,28658,5.136857092009254,3.2491103202846974,,
reactive-ring,1200,12,2382,769,1683,699,0.29345088161209065,0.45692216280451575,0.3228379513014274,0.8530662606321537,0.1373950330534215,0.14321364719904647,62.876462938881666,140,68.24022346368714,41.95350318471338,877,37,0,95,32331,4.934579439252336,3.377113133940182,,
reactive-ring,1600,12,3182,1102,2248,934,0.29352608422375864,0.4902135231316726,0.3463230672532998,0.8485144286498688,0.14793932071418983,0.1603048993366694,62.35753176043557,140,67.66099290780141,41.95345622119816,1105,41,0,131,41506,4.818467145894503,3.289473684210526,,
reactive-ring,2000,12,3971,1483,2864,1107,0.27877109040543946,0.5178072625698324,0.37345756736338453,0.8261773213017649,0.14776803507373457,0.1538126452041155,58.94605529332434,135,66.92610837438424,41.0165820642978,1330,51,0,275,47274,4.747001011706894,3.153068105192178,,
reactive-ring,3000,12,5946,2392,4283,1663,0.27968382105617223,0.5584870417931357,0.40228725193407333,0.835732369756689,0.17308248914616498,0.1672727272727273,56.34824414715719,135,63.58622790981109,39.43522833178005,1852,39,0,192,69973,4.267989011265973,2.9640468227424748,,
reactive-ring,100,13,197,15,127,70,0.3553299492385787,0.11811023622047244,0.07614213197969544,0.9942922374429224,0.6,0.021234428086070213,11.4,25,14.533333333333333,11.4,112,0,0,0,4355,1.3636363636363635,0.6666666666666666,,
reactive-ring,200,13,395,38,253,142,0.3594936708860759,0.15019762845849802,0.09620253164556962,0.9898171719509373,0.4318181818181818,0.022134203168685928,24.736842105263158,115,26.62162162162162,26.51851851851852,215,0,0,0,8544,1.6613333333333333,1.368421052631579,,
reactive-ring,400,13,791,128,526,265,0.3350189633375474,0.24334600760456274,0.16182048040455121,0.9805652627061492,0.4037854889589905,0.03769140164899882,27.8203125,100,32.26829268292683,24.26851851851852,398,0,0,0,15990,1.8963445167751627,1.5,,
reactive-ring,600,13,1188,254,806,382,0.32154882154882153,0.315136476426799,0.2138047138047138,0.9419748748133181,0.19227857683573052,0.0619029050497173,49.63385826771653,130,53.54666666666667,38.53888888888889,548,4,0,2,21409,3.5928051202824984,2.767716535433071,,
reactive-ring,800,13,1588,518,1148,440,0.2770780856423174,0.45121951219512196,0.3261964735516373,0.9052160092472186,0.19740853658536586,0.09355584453113712,51.67181467181467,135,56.50456621004566,39.866851595006935,623,7,0,5,25018,3.7326645768025077,2.94015444015444,,
reactive-ring,1200,13,2382,965,1753,629,0.26406381192275397,0.5504848830576156,0.4051217464315701,0.8371456500488759,0.16549476933630594,0.13691827468785472,55.69119170984456,135,60.70286576168929,40.40111593304402,751,37,0,32,29910,4.5070096382525975,3.3471502590673574,,
reactive-ring,1600,13,3175,1243,2314,861,0.2711811023622047,0.5371650821089023,0.39149606299212597,0.8209172478220252,0.1507946136115492,0.14066177801919247,55.984714400643604,140,59.81309523809524,41.11068539804172,1035,36,0,104,37609,4.7604771550753995,3.2156074014481093,,
reactive-ring,2000,13,3972,1567,2897,1075,0.27064451158106745,0.5409043838453572,0.3945115810674723,0.8345151568870768,0.16786288162828067,0.1406743751795461,51.37268666241225,135,57.60884353741496,39.061811722912964,1298,32,0,124,46857,4.432229926191009,2.96553924696873,,
reactive-ring,3000,13,5954,2536,4427,1527,0.2564662411823984,0.5728484300880958,0.4259321464561639,0.8367777963391643,0.18539366912786023,0.16088920468964119,51.35094637223975,130,58.91057367829021,38.52766658817989,1854,37,0,210,69782,4.152456773230501,2.828864353312303,,
reactive-ring,100,14,196,8,128,68,0.3469387755102041,0.0625,0.04081632653061224,0.9974527701125027,0.6666666666666666,0.010266940451745381,9.375,25,11.875,10.75,120,0,0,0,4691,1.169291338582677,0.5,,
reactive-ring,200,14,394,22,255,139,0.35279187817258884,0.08627450980392157,0.05583756345177665,0.9951348960636887,0.5,0.02133436772692009,16,40,21.227272727272727,15.875,233,0,0,0,9000,1.6088794926004228,1.0454545454545454,,
reactive-ring,400,14,787,126,523,264,0.3354510800508259,0.24091778202676864,0.16010165184243966,0.9673127859378763,0.23204419889502761,0.05625,42.42857142857143,140,45.580357142857146,36.95172413793104,397,0,0,0,16069,3.109108621529469,2.7222222222222223,,
reactive-ring,600,14,1187,312,826,361,0.3041280539174389,0.37772397094430993,0.2628475147430497,0.9361683199145946,0.21742160278745645,0.0975,49.830128205128204,125,58.109022556390975,31.42105263157895,511,3,0,0,21040,3.6024896265560167,3.1474358974358974,,
reactive-ring,800,14,1586,590,1140,446,0.2812105926860025,0.5175438596491229,0.3720050441361917,0.8731874091248477,0.18283235202974898,0.11320030698388334,54.3,135,59.949473684210524,38.656213704994194,538,12,0,25,22171,3.9619950020824657,3.111864406779661,,
reactive-ring,1200,14,2377,959,1734,643,0.27050904501472445,0.5530565167243368,0.4034497265460665,0.8430970680330202,0.17398403483309144,0.12316346450220897,54.8310740354536,140,60.93543956043956,38.575892857142854,735,40,0,55,29492,4.215450965685355,3.0281543274244003,,
reactive-ring,1600,14,3170,1338,2329,841,0.26529968454258673,0.5744954916273078,0.4220820189274448,0.8253651616907153,0.1698185048864069,0.14377202785180093,56.7152466367713,135,62.15199161425576,35.82478039759593,953,38,0,69,37096,4.418526241071825,3.171898355754858,,
reactive-ring,2000,14,3964,1650,2889,1075,0.2711907164480323,0.5711318795430945,0.4162462159434914,0.8369861558616294,0.17919200695047785,0.16920994339158257,52.09090909090909,135,58.757602085143354,38.12535714285714,1204,35,0,89,47121,4.267264402899657,3.0006060606060605,,
reactive-ring,3000,14,5943,2512,4352,1591,0.26770991081945145,0.5772058823529411,0.4226821470637725,0.8318975412311967,0.1805505642205132,0.13480444768814667,50.57006369426752,135,56.401538461538465,37.757199719035356,1811,29,0,322,68288,4.067921880481815,2.7746815286624202,,
reactive-ring,100,15,200,1,116,84,0.42,0.008620689655172414,0.005,0.9997865528281751,1,0.04807692307692307,127,130,127,0,115,0,0,0,4684,1,0,,
reactive-ring,200,15,397,12,244,153,0.3853904282115869,0.04918032786885246,0.030226700251889168,0.9980250164581962,0.6666666666666666,0.013333333333333332,15.666666666666666,55,17.636363636363637,15.666666666666666,232,0,0,0,9096,1.2147887323943662,0.5,,
reactive-ring,400,15,796,81,512,284,0.35678391959798994,0.158203125,0.10175879396984924,0.9866226546212647,0.35064935064935066,0.04452506596306069,29.432098765432098,85,36.925,24.791666666666668,431,0,0,0,17026,2.2015209125475286,1.8148148148148149,,
reactive-ring,600,15,1189,237,795,394,0.3313708999158957,0.2981132075471698,0.19932716568544995,0.9524232053069676,0.21047957371225579,0.09137877853177051,49.80590717299578,125,58.43333333333333,35.03225806451613,557,1,0,0,22534,3.5121598147075854,3.147679324894515,,
reactive-ring,800,15,1585,416,1094,491,0.30977917981072556,0.3802559414990859,0.26246056782334387,0.9207088607594937,0.1770966368667518,0.10894615545778337,53.36057692307692,135,60.07507507507508,42.2137030995106,674,4,0,1,27267,4.054611102753122,3.230769230769231,,
reactive-ring,1200,15,2386,792,1699,687,0.287929589270746,0.46615656268393174,0.3319362950544845,0.8631598022211292,0.14982973893303064,0.12016021361815753,61.34722222222222,140,65.75621890547264,41.738324175824175,884,23,0,91,33193,4.511845039018952,3.297979797979798,,
reactive-ring,1600,15,3174,1097,2242,932,0.29363579080025204,0.4892952720785013,0.3456206679269061,0.8519474136871852,0.15172890733056707,0.13606370311569757,58.04010938924339,135,64.21268163804491,40.92055849783341,1103,42,0,63,41438,4.805838012849699,3.3144940747493163,,
reactive-ring,2000,15,3966,1591,2883,1083,0.273071104387292,0.5518557058619493,0.40115985879979826,0.8439224122974427,0.17685638061360603,0.1416488603988604,55.70584538026399,135,61.15923566878981,38.755917159763314,1265,27,0,134,48407,4.200456021023342,2.976115650534255,,
reactive-ring,3000,15,5958,2369,4319,1639,0.2750923128566633,0.5485065987497105,0.3976166498825109,0.849034691319696,0.18044024678193313,0.13398714990271934,51.52891515407345,130,57.45707519242155,39.593473994111875,1930,20,0,170,73502,4.179902962206333,2.847192908400169,,
reactive-ring,100,16,199,4,124,75,0.3768844221105528,0.03225806451612903,0.020100502512562814,0.998701579744644,0.6666666666666666,0.012499999999999999,8.75,20,11.75,10,120,0,0,0,4615,1.2156862745098038,0.5,,
reactive-ring,200,16,397,4,251,146,0.3677581863979849,0.01593625498007968,0.010075566750629723,0.9993591797500802,0.6666666666666666,0.017421602787456445,8,15,10.75,10.5,247,0,0,0,9357,1.2417582417582418,0.5,,
reactive-ring,400,16,796,23,516,280,0.35175879396984927,0.044573643410852716,0.028894472361809045,0.9968776916451335,0.39655172413793105,0.023958333333333335,25.82608695652174,90,33.34782608695652,24.88235294117647,493,0,0,0,18518,1.8657718120805369,1.608695652173913,,
reactive-ring,600,16,1191,57,780,411,0.345088161209068,0.07307692307692308,0.04785894206549118,0.9907356143653342,0.22709163346613545,0.0405751708428246,37,105,44.10909090909091,33.05263157894737,723,0,0,6,26825,2.7152073732718893,2.210526315789474,,
reactive-ring,800,16,1590,371,1104,486,0.30566037735849055,0.33605072463768115,0.23333333333333334,0.9097744360902256,0.14117199391171995,0.13403179190751446,67.1266846361186,145,63.90573770491803,41.79196556671449,718,15,0,38,26430,4.573621030238566,3.4339622641509435,,
reactive-ring,1200,16,2383,982,1746,637,0.26731011330255977,0.5624284077892325,0.4120856063785145,0.8207334152685283,0.15656887755102042,0.1534375,60.17311608961303,140,64.88645690834473,39.695443645083934,726,38,0,60,28569,4.53517884547279,3.420570264765784,,
reactive-ring,1600,16,3177,1242,2303,874,0.2751022977651873,0.5392965696917065,0.3909348441926346,0.8292170606053906,0.16079751424132574,0.13972639726397262,57.492753623188406,135,65.13837837837838,39.95558487247142,1018,43,0,134,37294,4.460807707892486,3.0434782608695654,,
reactive-ring,2000,16,3968,1744,2946,1022,0.25756048387096775,0.5919891378139851,0.43951612903225806,0.8018985574685901,0.16386357230104293,0.17205998421468036,54.20699541284404,135,62.94059405940594,36.86437313926563,1164,38,0,157,42810,4.576360287962498,3.1341743119266057,,
reactive-ring,3000,16,5956,2676,4458,1498,0.25151108126259236,0.6002691790040376,0.4492948287441236,0.8216426024730068,0.18969306018288792,0.14727248712191257,49.91068759342302,135,58.16777154513004,36.884038504589206,1748,34,0,143,64660,4.113648299956614,2.712257100149477,,
reactive-ring,100,17,199,4,126,73,0.36683417085427134,0.031746031746031744,0.020100502512562814,0.9991463935125907,1,0.0062499999999999995,4.75,10,4.75,0,122,0,0,0,4682,1,0,,
reactive-ring,200,17,397,13,252,145,0.36523929471032746,0.051587301587301584,0.0327455919395466,0.998171256454389,0.7647058823529411,0.008125,9.076923076923077,50,10.384615384615385,16,239,0,0,0,9279,1.1055045871559632,0.3076923076923077,,
reactive-ring,400,17,794,48,507,287,0.3614609571788413,0.09467455621301775,0.060453400503778336,0.9902740937223696,0.2727272727272727,0.02333722287047841,27.145833333333332,90,32.4468085106383,27.511111111111113,459,0,0,0,17920,2.360706860706861,2.1458333333333335,,
reactive-ring,600,17,1191,167,783,408,0.3425692695214106,0.21328224776500637,0.14021830394626364,0.9662651566689343,0.1981020166073547,0.04181690705128205,45.9940119760479,125,49.27891156462585,41.02564102564103,616,0,0,0,24133,3.302278820375335,2.5149700598802394,,
reactive-ring,800,17,1590,379,1093,497,0.31257861635220124,0.3467520585544373,0.23836477987421384,0.9298210403077438,0.18064823641563393,0.08516088441488405,53.99472295514512,135,60.10876132930514,43.29124579124579,709,5,0,3,27771,3.8805460750853245,2.9920844327176783,,
reactive-ring,1200,17,2388,792,1674,714,0.2989949748743719,0.4731182795698925,0.3316582914572864,0.8555928561836981,0.14729403012832434,0.12424698795180722,55.48106060606061,135,62.36842105263158,42.936875,845,37,0,73,31714,4.641344097150348,3.0972222222222223,,
reactive-ring,1600,17,3182,1385,2332,850,0.26712759270898806,0.5939108061749572,0.43526084223758643,0.8134665389352675,0.169356810956224,0.15128014680181756,54.35884476534296,135,59.602536997885835,38.60574081891093,918,29,0,107,35474,4.336205011588753,3.077256317689531,,
reactive-ring,2000,17,3971,1715,2908,1063,0.26769075799546715,0.5897524071526823,0.4318811382523294,0.8116250648100141,0.1685835053573184,0.17302259887005647,55.12594752186589,135,61.04844606946983,37.860964332893,1155,38,0,271,43482,4.497332277718495,3.050728862973761,,
reactive-ring,3000,17,5965,2550,4372,1593,0.26705783738474437,0.5832570905763952,0.42749371332774516,0.8323308087572754,0.18518518518518517,0.16931371507489643,52.02313725490196,135,58.8672268907563,37.19164332399627,1784,38,0,163,68044,4.140724786496031,2.855294117647059,,
reactive-ring,100,18,198,4,122,76,0.3838383838383838,0.03278688524590164,0.020202020202020204,0.9991226146084667,1,0.008012820512820514,21.25,70,21.25,0,118,0,0,0,4555,1,0,,
reactive-ring,200,18,397,2,239,158,0.3979848866498741,0.008368200836820083,0.005037783375314861,0.9997865528281751,1,0.0062499999999999995,5,10,5,0,237,0,0,0,9368,1,0,,
reactive-ring,400,18,794,21,504,290,0.36523929471032746,0.041666666666666664,0.02644836272040302,0.9955039340576995,0.25,0.046378091872791516,57.23809523809524,140,69.1,43.27272727272727,483,0,0,0,18599,2.8092485549132946,2.5238095238095237,,
reactive-ring,600,18,1195,37,752,443,0.3707112970711297,0.04920212765957447,0.03096234309623431,0.9967608421810329,0.4111111111111111,0.04159172661870504,33.62162162162162,140,38.35294117647059,26.666666666666668,715,0,0,0,27681,1.9582637729549248,1.4864864864864864,,
reactive-ring,800,18,1593,290,1071,522,0.327683615819209,0.2707749766573296,0.18204645323289392,0.9382007907187764,0.15207131620346093,0.09144803229061554,55.744827586206895,135,62.916,44.70967741935484,771,10,0,65,28852,4.372355683040516,2.8137931034482757,,
reactive-ring,1200,18,2387,763,1688,699,0.2928361960620025,0.45201421800947866,0.3196480938416422,0.8690257709308036,0.15058219853956978,0.11774691358024691,58.885976408912185,140,61.90875912408759,43.2585969738652,902,23,0,108,33443,4.575718015665796,3.1730013106159896,,
reactive-ring,1600,18,3185,1108,2303,882,0.27692307692307694,0.48111159357359967,0.3478806907378336,0.8447371681050502,0.1473404255319149,0.1246288131017727,54.54963898916967,135,57.812423873325216,41.644261545496114,1164,31,0,126,40681,4.724549463190184,3.11913357400722,,
reactive-ring,2000,18,3975,1530,2869,1106,0.27823899371069183,0.5332868595329383,0.3849056603773585,0.8355882916296644,0.16204194026689261,0.1653839501902456,54.540522875817,135,60.20517928286853,40.30190677966102,1300,39,0,139,47690,4.502496902339203,3.0176470588235293,,
reactive-ring,3000,18,5967,2307,4355,1612,0.2701525054466231,0.529735935706085,0.3866264454499749,0.827229878885508,0.1593342081635472,0.16523894109557644,55.736020806241875,135,61.522222222222226,38.51108597285068,2000,48,0,375,68774,4.542470624984982,2.9384482011270046,,
reactive-ring,100,19,198,8,118,80,0.40404040404040403,0.06779661016949153,0.04040404040404041,0.9969094922737307,0.5714285714285714,0.012499999999999999,14.625,40,14.142857142857142,20.5,110,0,0,0,4516,1.2043010752688172,0.75,,
reactive-ring,200,19,394,13,244,150,0.38071065989847713,0.05327868852459016,0.03299492385786802,0.9979132344865459,0.6842105263157895,0.01015625,9.23076923076923,35,9,13.8,231,0,0,0,9086,1.1586021505376345,0.46153846153846156,,
reactive-ring,400,19,794,19,487,307,0.3866498740554156,0.039014373716632446,0.02392947103274559,0.9984740312823587,0.6785714285714286,0.015224358974358974,9.368421052631579,20,12.210526315789474,10.363636363636363,468,0,0,0,18321,1.2727272727272727,0.5789473684210527,,
reactive-ring,600,19,1189,146,780,409,0.343986543313709,0.18717948717948718,0.12279226240538267,0.976403036142683,0.24333333333333335,0.06254283755997259,48.39041095890411,140,51.08,34.02994011976048,634,0,0,0,24827,3.088262056414923,2.7465753424657535,,
reactive-ring,800,19,1588,259,1066,522,0.32871536523929473,0.24296435272045028,0.16309823677581864,0.95216556168288,0.16774611398963732,0.08031505829818902,47.745173745173744,130,54.587443946188344,44.43665158371041,804,3,0,0,30728,4.16494608855242,2.945945945945946,,
reactive-ring,1200,19,2378,712,1650,728,0.30613961312026916,0.4315151515151515,0.2994112699747687,0.8712011208763215,0.14082278481012658,0.12739765244775264,62.6123595505618,145,67.70620437956204,42.44365698086464,915,23,0,95,34088,4.747172982885085,3.4058988764044944,,
reactive-ring,1600,19,3173,1235,2311,862,0.2716671919319256,0.534400692340978,0.38922155688622756,0.829939163826207,0.15666624381580616,0.14234670355002305,57.59676113360324,140,63.38115631691649,39.88030035335689,1035,41,0,111,38292,4.585731992838452,3.14331983805668,,
reactive-ring,2000,19,3970,1647,2914,1056,0.26599496221662466,0.5652024708304736,0.41486146095717885,0.826458539341715,0.16758241758241757,0.15092368594677807,57.04371584699454,135,64.35431034482758,38.038098566934636,1229,38,0,82,46643,4.445829941537778,3.1888281724347296,,
reactive-ring,3000,19,5951,2426,4327,1624,0.27289531171231723,0.5606655881673215,0.4076625777180306,0.8341842557332149,0.1757588929942766,0.15317203757955353,54.136026380873865,135,60.76753393665158,37.762443972635054,1875,26,0,288,68988,4.208670938146643,2.882522671063479,,
reactive-ring,100,20,198,5,124,74,0.37373737373737376,0.04032258064516129,0.025252525252525252,0.9989035087719298,1,0.005208333333333334,5,10,5,0,119,0,0,0,4555,1,0,,
reactive-ring,200,20,398,29,256,142,0.35678391959798994,0.11328125,0.0728643216080402,0.9932470455824424,0.48333333333333334,0.01294642857142857,19.103448275862068,75,22.892857142857142,23.9375,227,0,0,0,8825,1.4255599472990776,1.0689655172413792,,
reactive-ring,400,20,794,100,529,265,0.3337531486146096,0.1890359168241966,0.12594458438287154,0.9845783980297877,0.38022813688212925,0.03125,28.76,95,35.36363636363637,25.102272727272727,429,0,0,0,16782,1.969298245614035,1.56,,
reactive-ring,600,20,1192,192,813,379,0.3179530201342282,0.23616236162361623,0.1610738255033557,0.9748387610478542,0.3037974683544304,0.05,36.265625,100,42.824175824175825,30.652631578947368,621,0,0,0,24476,2.4826423997303673,2.1510416666666665,,
reactive-ring,800,20,1590,329,1105,485,0.3050314465408805,0.29773755656108597,0.2069182389937107,0.9543680385872497,0.22878998609179416,0.06037140340575455,43.02431610942249,125,48.215753424657535,34.69882352941176,773,3,0,1,30048,3.028163653663178,2.3799392097264436,,
reactive-ring,1200,20,2378,791,1716,662,0.2783851976450799,0.460955710955711,0.33263246425567705,0.863647243424377,0.15428125609518237,0.1174008549038233,55.37547408343868,135,61.24918566775244,40.91214824982841,888,37,0,114,32280,4.49245024021963,3.0670037926675096,,
reactive-ring,1600,20,3173,1285,2356,817,0.25748502994011974,0.5454159592529711,0.40497951465490073,0.8184758845312988,0.15792060956126336,0.14400663439124978,54.90428015564202,135,61.80506822612086,38.94018932874354,1036,35,0,233,36353,4.5536911300436795,3.1120622568093386,,
reactive-ring,2000,20,3977,1745,2980,997,0.2506914759869248,0.5855704697986577,0.4387729444304752,0.8137744189362612,0.16701761102603369,0.18587558585428207,57.04068767908309,140,63.1726872246696,38.438383838383835,1193,42,0,184,45324,4.469112769485903,3.177077363896848,,
reactive-ring,3000,20,5964,2562,4432,1532,0.25687458081824277,0.5780685920577617,0.4295774647887324,0.8246015619262125,0.1787982413287738,0.16750353051937864,53.78298204527713,135,60.778338945005615,37.690691369182105,1823,47,0,215,66914,4.205480453050786,2.8953942232630756,,
reactive-ring,100,21,199,4,133,66,0.3316582914572864,0.03007518796992481,0.020100502512562814,0.9991706406800747,1,0.0062499999999999995,5,10,5,0,129,0,0,0,4819,1,0,,
reactive-ring,200,21,398,6,261,137,0.3442211055276382,0.022988505747126436,0.01507537688442211,0.9991714995857498,0.75,0.009375,7.166666666666667,15,8.666666666666666,8.5,255,0,0,0,9648,1.125,0.3333333333333333,,
reactive-ring,400,21,797,121,552,245,0.3074027603513174,0.21920289855072464,0.15181932245922208,0.9752186588921283,0.2847058823529412,0.03968774599842561,36.66115702479339,110,41.357798165137616,30.45299145299145,431,0,0,0,16715,2.4627895515032034,2.355371900826446,,
reactive-ring,600,21,1198,242,824,374,0.3121869782971619,0.2936893203883495,0.2020033388981636,0.9431343033952166,0.17794117647058824,0.05464234104046243,54.72727272727273,135,59.8310502283105,39.36103151862464,579,3,0,12,22499,3.622976977433326,3.0330578512396693,,
reactive-ring,800,21,1595,478,1147,448,0.2808777429467085,0.4167393199651264,0.29968652037617555,0.899972059234423,0.16689944134078213,0.10215421439562318,53.08158995815899,135,60.42782152230971,42.10367454068241,662,7,0,20,25694,4.062422437329362,3.311715481171548,,
reactive-ring,1200,21,2383,931,1749,634,0.26605119597146454,0.5323041738136077,0.3906840117498951,0.8412728350487686,0.15803768460363266,0.1591344181594421,60.2577873254565,135,68.50077519379845,41.33565547815073,792,26,0,23,31114,4.526027754251091,3.4167561761546725,,
reactive-ring,1600,21,3173,1230,2327,846,0.2666246454459502,0.5285775676837129,0.3876457611093602,0.8315045524969756,0.15493135155561155,0.1522880348652932,55.34146341463415,130,64.47470398277719,38.354401805869074,1056,41,0,117,38968,4.650912218751415,3.2552845528455285,,
reactive-ring,2000,21,3963,1797,2960,1003,0.25309109260661117,0.6070945945945946,0.453444360333081,0.8088235294117647,0.17387518142235123,0.16250090428995154,54.930996104618806,135,62.430994602929836,37.039248574303926,1121,42,0,136,43479,4.25237055733679,3.0862548692264884,,
reactive-ring,3000,21,5943,2588,4431,1512,0.254416961130742,0.5840668020762807,0.43547030119468283,0.8279710144927537,0.18169053636618926,0.1736260197509661,53.719860896445134,135,61.45029554003224,37.479815455594,1808,35,0,147,68263,4.175350208896535,2.921947449768161,,
reactive-ring,100,22,198,0,125,73,0.3686868686868687,0,0,1,0,0,0,0,0,0,125,0,0,0,4863,0,0,,
reactive-ring,200,22,396,8,249,147,0.3712121212121212,0.0321285140562249,0.020202020202020204,0.9987456883035434,0.6666666666666666,0.012499999999999999,9.875,20,12.125,11.5,241,0,0,0,9555,1.2277227722772277,0.5,,
reactive-ring,400,22,793,40,508,285,0.3593947036569987,0.07874015748031496,0.05044136191677175,0.9939011226252159,0.35398230088495575,0.025601638504864313,32.625,100,39.5,35.09375,468,0,0,0,18407,1.9481193255512321,1.725,,
reactive-ring,600,22,1188,92,766,422,0.3552188552188552,0.12010443864229765,0.07744107744107744,0.9786562453028709,0.1619718309859155,0.05793450881612091,46.03260869565217,115,56.644444444444446,44.2484076433121,672,2,0,0,26002,3.7059465357337698,2.8260869565217392,,
reactive-ring,800,22,1582,453,1126,456,0.28824273072060685,0.40230905861456484,0.286346396965866,0.9240174973306238,0.20534904805077062,0.08781792803970223,48.211920529801326,130,54.73056994818653,37.38548387096774,668,5,0,12,26794,3.6637374708224635,2.8653421633554084,,
reactive-ring,1200,22,2379,940,1737,642,0.2698612862547289,0.5411629245826137,0.39512400168137873,0.8323710707611637,0.15640599001663893,0.13784608165180667,55.2,135,62.49542682926829,41.15677966101695,764,33,0,24,29739,4.587682038834951,3.2638297872340427,,
reactive-ring,1600,22,3170,1411,2379,791,0.24952681388012618,0.5931063472047079,0.4451104100946372,0.8152885119576865,0.1741545297457418,0.14478328681661468,53.529411764705884,135,60.83694530443756,37.31707317073171,945,23,0,95,35547,4.22073202388163,3.0715804394046775,,
reactive-ring,2000,22,3972,1761,2957,1015,0.2555387713997986,0.5955360162326683,0.4433534743202417,0.8054495294962397,0.17103729603729603,0.1300667690853226,54.146507666098806,135,60.022906793048975,36.719638675142185,1156,40,0,132,42362,4.306513920341015,3.0187393526405453,,
reactive-ring,3000,22,5955,2640,4424,1531,0.2570948782535684,0.596745027124774,0.4433249370277078,0.8287207347674617,0.18775336035843823,0.1338036735190366,51.04545454545455,135,58.229649595687334,37.56490496059342,1752,32,0,101,67704,4.013103349692667,2.8234848484848483,,
reactive-ring,100,23,198,8,127,71,0.35858585858585856,0.06299212598425197,0.04040404040404041,0.9973918713323191,0.6666666666666666,0.012499999999999999,8.25,15,10.75,9.5,119,0,0,0,4589,1.202020202020202,0.5,,
reactive-ring,200,23,399,25,251,148,0.37092731829573933,0.099601593625498,0.06265664160401002,0.9941507311586052,0.4807692307692308,0.01953125,19.48,50,24.166666666666668,19.235294117647058,226,0,0,0,8838,1.5621414913957934,1.16,,
reactive-ring,400,23,794,75,518,276,0.34760705289672544,0.14478764478764478,0.09445843828715365,0.9855958845384396,0.2976190476190476,0.033482142857142856,41.306666666666665,115,44.06060606060606,40.45454545454545,443,0,0,0,17241,2.362217017954723,2.066666666666667,,
reactive-ring,600,23,1193,239,791,402,0.3369656328583403,0.30214917825537296,0.20033528918692373,0.9387642593613502,0.16551246537396122,0.08033073406829794,57.15062761506276,140,61.54922279792746,44.83468834688347,552,0,0,0,22134,4.085111601667893,3.276150627615063,,
reactive-ring,800,23,1588,433,1098,490,0.30856423173803527,0.39435336976320584,0.27267002518891686,0.9042246590749332,0.15889908256880733,0.09665178571428572,55.52193995381062,140,60.710306406685234,42.16459197786999,651,14,0,11,25707,4.398019547325103,3.2655889145496535,,
reactive-ring,1200,23,2383,987,1742,641,0.26898866974402014,0.5665901262916189,0.41418380193033993,0.8248130759867849,0.16327543424317617,0.11724318160220469,56.278622087132725,135,62.59016393442623,39.19325707405178,718,37,0,59,28324,4.317020023557126,3.2178318135764945,,
reactive-ring,1600,23,3173,1417,2354,819,0.2581153482508667,0.6019541206457094,0.44658052316419794,0.8125253526840042,0.17033297271306647,0.12855639425170562,52.662667607621735,130,60.614814814814814,37.85818965517242,898,39,0,22,35946,4.317816605024869,3.1630204657727594,,
reactive-ring,2000,23,3964,1713,2896,1068,0.2694248234106963,0.5915055248618785,0.43213925327951563,0.8157875431002861,0.17054958183990443,0.1413739601214842,54.507297139521306,135,60.32524639878696,37.381569965870305,1146,37,0,122,44229,4.23247893258427,3.0478692352597783,,
reactive-ring,3000,23,5954,2481,4318,1636,0.274773261672825,0.5745715609078277,0.41669465905273767,0.8336829850963463,0.1808968282901932,0.16134696425784298,53.93389762192664,135,59.51149425287356,36.839438629876305,1808,29,0,171,68398,4.17652323066597,2.9419588875453444,,
reactive-ring,100,24,198,2,116,82,0.41414141414141414,0.017241379310344827,0.010101010101010102,0.9995688726018539,1,0.0062499999999999995,5,10,5,0,114,0,0,0,4637,1,0,,
reactive-ring,200,24,397,28,249,148,0.37279596977329976,0.11244979919678715,0.07052896725440806,0.9934797529169527,0.49122807017543857,0.014583333333333335,17.75,50,24.5,18.125,221,0,0,0,8685,1.459909228441755,1.1071428571428572,,
reactive-ring,400,24,790,49,496,294,0.3721518987341772,0.09879032258064516,0.0620253164556962,0.9894436519258203,0.2648648648648649,0.019140624999999998,38.6530612244898,135,35.83720930232558,27.833333333333332,445,2,0,0,17330,2.073940486925158,1.8979591836734695,,
reactive-ring,600,24,1187,152,762,425,0.35804549283909015,0.1994750656167979,0.12805391743892164,0.966411774379214,0.18604651162790697,0.038244766505636074,43.67763157894737,130,47.282442748091604,39.57142857142857,609,1,0,2,23477,3.279061976549414,2.5197368421052633,,
reactive-ring,800,24,1587,376,1075,512,0.32262129804662887,0.3497674418604651,0.23692501575299307,0.9126119583635923,0.14879303521962803,0.08392857142857144,55.96010638297872,130,62.81846153846154,43.941007194244605,693,6,0,18,26351,4.561011904761905,3.1382978723404253,,
reactive-ring,1200,24,2381,978,1726,655,0.2750944981100378,0.5666280417149478,0.4107517849643007,0.8139707851129028,0.15640492563569486,0.11365749349200445,55.60122699386503,135,61.80541237113402,39.74154025670945,718,30,0,70,27233,4.461137797326234,3.1462167689161555,,
reactive-ring,1600,24,3175,1332,2335,840,0.26456692913385826,0.5704496788008565,0.4195275590551181,0.8060775410408663,0.15994236311239193,0.12122315253003277,55.162912912912915,135,61.69521912350598,38.9609958506224,951,52,0,129,34358,4.403480475382003,2.9954954954954953,,
reactive-ring,2000,24,3969,1755,2930,1039,0.2617787855883094,0.5989761092150171,0.4421768707482993,0.8162877729989387,0.17786561264822134,0.12750653879686136,54.88034188034188,135,59.9969040247678,37.804684808818465,1133,42,0,155,43552,4.151351727497303,2.9555555555555557,,
reactive-ring,3000,24,5948,2479,4330,1618,0.27202420981842634,0.5725173210161663,0.4167787491593813,0.8282673291441376,0.17579066799035598,0.14658230842005676,52.594191206131505,135,59.84868788386376,38.84988558352403,1814,37,0,256,67594,4.182678485864878,2.8656716417910446,,
reactive-ring,100,25,198,7,129,69,0.3484848484848485,0.05426356589147287,0.03535353535353535,0.9980793854033291,0.7777777777777778,0.008215962441314555,19.571428571428573,95,21,9.5,122,0,0,0,4677,1.0672268907563025,0.2857142857142857,,
reactive-ring,200,25,397,17,258,139,0.3501259445843829,0.06589147286821706,0.042821158690176324,0.9969808065559629,0.6071428571428571,0.013762953367875648,14.647058823529411,55,15.6875,13.6,241,0,0,0,9246,1.2418952618453865,0.6470588235294118,,
reactive-ring,400,25,791,85,519,272,0.3438685208596713,0.16377649325626203,0.10745891276864729,0.9787643661396651,0.23351648351648352,0.035618504860878315,33.36470588235294,105,38.65432098765432,28.95098039215686,433,1,0,10,16748,2.6537530266343827,2.1411764705882352,,
reactive-ring,600,25,1192,306,822,370,0.3104026845637584,0.3722627737226277,0.25671140939597314,0.9306397006414825,0.19653179190751446,0.08580080753701211,51.05555555555556,130,55.32330827067669,37.05569007263922,514,2,0,4,20856,3.707439049802042,3.0359477124183005,,
reactive-ring,800,25,1588,471,1122,466,0.29345088161209065,0.4197860962566845,0.2965994962216625,0.9067653870447049,0.17726759503199097,0.09213615023474178,54.31210191082803,135,59.27047146401985,41.03055555555556,649,2,0,26,25802,3.9553431115767417,3.040339702760085,,
reactive-ring,1200,25,2382,931,1733,649,0.27246011754827876,0.5372186959030583,0.390848026868178,0.8283958621078445,0.15292378449408672,0.11535983346550359,57.692803437164336,140,61.95092838196287,41.46478873239437,767,35,0,57,29287,4.388948053484794,3.158968850698174,,
reactive-ring,1600,25,3174,1388,2340,834,0.2627599243856333,0.5931623931623932,0.43730308758664144,0.7996948356807512,0.16266260400796906,0.12744233876891436,55.319164265129686,140,59.42953667953668,38.72256728778468,916,36,0,146,33850,4.39119455870973,3.0417867435158503,,
reactive-ring,2000,25,3967,1744,2934,1033,0.26039828585833125,0.5944103612815269,0.4396269221073859,0.8226107437267869,0.17812276580533143,0.14331733613832096,53.80332568807339,140,58.06069802731411,37.58967201674808,1159,31,0,113,45187,4.148921142776424,2.99197247706422,,
reactive-ring,3000,25,5951,2559,4382,1569,0.2636531675348681,0.5839799178457326,0.43001176272895314,0.8198986585724077,0.17390417940876657,0.14195846092397815,52.521297381789765,135,59.1230352303523,38.04481290611696,1789,34,0,214,66548,4.347361264154925,2.8800312622118014,,
reactive-ring,100,26,198,10,128,70,0.35353535353535354,0.078125,0.050505050505050504,0.9969033399690334,0.7142857142857143,0.011436413540713633,16.2,80,18.3,11,118,0,0,0,4502,1.1481481481481481,0.4,,
reactive-ring,200,26,396,29,257,139,0.351010101010101,0.11284046692607004,0.07323232323232323,0.9919866444073456,0.4027777777777778,0.022656249999999996,28.75862068965517,100,34.724137931034484,40.17391304347826,228,0,0,0,8913,1.7604355716878404,1.4137931034482758,,
reactive-ring,400,26,794,103,527,267,0.336272040302267,0.1954459203036053,0.1297229219143577,0.980295280167403,0.30383480825958703,0.03576388888888889,37.44660194174757,110,43.92857142857143,35.361702127659576,424,0,0,0,16865,2.336426914153132,2.0679611650485437,,
reactive-ring,600,26,1188,250,813,375,0.31565656565656564,0.3075030750307503,0.21043771043771045,0.950484437966218,0.21645021645021645,0.052213868003341685,41.928,130,46.414847161572055,38.483383685800604,562,1,0,3,22155,3.3279907084785134,2.336,,
reactive-ring,800,26,1589,434,1100,489,0.3077407174323474,0.39454545454545453,0.27312775330396477,0.9096420116220676,0.1722905915045653,0.07114754098360655,48.21658986175115,135,51.0058651026393,40.572230014025244,662,4,0,17,25281,3.864868403823491,2.792626728110599,,
reactive-ring,1200,26,2378,903,1722,656,0.27586206896551724,0.524390243902439,0.37973086627417996,0.8401116427432217,0.16084788029925187,0.09242957746478873,53.7718715393134,135,56.48048452220727,39.78371659415786,775,44,0,51,29392,4.324842324413692,2.9944629014396456,,
reactive-ring,1600,26,3179,1271,2300,879,0.27650204466813466,0.552608695652174,0.3998112614029569,0.8342088489350946,0.16850059657961022,0.12642237606429538,53.492525570416994,135,58.13687436159346,38.9054905490549,1001,28,0,101,37746,4.301021338683203,3.006294256490952,,
reactive-ring,2000,26,3969,1768,2929,1040,0.2620307382212144,0.6036189825879139,0.4454522549760645,0.8104975886949045,0.17439337147366343,0.13243048897411314,53.77545248868778,135,59.187893081761004,39.13821677162744,1119,42,0,86,43121,4.3461762389122915,3.033371040723982,,
reactive-ring,3000,26,5943,2557,4380,1563,0.2629984856133266,0.5837899543378996,0.43025408043075886,0.8350873359795103,0.1882084498748712,0.14116464976592175,50.80876026593664,135,57.386659129451665,36.99597060914909,1800,23,0,184,68480,4.043732277305173,2.819319515056707,,
reactive-ring,100,27,200,0,120,80,0.4,0,0,1,0,0,0,0,0,0,120,0,0,0,4813,0,0,,
reactive-ring,200,27,397,16,253,144,0.36272040302267,0.06324110671936758,0.04030226700251889,0.9970212765957447,0.5714285714285714,0.016666666666666666,17.125,60,20.8125,20.7,237,0,0,0,9372,1.367403314917127,0.75,,
reactive-ring,400,27,796,48,505,291,0.3655778894472362,0.09504950495049505,0.06030150753768844,0.9915558253766764,0.3137254901960784,0.030425963488843813,29.354166666666668,95,30.295454545454547,28.488372093023255,457,0,0,0,17962,2.292403746097815,1.8333333333333333,,
reactive-ring,600,27,1191,120,772,419,0.3518052057094878,0.15544041450777202,0.10075566750629723,0.9756726586858616,0.189873417721519,0.049099836333878884,39.25,120,44.845454545454544,43.12068965517241,652,0,0,12,25304,3.570398642917727,2.575,,
reactive-ring,800,27,1588,404,1084,504,0.31738035264483627,0.3726937269372694,0.25440806045340053,0.9017637626937467,0.1465360899528473,0.08223416381696792,57.26980198019802,140,61.77391304347826,42.086782376502,667,13,0,38,25260,4.453949129852744,3.103960396039604,,
reactive-ring,1200,27,2386,727,1655,731,0.3063704945515507,0.43927492447129907,0.3046940486169321,0.8580929528976058,0.13361514427494947,0.14097890164443067,62.0302613480055,140,67.39388145315488,45.649334178820546,901,27,0,80,32756,4.9392503536067895,3.2874828060522696,,
reactive-ring,1600,27,3179,1057,2243,936,0.2944322113872287,0.4712438698172091,0.3324944951242529,0.8389486211424819,0.13466683653968659,0.15974489179059367,60.561021759697255,145,64.99586776859505,42.702666666666666,1158,28,0,107,40730,4.931650215763107,3.2885525070955532,,
reactive-ring,2000,27,3967,1456,2794,1173,0.2956894378623645,0.5211166785969935,0.36702798084194604,0.8361922288968366,0.1543190249072602,0.17126188011668395,60.1353021978022,140,66.3187250996016,39.74060949681077,1294,44,0,187,47890,4.596303805364941,3.161401098901099,,
reactive-ring,3000,27,5943,2559,4366,1577,0.265354198216389,0.5861200183234081,0.43059061080262495,0.8303016967385458,0.1843394323584498,0.1990262568442011,51.642047674873,135,59.30688448074679,37.28815143725169,1766,41,0,112,67638,4.205843762616068,2.924970691676436,,
reactive-ring,100,28,199,6,124,75,0.3768844221105528,0.04838709677419355,0.03015075376884422,0.9982777179763186,0.75,0.009375,8.333333333333334,20,10,13.5,118,0,0,0,4637,1.0847457627118644,0.3333333333333333,,
reactive-ring,200,28,397,18,252,145,0.36523929471032746,0.07142857142857142,0.04534005037783375,0.9971830985915493,0.6923076923076923,0.009881422924901184,10.722222222222221,65,13.11111111111111,16.714285714285715,234,0,0,0,9204,1.1480804387568555,0.4444444444444444,,
reactive-ring,400,28,794,39,508,286,0.3602015113350126,0.07677165354330709,0.0491183879093199,0.9943499755527788,0.375,0.01653663500678426,27.102564102564102,130,29.13157894736842,33.46666666666667,469,0,0,0,18292,1.6739606126914661,1.2564102564102564,,
reactive-ring,600,28,1192,113,768,424,0.35570469798657717,0.14713541666666666,0.09479865771812081,0.9834231090205598,0.2585812356979405,0.03593233273976087,37.902654867256636,125,41.80582524271845,41.43307086614173,655,0,0,0,25925,2.5226209048361934,2.230088495575221,,
reactive-ring,800,28,1592,324,1073,519,0.3260050251256281,0.3019571295433364,0.20351758793969849,0.923330612244898,0.13798977853492334,0.07023933402705515,56.901234567901234,135,62.421052631578945,48.18529862174579,738,11,0,10,28236,4.485783132530121,3.191358024691358,,
reactive-ring,1200,28,2378,801,1713,665,0.2796467619848612,0.46760070052539404,0.3368376787216148,0.8432356968346444,0.13718102414797054,0.11571131399514618,61.69787765293383,140,65.0208695652174,43.39460784313726,865,47,0,57,31249,4.824510705372389,3.3420724094881398,,
reactive-ring,1600,28,3175,1096,2255,920,0.28976377952755905,0.4860310421286031,0.3451968503937008,0.8330583690090843,0.13710282712034025,0.12525141707807647,63.167883211678834,140,68.06112469437653,43.08159722222222,1118,41,0,131,39688,4.860692230360477,3.252737226277372,,
reactive-ring,2000,28,3971,1403,2822,1149,0.28934777134223116,0.49716513111268607,0.35331150843616216,0.834760988402786,0.14459445532309595,0.13005190952910642,61.41910192444761,140,66.31624758220502,41.113596024139156,1381,38,0,201,48692,4.679224313034147,3.1974340698503205,,
reactive-ring,3000,28,5961,2274,4345,1616,0.2710954537829223,0.5233601841196778,0.38147961751383996,0.830675983024221,0.15744651388215744,0.128561736770692,53.989445910290236,135,60.09949937421777,41.03980671882191,2035,36,0,210,70466,4.581412331734866,2.924802110817942,,
reactive-ring,100,29,200,4,119,81,0.405,0.03361344537815126,0.02,0.9986888111888111,0.6666666666666666,0.012499999999999999,10.5,20,13,10.5,115,0,0,0,4570,1.2178217821782178,0.5,,
reactive-ring,200,29,399,16,250,149,0.37343358395989973,0.064,0.040100250626566414,0.9960193652501345,0.43243243243243246,0.02249718785151856,28.5,100,34.3125,24.90909090909091,234,0,0,0,9258,1.6445182724252492,1.3125,,
reactive-ring,400,29,795,81,513,282,0.35471698113207545,0.15789473684210525,0.1018867924528302,0.9852714505908546,0.313953488372093,0.028054862842892766,36.641975308641975,120,39.28947368421053,46.5974025974026,432,0,0,0,17259,2.163442294863242,1.876543209876543,,
reactive-ring,600,29,1192,144,769,423,0.3548657718120805,0.18725617685305593,0.12080536912751678,0.9753611870363139,0.22820919175911253,0.04637979902087091,39.05555555555556,115,44.6015037593985,35.49132947976879,625,0,0,0,24968,2.9623655913978495,2.5347222222222223,,
reactive-ring,800,29,1592,265,1023,569,0.3574120603015075,0.2590420332355816,0.16645728643216082,0.944041944709247,0.15048268029528677,0.06942988891217775,62.64150943396226,145,62.72246696035242,44.00215053763441,757,1,0,29,29670,4.172708757637475,3.150943396226415,,
reactive-ring,1200,29,2388,831,1697,691,0.28936348408710216,0.48968768414849734,0.3479899497487437,0.8520913958543179,0.1489247311827957,0.12676958750305103,61.98676293622142,140,68.28643216080403,41.15715245130961,831,35,0,113,31978,4.670137498331331,3.4283995186522263,,
reactive-ring,1600,29,3183,1233,2257,926,0.2909205152371976,0.5463003987594152,0.38737040527803956,0.8370171138537622,0.16409369177535268,0.1494328097731239,60.25709651257097,135,64.92997542997543,39.56016408386509,994,30,0,214,38227,4.390112012359984,3.16139497161395,,
reactive-ring,2000,29,3980,1777,2903,1077,0.2706030150753769,0.6121253875301412,0.4464824120603015,0.8147105501813785,0.18119710410930967,0.14886736813886467,55.597073719752395,135,62.26999140154772,36.57722468462325,1097,29,0,201,42817,4.1668471237469875,2.9983117613956107,,
reactive-ring,3000,29,5949,2649,4387,1562,0.26256513699781475,0.6038294962388876,0.44528492183560264,0.8222594500636092,0.18772588760541423,0.1517738460833295,51.24877312193281,130,57.75876726886291,36.43633860977288,1701,37,0,133,65027,4.095410947378543,2.8565496413741034,,
reactive-ring,100,30,199,0,125,74,0.37185929648241206,0,0,1,0,0,0,0,0,0,125,0,0,0,4821,0,0,,
reactive-ring,200,30,397,4,253,144,0.36272040302267,0.015810276679841896,0.010075566750629723,0.9995822890559732,1,0.008488964346349746,24.5,85,24.5,0,249,0,0,0,9572,1,0,,
reactive-ring,400,30,792,40,523,269,0.33964646464646464,0.07648183556405354,0.050505050505050504,0.9943657437218287,0.38095238095238093,0.04604051565377533,31.1,120,38.4,29.333333333333332,483,0,0,0,18531,2.023529411764706,1.6,,
reactive-ring,600,30,1193,74,771,422,0.3537300922045264,0.0959792477302205,0.06202849958088852,0.9871048100523867,0.21022727272727273,0.06831610044313147,45.28378378378378,135,48.28787878787879,36.946236559139784,696,1,0,0,26941,3.485256950294861,2.8783783783783785,,
reactive-ring,800,30,1589,200,1065,524,0.32976714915040906,0.18779342723004694,0.12586532410320955,0.9561235484257153,0.1364256480218281,0.1064282673478076,57.985,125,66.71098265895954,47.565947242206235,858,7,0,23,31893,4.393300248138958,3.14,,
reactive-ring,1200,30,2385,768,1705,680,0.2851153039832285,0.4504398826979472,0.3220125786163522,0.8517707288752837,0.13672779063557058,0.1333518544242256,59.022135416666664,140,61.42687074829932,41.94191919191919,910,27,0,105,32090,4.8874657534246575,3.2408854166666665,,
reactive-ring,1600,30,3173,1164,2309,864,0.27229751024267257,0.5041143352100477,0.36684525685471164,0.8389364882217965,0.1521369755587505,0.14920016406890896,57.8041237113402,140,63.51190476190476,40.64774774774775,1112,33,0,210,39551,4.589109376469482,3.143470790378007,,
reactive-ring,2000,30,3965,1611,2913,1052,0.26532156368221943,0.553038105046344,0.40630517023959645,0.8112687431962636,0.1498744069215741,0.179,58.45934202358784,140,64.09309021113243,39.301050558109,1263,39,0,168,45923,4.859884440775898,3.278088144009932,,
reactive-ring,3000,30,5960,2367,4343,1617,0.27130872483221474,0.5450149666129404,0.3971476510067114,0.8429467484434963,0.17473793001624097,0.17618948371345206,55.26066751161808,140,60.51587301587302,39.94380679100909,1945,31,0,228,72329,4.248525073746313,2.9518377693282636,,
reactive-ring,100,31,199,13,134,65,0.32663316582914576,0.09701492537313433,0.06532663316582915,0.9964958388085852,0.8125,0.008938393839383938,10.23076923076923,60,11.615384615384615,25,121,0,0,0,4550,1.0775,0.23076923076923078,,
reactive-ring,200,31,397,29,260,137,0.345088161209068,0.11153846153846154,0.07304785894206549,0.9950391357071988,0.6444444444444445,0.012107548430193718,10.137931034482758,20,12.517241379310345,11.666666666666666,231,0,0,0,9026,1.2261904761904763,0.5172413793103449,,
reactive-ring,400,31,791,152,534,257,0.324905183312263,0.2846441947565543,0.19216182048040456,0.9623359097043308,0.247557003257329,0.0475,43.75,130,48.402877697841724,36.82165605095541,381,1,0,0,15688,2.77006237006237,2.6052631578947367,,
reactive-ring,600,31,1189,280,835,354,0.2977291841883936,0.33532934131736525,0.23549201009251472,0.9452390155907744,0.2196078431372549,0.07069278933548778,49.93571428571428,135,50.95594713656388,38.17910447761194,553,2,0,10,21957,3.298550724637681,2.632142857142857,,
reactive-ring,800,31,1589,439,1108,481,0.302706104468219,0.39620938628158847,0.276274386406545,0.9151041666666666,0.17955010224948875,0.08957721188377409,51.57858769931663,135,55.068601583113455,43.179604261796044,660,9,0,6,26322,3.9835217213672887,2.927107061503417,,
reactive-ring,1200,31,2383,1052,1757,626,0.26269408308854386,0.5987478656801366,0.4414603441040705,0.7997222138349588,0.1586009347203377,0.11918789087283604,53.989543726235745,135,60.44375772558715,38.939899833055094,669,36,0,23,26398,4.546860006397271,3.216730038022814,,
reactive-ring,1600,31,3177,1482,2353,824,0.25936418004406675,0.6298342541436464,0.4664778092540132,0.791684424870957,0.16844737440327348,0.13337893296853626,54.302968960863694,135,58.446728971962614,37.16605316973415,831,40,0,59,33247,4.365306447756436,3.161268556005398,,
reactive-ring,2000,31,3970,1826,2978,992,0.24987405541561714,0.61316319677636,0.45994962216624685,0.8089667514363756,0.1800611379548368,0.13469255281482356,52.28806133625411,135,58.585438335809805,38.00234270414993,1116,36,0,99,42701,4.192361998251866,2.9386637458926614,,
reactive-ring,3000,31,5957,2654,4431,1526,0.25616921269095183,0.5989618596253667,0.4455262716132281,0.8140632373761209,0.1820551515982988,0.1483875296327772,52.66201959306707,135,58.045203969129,37.0834448906738,1742,35,0,261,63411,4.163389814900083,2.821024868123587,,
reactive-ring,100,32,199,4,124,75,0.3768844221105528,0.03225806451612903,0.020100502512562814,0.9987384356602187,0.6666666666666666,0.012499999999999999,11.75,25,14.5,15.5,120,0,0,0,4750,1.22,0.5,,
reactive-ring,200,32,397,11,245,152,0.38287153652392947,0.044897959183673466,0.027707808564231738,0.9980464510527458,0.6111111111111112,0.011458333333333334,10.090909090909092,25,13.181818181818182,10.6,234,0,0,0,9196,1.2525597269624573,0.6363636363636364,,
reactive-ring,400,32,795,55,516,279,0.35094339622641507,0.1065891472868217,0.06918238993710692,0.9921481891069948,0.3873239436619718,0.02455357142857143,24.418181818181818,85,31.618181818181817,22.113636363636363,461,0,0,0,17941,1.8302796528447445,1.5454545454545454,,
reactive-ring,600,32,1192,114,770,422,0.3540268456375839,0.14805194805194805,0.09563758389261745,0.9844275617038969,0.2766990291262136,0.04149679673849738,37.28947368421053,115,41.22549019607843,29.8130081300813,656,0,0,0,26036,2.5224688684353005,2.1403508771929824,,
reactive-ring,800,32,1591,246,1064,527,0.3312382149591452,0.231203007518797,0.15461973601508486,0.955258358662614,0.1671195652173913,0.06988636363636364,51.23170731707317,130,50.16,44.27067669172932,815,3,0,11,31397,3.973996861690204,2.9186991869918697,,
reactive-ring,1200,32,2385,795,1707,678,0.2842767295597484,0.46572934973637964,0.3333333333333333,0.8590875053487377,0.1508825204023534,0.11614656381486675,53.56603773584906,135,58.61056105610561,43.200779727095515,878,34,0,59,31947,4.512349501203991,3.076729559748428,,
reactive-ring,1600,32,3170,1273,2308,862,0.2719242902208202,0.5515597920277296,0.40157728706624607,0.8248348629853284,0.158431860609832,0.14316239316239315,55.73841319717204,135,63.12139917695473,40.721595836947095,982,53,0,138,37626,4.5349959411923875,3.175962293794187,,
reactive-ring,2000,32,3970,1723,2945,1025,0.25818639798488663,0.5850594227504244,0.4340050377833753,0.8257589365906233,0.17762886597938143,0.14703372474057894,53.80034822983169,130,62.873801916932905,38.08585503166784,1188,34,0,103,45731,4.190072080389163,3.0052234474753337,,
reactive-ring,3000,32,5959,2569,4396,1563,0.2622923309280081,0.5843949044585988,0.4311126027857023,0.8295358855762073,0.1839203894616266,0.15531292319597603,53.66056831451927,135,59.50373931623932,38.136627232660636,1779,48,0,269,67497,4.10065289677435,2.872323861424679,,
reactive-ring,100,33,198,4,123,75,0.3787878787878788,0.032520325203252036,0.020202020202020204,0.998911860718172,0.8,0.009398496240601503,15.5,45,17,9,119,0,0,0,4590,1.1043478260869566,0.25,,
reactive-ring,200,33,394,6,249,145,0.3680203045685279,0.024096385542168676,0.015228426395939087,0.9991312846128787,0.75,0.009375,8.5,20,10.333333333333334,11,243,0,0,0,9201,1.1022727272727273,0.3333333333333333,,
reactive-ring,400,33,791,83,524,267,0.33754740834386854,0.15839694656488548,0.10493046776232617,0.9860107520665935,0.34297520661157027,0.032421874999999996,32.42168674698795,110,37.57692307692308,28.14864864864865,440,1,0,0,17055,2.0796335447498238,1.7590361445783131,,
reactive-ring,600,33,1188,239,809,379,0.31902356902356904,0.2954264524103832,0.20117845117845118,0.9515704584040747,0.20946538124452235,0.05224728926197972,46.93305439330544,130,51.43457943925234,39.4983164983165,569,1,0,2,22417,3.2804816859006523,2.7405857740585775,,
reactive-ring,800,33,1586,504,1133,453,0.28562421185372006,0.44483671668137686,0.31778058007566207,0.9033313722606265,0.19170787371624193,0.08118556701030928,50.39087301587302,130,55.674698795180724,37.941095890410956,616,13,0,14,24530,3.838050118439097,2.9424603174603177,,
reactive-ring,1200,33,2376,967,1753,623,0.2622053872053872,0.551625784369652,0.406986531986532,0.8063699825479931,0.14526062791047017,0.11539379474940334,60.36608066184075,140,66.59,41.58138238573021,743,43,0,66,27582,4.734577001587661,3.423991726990693,,
reactive-ring,1600,33,3172,1284,2287,885,0.27900378310214374,0.5614341932662877,0.4047919293820933,0.8094112788510072,0.1545684362585771,0.1351237582084526,57.90498442367601,135,64.45164835164834,38.50442477876106,958,45,0,151,35013,4.688113036339282,3.218068535825545,,
reactive-ring,2000,33,3969,1683,2869,1100,0.2771478961955152,0.5866155454862322,0.42403628117913833,0.8073109941844364,0.16125323368784134,0.14059680545345185,59.351752822341055,140,64.11150442477876,38.023881601076354,1140,46,0,176,43404,4.458485874145196,3.2204396910279263,,
reactive-ring,3000,33,5942,2561,4356,1586,0.2669134971390104,0.5879247015610652,0.4309996634129923,0.8217005233524319,0.17813173819294706,0.15657096742639146,54.62709878953534,135,60.01217487548423,38.040974277259274,1747,48,0,173,65966,4.25480631276901,2.914096056228036,,
reactive-ring,100,34,198,0,122,76,0.3838383838383838,0,0,1,0,0,0,0,0,0,122,0,0,0,4638,0,0,,
reactive-ring,200,34,396,0,243,153,0.38636363636363635,0,0,1,0,0,0,0,0,0,243,0,0,0,9433,0,0,,
reactive-ring,400,34,790,35,511,279,0.3531645569620253,0.0684931506849315,0.04430379746835443,0.9953485826857831,0.4117647058823529,0.02924465240641711,36.74285714285714,120,43.142857142857146,26.892857142857142,476,0,0,0,18180,1.8695652173913044,1.4857142857142858,,
reactive-ring,600,34,1183,188,790,393,0.3322062552831784,0.2379746835443038,0.15891800507185122,0.9645895233831251,0.2160919540229885,0.07408575031525852,50,120,57.625766871165645,37.48471615720524,602,0,0,7,23672,3.1880607315389926,2.867021276595745,,
reactive-ring,800,34,1584,345,1067,517,0.3263888888888889,0.3233364573570759,0.2178030303030303,0.9252579935713078,0.1561792666364871,0.09686657681940701,57.35942028985507,135,62.53703703703704,44.202265372168284,715,7,0,11,27309,4.262533875338754,3.234782608695652,,
reactive-ring,1200,34,2367,851,1700,667,0.2817912970004225,0.5005882352941177,0.35952682720743556,0.8490944039851639,0.15267312522425547,0.14072628654583938,61.09635722679201,140,67.66477272727273,42.248868778280546,829,20,0,82,31224,4.705999469073533,3.329024676850764,,
reactive-ring,1600,34,3163,1328,2345,818,0.25861523869743913,0.5663113006396588,0.41985456844767627,0.8092187181635009,0.15758870297852143,0.13512413512413513,56.49774096385542,135,61.3091684434968,38.729307432432435,988,29,0,102,35544,4.47825340996826,3.158132530120482,,
reactive-ring,2000,34,3959,1763,2947,1012,0.2556201060873958,0.5982354937224296,0.44531447335185653,0.8174087873980891,0.17809879785836955,0.11898013173523378,54.73227453204765,140,60.58420268256334,37.855969893944575,1160,24,0,147,44105,4.101777401608126,2.953488372093023,,
reactive-ring,3000,34,5945,2672,4463,1482,0.24928511354079058,0.5987004257226081,0.44945332211942807,0.8198534871058754,0.18354169528781425,0.1365885576411892,52.87013473053892,135,59.030999465526456,37.36492890995261,1763,28,0,307,65848,4.112629341555135,2.8529191616766467,,
reactive-overhear-ring,100,0,196,16,124,72,0.3673469387755102,0.12903225806451613,0.08163265306122448,0.9936378095887298,0.5714285714285714,0.016666666666666666,9.5625,20,13,8.9,108,0,0,0,4373,1.3101449275362318,0.75,,
reactive-overhear-ring,200,0,394,24,255,139,0.35279187817258884,0.09411764705882353,0.06091370558375635,0.9951944568618686,0.5581395348837209,0.018726591760299626,11.458333333333334,20,14.818181818181818,11.1875,231,0,0,0,8905,1.4780405405405406,0.7916666666666666,,
reactive-overhear-ring,400,0,788,100,516,272,0.34517766497461927,0.1937984496124031,0.12690355329949238,0.9836517156715971,0.3663003663003663,0.042172739541160596,26.13,85,32.92631578947368,18.568181818181817,416,0,0,0,16426,2.1812702828001855,1.8,,
reactive-overhear-ring,600,0,1189,335,827,362,0.30445752733389403,0.40507859733978235,0.2817493692178301,0.9354062470510522,0.24470416362308253,0.08006692160611856,40.232835820895524,125,46.278688524590166,30.10421836228288,481,11,0,0,19800,3.1708667152221413,2.5343283582089553,,
reactive-overhear-ring,800,0,1582,658,1153,429,0.27117572692793934,0.5706851691240243,0.415929203539823,0.8627757435027239,0.214123006833713,0.09865659109991604,44.808510638297875,130,51.21006944444444,27.03968253968254,476,19,0,63,19226,3.5001562988433887,2.711246200607903,,
reactive-overhear-ring,1200,0,2377,1231,1844,533,0.22423222549432056,0.6675704989154013,0.5178796802692469,0.712869241892171,0.17712230215827338,0.1316408589271965,48.24207961007311,130,54.114444444444445,26.12374245472837,462,151,0,181,17018,4.432977967306326,2.960194963444354,,
reactive-overhear-ring,1600,0,3163,1658,2477,686,0.21688270629149542,0.6693580944691159,0.5241858994625356,0.6495400977292325,0.16998154603239696,0.12657261512153412,47.01326899879373,130,51.38924339106654,23.641052631578948,628,191,0,510,17430,4.487979502462249,2.872738238841978,,
reactive-overhear-ring,2000,0,3959,2078,3085,874,0.22076281889366,0.6735818476499189,0.524880020207123,0.5856344510190664,0.16485521618405394,0.1402537796976242,47.659769008662174,135,52.04707668944571,19.256346578366447,759,248,0,1134,16497,4.638621028411881,2.862848893166506,,
reactive-overhear-ring,3000,0,5951,2991,4545,1406,0.23626281297260965,0.6580858085808581,0.5026046042681902,0.5308754623921086,0.15723072070651317,0.15323373908766752,47.79070544968238,130,54.20446320868516,16.54504585506204,1261,293,0,2953,18356,4.780021033609338,2.7923771313941828,,
reactive-overhear-ring,100,1,195,10,132,63,0.3230769230769231,0.07575757575757576,0.05128205128205128,0.9976055724858511,0.9090909090909091,0.006446621970087674,5.4,15,5.8,12,122,0,0,0,4583,1.0287769784172662,0.1,,
reactive-overhear-ring,200,1,392,18,256,136,0.3469387755102041,0.0703125,0.04591836734693878,0.997377335810294,0.75,0.008311784263021796,12.666666666666666,70,13.88888888888889,8.5,238,0,0,0,9127,1.0933544303797469,0.2777777777777778,,
reactive-overhear-ring,400,1,790,72,510,280,0.35443037974683544,0.1411764705882353,0.09113924050632911,0.989375603658883,0.3850267379679144,0.01827782290820471,26.5,95,33.028169014084504,24.830188679245282,438,0,0,0,17408,1.7214452214452214,1.5555555555555556,,
reactive-overhear-ring,600,1,1189,275,829,360,0.3027754415475189,0.33172496984318456,0.23128679562657695,0.9453481366726912,0.21653543307086615,0.05772460117548279,43.083636363636366,120,49.81673306772908,31.89425981873112,542,12,0,0,21968,3.3241887443172913,2.792727272727273,,
reactive-overhear-ring,800,1,1593,382,1092,501,0.3145009416195857,0.3498168498168498,0.23979912115505336,0.9076053701904042,0.14881184261784183,0.07149273843389728,52.49214659685864,135,55.58041958041958,35.56435643564357,661,49,0,33,25147,4.486911970190964,3.102094240837696,,
reactive-overhear-ring,1200,1,2384,963,1798,586,0.24580536912751677,0.53559510567297,0.4039429530201342,0.7325285654633109,0.13667328980982119,0.10687649826866732,54.175493250259606,135,60.359740259740256,30.381800197823935,643,192,0,221,19032,4.959130596321754,3.0207684319833854,,
reactive-overhear-ring,1600,1,3173,1255,2315,858,0.2704065553104318,0.5421166306695464,0.3955247399936968,0.6877811709847963,0.13199411022297014,0.11025794208602756,55.70597609561753,140,59.00678733031674,25.75351617440225,856,204,0,1263,19550,4.851917023481338,2.8278884462151392,,
reactive-overhear-ring,2000,1,3972,1595,2885,1087,0.27366565961732126,0.5528596187175043,0.40156092648539776,0.6454730713245997,0.1309738873378223,0.11920064570130336,52.83009404388715,140,56.86064769381747,22.55942509673853,1031,259,0,1958,20002,5.025493837582307,2.8620689655172415,,
reactive-overhear-ring,3000,1,5943,2894,4514,1429,0.24045095069830053,0.641116526362428,0.48695944809019015,0.5326268545069193,0.15439607341015793,0.15765962083242538,48.037318590186594,135,55.135984605516356,16.493123772102162,1352,268,0,3653,17385,4.894928205620875,2.771596406357982,,
reactive-overhear-ring,100,2,200,6,123,77,0.385,0.04878048780487805,0.03,0.998673446827327,1,0.00625,5,10,5,0,117,0,0,0,4517,1,0,,
reactive-overhear-ring,200,2,397,30,250,147,0.3702770780856423,0.12,0.07556675062972293,0.9927677648949604,0.47619047619047616,0.01875,22.8,80,28.833333333333332,24.95,220,0,0,0,8648,1.7884344146685474,1.2333333333333334,,
reactive-overhear-ring,400,2,795,132,526,269,0.3383647798742138,0.2509505703422053,0.1660377358490566,0.9684758084733016,0.2624254473161034,0.04628330995792427,35.15909090909091,105,39.68421052631579,25.363636363636363,393,1,0,3,15440,2.7952813067150637,2.1666666666666665,,
reactive-overhear-ring,600,2,1191,258,814,377,0.3165407220822838,0.31695331695331697,0.21662468513853905,0.9487934341406843,0.22473867595818817,0.06201923076923077,38.96124031007752,135,45.06410256410256,27.575384615384614,551,5,0,14,21247,3.2221238938053096,2.4031007751937983,,
reactive-overhear-ring,800,2,1586,507,1136,450,0.2837326607818411,0.44630281690140844,0.319672131147541,0.8891731968655046,0.1829004329004329,0.08802083333333334,46.14003944773175,135,49.857808857808855,30.831880448318806,591,38,0,21,22186,4.029113924050633,2.7731755424063116,,
reactive-overhear-ring,1200,2,2380,866,1757,623,0.26176470588235295,0.4928856004553216,0.3638655462184874,0.7677523843800612,0.13420114675344802,0.10970913144826187,50.301385681293304,130,58.758513931888544,32.640143737166326,686,205,0,251,21035,5.355565507975333,2.8822170900692843,,
reactive-overhear-ring,1600,2,3168,1165,2285,883,0.27872474747474746,0.5098468271334792,0.367739898989899,0.7064556962025317,0.12559292798620095,0.13361317552069,56.38369098712446,140,63.91053227633069,27.25845932325414,884,236,0,951,21303,5.209124659327453,2.9716738197424895,,
reactive-overhear-ring,2000,2,3961,1691,2943,1018,0.2570058066144913,0.5745837580699966,0.4269123958596314,0.6282857750630565,0.13824395029431,0.1441946926802647,53.46363098758131,135,58.86027397260274,22.0800435611217,982,270,0,1590,18961,5.170734447409072,2.969840331164991,,
reactive-overhear-ring,3000,2,5957,2715,4400,1557,0.2613731744166527,0.6170454545454546,0.4557663253315427,0.5528939717930852,0.14589714654199581,0.1482828680036702,50.40036832412523,135,54.375078665827566,16.93476302036403,1444,241,0,3959,18771,4.934404710417094,2.7605893186003683,,
reactive-overhear-ring,100,3,197,6,124,73,0.37055837563451777,0.04838709677419355,0.030456852791878174,0.998286203941731,0.75,0.009375,15,60,16.666666666666668,32,118,0,0,0,4660,1.1333333333333333,0.3333333333333333,,
reactive-overhear-ring,200,3,398,6,246,152,0.38190954773869346,0.024390243902439025,0.01507537688442211,0.9991493886230728,0.75,0.009375,8.666666666666666,20,10.333333333333334,11.5,240,0,0,0,9397,1.125,0.3333333333333333,,
reactive-overhear-ring,400,3,790,54,503,287,0.3632911392405063,0.1073558648111332,0.06835443037974684,0.9905655141794772,0.3176470588235294,0.023876901308807926,27.12962962962963,85,32.28846153846154,33.977777777777774,449,0,0,0,17838,2.284352660841938,1.8703703703703705,,
reactive-overhear-ring,600,3,1189,116,771,418,0.351555929352397,0.1504539559014267,0.0975609756097561,0.9724806504573529,0.16477272727272727,0.03625,37.4051724137931,130,36.30927835051546,46.33179723502304,641,14,0,0,24878,4.238946378174976,2.4224137931034484,,
reactive-overhear-ring,800,3,1586,312,1068,518,0.3266078184110971,0.29213483146067415,0.19672131147540983,0.9558034407623012,0.22958057395143489,0.05982512655315232,37.330128205128204,120,43.17843866171004,25.659685863874344,739,17,0,0,29370,3.3300446006217057,2.5865384615384617,,
reactive-overhear-ring,1200,3,2372,910,1743,629,0.265177065767285,0.5220883534136547,0.3836424957841484,0.7781358453148239,0.1452513966480447,0.1087788084536674,48.62307692307692,130,56.499308437067775,32.580866807610995,692,141,0,91,21854,4.851558297170318,3.0043956043956044,,
reactive-overhear-ring,1600,3,3170,1242,2334,836,0.2637223974763407,0.532133676092545,0.3917981072555205,0.6952518268506078,0.1335483870967742,0.13604100946372238,47.69484702093398,130,55.60146699266504,25.583511016346836,860,232,0,566,20517,5.1148645820251994,2.8864734299516908,,
reactive-overhear-ring,2000,3,3957,1658,2930,1027,0.259540055597675,0.5658703071672355,0.4190042961839778,0.6321435064541543,0.13657331136738057,0.14791949182784953,52.52834740651387,135,58.608,21.724557522123895,1002,270,0,1415,19280,5.092764246192459,2.870928829915561,,
reactive-overhear-ring,3000,3,5941,2806,4462,1479,0.24894798855411546,0.6288659793814433,0.4723110587443191,0.5398271374551884,0.14972520143001974,0.1476344810169206,47.87205987170349,130,55.4484076433121,16.692460317460316,1357,299,0,3173,18505,4.941985938263714,2.823592302209551,,
reactive-overhear-ring,100,4,198,3,118,80,0.40404040404040403,0.025423728813559324,0.015151515151515152,0.999366687777074,1,0.006625441696113074,5.333333333333333,10,5.333333333333333,0,115,0,0,0,4734,1,0,,
reactive-overhear-ring,200,4,396,23,252,144,0.36363636363636365,0.09126984126984126,0.05808080808080808,0.9948706755429445,0.48936170212765956,0.016169853768278966,32.21739130434783,125,36.26086956521739,35.92857142857143,229,0,0,0,9116,1.4718446601941748,1,,
reactive-overhear-ring,400,4,795,85,506,289,0.3635220125786163,0.16798418972332016,0.1069182389937107,0.9807271890461396,0.2537313432835821,0.02969536053661263,42.36470588235294,135,44.675,36.02325581395349,419,2,0,0,17033,2.7267144319344934,2.388235294117647,,
reactive-overhear-ring,600,4,1193,225,802,391,0.32774518021793797,0.2805486284289277,0.18860016764459347,0.9515451797111186,0.1949740034662045,0.051852876106194684,44.217777777777776,125,48.487046632124354,37.175862068965515,568,9,0,0,22646,3.47149950347567,2.973333333333333,,
reactive-overhear-ring,800,4,1584,314,1076,508,0.3207070707070707,0.29182156133828996,0.19823232323232323,0.9149208607504891,0.13127090301003344,0.06537308461025984,49.6656050955414,145,49.87596899224806,45.95448460508702,701,61,0,12,25695,4.982142857142857,3.031847133757962,,
reactive-overhear-ring,1200,4,2376,973,1771,605,0.25462962962962965,0.549407114624506,0.4095117845117845,0.7132023718284861,0.1368495077355837,0.1252703677000721,57.43884892086331,140,63.99175824175824,27.59666339548577,601,197,0,524,17110,4.972397845685517,3.013360739979445,,
reactive-overhear-ring,1600,4,3173,1261,2328,845,0.2663094862905767,0.5416666666666666,0.3974156949259376,0.6837814739333377,0.13108108108108107,0.11887254901960784,53.78747026169707,140,58.77828054298642,24.865446716899893,840,227,0,1022,19648,4.9706278158094905,2.923869944488501,,
reactive-overhear-ring,2000,4,3965,1805,2996,969,0.24438839848675914,0.6024699599465955,0.4552332912988651,0.6140276172516577,0.1422379826635146,0.12422232010130485,52.67313019390582,140,56.35899581589958,21.53803900027465,950,241,0,1534,18519,4.871796244495898,2.8781163434903045,,
reactive-overhear-ring,3000,4,5949,2914,4529,1420,0.2386955790889225,0.6434091410907485,0.489830223566986,0.5532742597795548,0.1566414019244208,0.15266135792120705,49.2477693891558,135,55.38544798556825,17.41107142857143,1346,269,0,3943,18879,4.807057991617622,2.79512697323267,,
reactive-overhear-ring,100,5,199,16,125,74,0.37185929648241206,0.128,0.08040201005025126,0.9948027403732578,0.7272727272727273,0.01,7.5625,15,9.375,9.5,109,0,0,0,4211,1.1376344086021506,0.375,,
reactive-overhear-ring,200,5,395,30,251,144,0.36455696202531646,0.11952191235059761,0.0759493670886076,0.9938789390160961,0.5555555555555556,0.011718749999999998,12.5,45,16,12.8,221,0,0,0,8768,1.2246753246753246,0.7666666666666667,,
reactive-overhear-ring,400,5,792,111,520,272,0.3434343434343434,0.21346153846153845,0.14015151515151514,0.9755662564651328,0.27007299270072993,0.03675496688741722,33.909909909909906,100,38.666666666666664,27.232142857142858,407,2,0,0,16402,2.6554731792411688,2.315315315315315,,
reactive-overhear-ring,600,5,1191,233,801,390,0.327455919395466,0.2908863920099875,0.19563392107472713,0.9481461934292122,0.19762510602205258,0.04822019867549669,46.14592274678112,125,53.375586854460096,35.875,558,10,0,15,21518,3.6403322728879464,2.4978540772532187,,
reactive-overhear-ring,800,5,1588,435,1115,473,0.2978589420654912,0.3901345291479821,0.2739294710327456,0.8947549244159414,0.15778019586507072,0.065002988643156,48.92413793103448,130,54.819628647214856,39.47215496368039,596,84,0,15,23392,4.594970888532614,2.896551724137931,,
reactive-overhear-ring,1200,5,2380,847,1755,625,0.26260504201680673,0.4826210826210826,0.3558823529411765,0.7910851122058018,0.1386933027673162,0.09158737024221456,48.74616292798111,130,55.15384615384615,34.799165362545644,723,185,0,289,22788,5.12214447417164,2.8665879574970483,,
reactive-overhear-ring,1600,5,3184,1236,2347,837,0.26287688442211055,0.5266297400937366,0.38819095477386933,0.733956980277662,0.13840985442329226,0.10003885003885005,51.38187702265372,130,58.55995343422585,29.376099706744867,869,242,0,622,23931,4.994887479907126,2.972491909385113,,
reactive-overhear-ring,2000,5,3971,1687,2946,1025,0.25812138000503654,0.5726408689748812,0.42483001762780154,0.6128020660394762,0.13395267587740195,0.1086424523441525,51.64611736810907,140,58.05185825410545,20.822057205720572,990,269,0,1307,18451,5.049881468389232,2.8464730290456433,,
reactive-overhear-ring,3000,5,5959,2817,4485,1474,0.24735693908373887,0.6280936454849498,0.4727303238798456,0.5287035677580385,0.14626168224299066,0.1293055963572268,50.52396166134185,135,55.745367603108186,16.26860841423948,1383,285,0,4034,17236,4.960825810594837,2.835995740149095,,
reactive-overhear-ring,100,6,198,0,122,76,0.3838383838383838,0,0,1,0,0,0,0,0,0,122,0,0,0,4813,0,0,,
reactive-overhear-ring,200,6,397,6,247,150,0.3778337531486146,0.024291497975708502,0.015113350125944584,0.9991471215351813,0.75,0.009375,7.833333333333333,20,9.666666666666666,11.5,241,0,0,0,9372,1.1263736263736264,0.3333333333333333,,
reactive-overhear-ring,400,6,795,54,505,290,0.36477987421383645,0.10693069306930693,0.06792452830188679,0.9870868650093862,0.23788546255506607,0.02030075187969925,35.870370370370374,130,34.145833333333336,40.03703703703704,451,0,0,0,17342,2.479514415781487,2.0555555555555554,,
reactive-overhear-ring,600,6,1195,152,785,410,0.34309623430962344,0.19363057324840766,0.12719665271966527,0.9666437553066753,0.18424242424242424,0.03508124076809454,41.51973684210526,140,44.474074074074075,42.77350427350427,622,11,0,0,23901,3.762534435261708,2.598684210526316,,
reactive-overhear-ring,800,6,1593,413,1113,480,0.3013182674199623,0.3710691823899371,0.25925925925925924,0.8835194894005015,0.13470319634703196,0.07375,57.96125907990315,140,60.85928143712575,40.35280373831776,647,53,0,31,23181,4.864961280779605,3.1065375302663436,,
reactive-overhear-ring,1200,6,2384,962,1778,606,0.25419463087248323,0.5410573678290214,0.4035234899328859,0.7386885858397161,0.137546468401487,0.1313203014087583,55.943866943866944,135,62.09691011235955,29.849233811171526,629,187,0,320,19369,4.941589314014037,3.029106029106029,,
reactive-overhear-ring,1600,6,3176,1384,2383,793,0.2496851385390428,0.5807805287452791,0.4357682619647355,0.6656795773463001,0.139305485656769,0.15613718411552346,52.5650289017341,135,60.60763520678685,25.114736842105263,787,212,0,1044,18623,4.933159016075924,3.0021676300578033,,
reactive-overhear-ring,2000,6,3973,1939,3087,886,0.22300528567832872,0.6281179138321995,0.48804429901837404,0.6264016908354371,0.15235326471281527,0.1566742081447964,52.03042805569881,135,59.52866779089376,21.855613505352732,893,255,0,1212,20004,4.845848404906307,2.99484270242393,,
reactive-overhear-ring,3000,6,5962,3014,4554,1408,0.23616236162361623,0.6618357487922706,0.5055350553505535,0.5335252781573296,0.15765247410817032,0.18702839555202544,50.167551426675516,135,56.54328732747804,16.888691006233305,1278,262,0,3203,18352,4.875994605529333,2.823490378234904,,
reactive-overhear-ring,100,7,197,0,129,68,0.34517766497461927,0,0,1,0,0,0,0,0,0,129,0,0,0,4761,0,0,,
reactive-overhear-ring,200,7,396,2,256,140,0.35353535353535354,0.0078125,0.005050505050505051,0.9997892518440463,1,0.009025270758122744,5,10,5,0,254,0,0,0,9488,1,0,,
reactive-overhear-ring,400,7,796,34,525,271,0.34045226130653267,0.06476190476190476,0.04271356783919598,0.9914479345955249,0.2138364779874214,0.053125,38.35294117647059,140,35.46666666666667,30.657894736842106,491,0,0,0,18433,2.95593635250918,2.588235294117647,,
reactive-overhear-ring,600,7,1193,141,816,377,0.3160100586756077,0.17279411764705882,0.1181894383906119,0.9682298957847255,0.17258261933904528,0.088125,46.780141843971634,140,54.94017094017094,35.497630331753555,664,11,0,10,24867,3.8927536231884057,3.0638297872340425,,
reactive-overhear-ring,800,7,1586,302,1099,487,0.30706179066834804,0.2747952684258417,0.19041614123581338,0.9383660602876469,0.1608950452850293,0.0763860785107244,50.90066225165563,140,55.64750957854406,32.719056974459725,764,33,0,57,28510,4.191816491010539,2.923841059602649,,
reactive-overhear-ring,1200,7,2384,720,1740,644,0.2701342281879195,0.41379310344827586,0.30201342281879195,0.8255896408201018,0.1272759413116493,0.10179843909060061,52.44722222222222,140,57.82534246575342,37.7627695800227,848,172,0,184,26539,5.516854868952873,3.126388888888889,,
reactive-overhear-ring,1600,7,3177,1192,2338,839,0.26408561536040287,0.5098374679213002,0.37519672647151403,0.6973675783001345,0.12613756613756613,0.13513513513513514,55.65436241610738,135,62.02026221692491,26.089023954236684,909,237,0,951,20734,5.265399318111375,3.041946308724832,,
reactive-overhear-ring,2000,7,3968,1797,2971,997,0.2512600806451613,0.6048468529114777,0.45287298387096775,0.6231446844455171,0.14385206532180594,0.15308730320997752,55.23149693934335,140,60.44194419441944,21.006569942513003,941,233,0,1500,18995,4.884161116572742,2.98330550918197,,
reactive-overhear-ring,3000,7,5958,2983,4523,1435,0.24085263511245383,0.6595180190139288,0.5006713662302786,0.5418205837023264,0.1592717176571093,0.16452303212142605,49.710693932282936,135,54.88126491646778,16.73222579492676,1306,234,0,3640,18202,4.731696262723828,2.8052296345960444,,
reactive-overhear-ring,100,8,200,11,127,73,0.365,0.08661417322834646,0.055,0.9962197020235712,0.6470588235294118,0.015260821309655937,16.454545454545453,95,19.363636363636363,8.166666666666666,116,0,0,0,4480,1.2663934426229508,0.5454545454545454,,
reactive-overhear-ring,200,8,400,20,249,151,0.3775,0.08032128514056225,0.05,0.9959514170040485,0.5555555555555556,0.017593244194229415,18.45,45,22.3,21.76923076923077,229,0,0,0,8856,1.4720357941834452,0.85,,
reactive-overhear-ring,400,8,795,114,514,281,0.3534591194968553,0.22178988326848248,0.14339622641509434,0.9737893462469733,0.2632794457274827,0.047076313181367686,44.3421052631579,135,49.523809523809526,30.04310344827586,399,1,0,0,16082,2.694102672889266,2.4210526315789473,,
reactive-overhear-ring,600,8,1194,215,792,402,0.33668341708542715,0.27146464646464646,0.1800670016750419,0.9486112916504181,0.1812816188870152,0.07452856350526899,45.70232558139535,130,53.08762886597938,36.80060422960725,552,25,0,9,21855,3.9510715729882735,2.781395348837209,,
reactive-overhear-ring,800,8,1588,470,1107,481,0.30289672544080604,0.4245709123757904,0.2959697732997481,0.8952340719689696,0.17228739002932553,0.12216677063838637,48.89148936170213,135,56.03233830845771,36.513888888888886,601,36,0,12,23274,4.329903147699758,3.0042553191489363,,
reactive-overhear-ring,1200,8,2381,793,1679,702,0.29483410331793364,0.4723049434187016,0.3330533389332213,0.7671739286483382,0.12224448897795591,0.18521113602391628,50.65069356872635,135,57.410122164048865,32.705607476635514,723,163,0,327,20930,5.221844238563984,3.112232030264817,,
reactive-overhear-ring,1600,8,3176,1448,2403,773,0.24338790931989923,0.6025801081980857,0.45591939546599497,0.65747647263855,0.14734914012414776,0.1816721870922413,51.22513812154696,135,57.67946058091286,24.788077188146104,754,201,0,738,18035,4.86728636597889,3.0179558011049723,,
reactive-overhear-ring,2000,8,3965,1879,3031,934,0.23556116015132408,0.6199274166941603,0.4738965952080706,0.6246151031980732,0.1526029399821327,0.19211107475871092,48.47046301224055,135,58.09000825763832,20.739275766016714,895,257,0,1084,19313,4.796983597442313,2.926024481106972,,
reactive-overhear-ring,3000,8,5941,2909,4468,1473,0.24793805756606632,0.6510743061772605,0.4896482073724962,0.5566767007826611,0.15802053343473302,0.17701538311751536,47.87624613269165,135,56.54888613861386,17.233458848843465,1313,246,0,3208,19621,4.781402775885816,2.794774836713647,,
reactive-overhear-ring,100,9,198,6,129,69,0.3484848484848485,0.046511627906976744,0.030303030303030304,0.998280309544282,0.75,0.009375,8.5,20,10.166666666666666,10.5,123,0,0,0,4644,1.1284916201117319,0.3333333333333333,,
reactive-overhear-ring,200,9,398,23,259,139,0.3492462311557789,0.0888030888030888,0.05778894472361809,0.9954761116628048,0.5609756097560976,0.021170839469808543,15.956521739130435,45,20.391304347826086,17.5,236,0,0,0,9022,1.569468267581475,0.8260869565217391,,
reactive-overhear-ring,400,9,792,179,553,239,0.30176767676767674,0.32368896925858953,0.22601010101010102,0.9542441180293774,0.25426136363636365,0.045376191441898195,40.49162011173184,125,44.75301204819277,32.202127659574465,372,2,0,0,14682,2.8015552995391704,2.474860335195531,,
reactive-overhear-ring,600,9,1184,337,828,356,0.30067567567567566,0.40700483091787437,0.2846283783783784,0.9176669821188425,0.20387174833635813,0.05899033748774682,46.02373887240356,125,52.33444816053512,27.387024608501118,482,9,0,78,18321,3.506865120572286,2.6439169139465877,,
reactive-overhear-ring,800,9,1579,561,1194,385,0.24382520582647246,0.46984924623115576,0.3552881570614313,0.845953463729083,0.16079105760963028,0.08870967741935486,45.46880570409982,125,51.296052631578945,33.4806517311609,529,104,0,25,19072,4.642439644218552,2.89126559714795,,
reactive-overhear-ring,1200,9,2375,963,1801,574,0.24168421052631578,0.5347029428095502,0.4054736842105263,0.7539603042107216,0.14520506634499397,0.11741611392898949,50.83904465212876,135,55.63274336283186,29.959979476654695,644,194,0,279,19956,4.834051724137931,3.0446521287642785,,
reactive-overhear-ring,1600,9,3173,1383,2439,734,0.23132682004412228,0.5670356703567035,0.4358651118815002,0.674061773497177,0.14092113307519868,0.1375188926895235,52.297180043383946,135,57.43977900552486,25.53157894736842,772,284,0,746,19428,4.986288048234951,3.015184381778742,,
reactive-overhear-ring,2000,9,3957,1918,3038,919,0.2322466515036644,0.631336405529954,0.4847106393732626,0.6286788301091042,0.15786008230452675,0.13167289103690683,48.38269030239833,135,55.81373322809787,22.077691453940066,901,219,0,1312,19176,4.713022475679303,2.818039624608968,,
reactive-overhear-ring,3000,9,5948,3050,4545,1403,0.23587760591795562,0.671067106710671,0.5127774041694687,0.5393461272133742,0.16374080635636443,0.14009848234299782,49.12459016393443,130,56.00917431192661,16.86503623188406,1213,282,0,3282,18329,4.747117893110635,2.7701639344262294,,
reactive-overhear-ring,100,10,200,0,130,70,0.35,0,0,1,0,0,0,0,0,0,130,0,0,0,4861,0,0,,
reactive-overhear-ring,200,10,400,8,256,144,0.36,0.03125,0.02,0.9987345776652958,0.6666666666666666,0.012499999999999999,9.125,15,11.875,9.25,248,0,0,0,9471,1.3745019920318724,0.5,,
reactive-overhear-ring,400,10,798,47,513,285,0.35714285714285715,0.09161793372319688,0.05889724310776942,0.9910499890853526,0.2865853658536585,0.04895833333333333,34.851063829787236,95,39.61363636363637,24.108695652173914,466,0,0,0,18160,2.601336302895323,2.1914893617021276,,
reactive-overhear-ring,600,10,1194,186,800,394,0.32998324958123953,0.2325,0.15577889447236182,0.9639909669472387,0.2120866590649943,0.06850324101355335,40.064516129032256,125,43.717791411042946,37.325259515570934,604,10,0,0,23453,3.4016373705754877,2.403225806451613,,
reactive-overhear-ring,800,10,1588,404,1115,473,0.2978589420654912,0.36233183856502243,0.25440806045340053,0.9128751917037903,0.16932103939647947,0.11961155850307913,47.87623762376238,130,56.48874598070739,36.00136239782017,651,60,0,38,24890,4.401047844998023,2.987623762376238,,
reactive-overhear-ring,1200,10,2388,962,1814,574,0.2403685092127303,0.5303197353914002,0.4028475711892797,0.7765220687041312,0.14831945729263027,0.16701388888888888,52.108108108108105,130,61.41815235008104,32.62538699690403,679,173,0,184,22288,4.927843655457802,3.1943866943866945,,
reactive-overhear-ring,1600,10,3179,1414,2415,764,0.24032714690154136,0.5855072463768116,0.4447939603648946,0.6729715762273902,0.14896755162241887,0.17296212936686567,50.794908062234796,130,61.78639618138425,23.614926419060968,829,172,0,1257,18162,4.818812293932618,2.9363507779349365,,
reactive-overhear-ring,2000,10,3978,1869,3010,968,0.2433383609854198,0.6209302325581395,0.4698340874811463,0.6362244438440061,0.15424610051993068,0.17518371325734852,49.13215623327983,130,54.67528735632184,21.78892543859649,921,220,0,1333,19686,4.783942937712532,2.9047619047619047,,
reactive-overhear-ring,3000,10,5945,2893,4561,1384,0.23280067283431455,0.6342907257180442,0.48662741799831793,0.5560609668968802,0.15519553672013303,0.21437251763590018,47.46491531282406,135,55.32729624838292,17.341842199214565,1436,232,0,3385,19653,4.850823131480113,2.8057379882474938,,
reactive-overhear-ring,100,11,196,7,122,74,0.37755102040816324,0.05737704918032787,0.03571428571428571,0.9972770592239619,0.5833333333333334,0.010937500000000001,16.714285714285715,45,20.142857142857142,27,115,0,0,0,4395,1.353211009174312,0.7142857142857143,,
reactive-overhear-ring,200,11,396,11,247,149,0.37626262626262624,0.044534412955465584,0.027777777777777776,0.9973515780180976,0.4583333333333333,0.013297872340425532,17.272727272727273,45,21.272727272727273,18.375,236,0,0,0,9025,1.4804804804804805,0.9090909090909091,,
reactive-overhear-ring,400,11,794,25,498,296,0.37279596977329976,0.050200803212851405,0.031486146095717885,0.9965635738831615,0.3968253968253968,0.021287465940054498,22.6,70,29.28,18.666666666666668,473,0,0,0,18250,1.7598684210526316,1.4,,
reactive-overhear-ring,600,11,1193,135,776,417,0.3495389773679799,0.17396907216494845,0.11316010058675607,0.9725222363405337,0.19508670520231214,0.05441792970009675,45.22962962962963,125,53.21705426356589,41.055,637,4,0,1,24460,3.3015638831513723,2.533333333333333,,
reactive-overhear-ring,800,11,1593,422,1122,471,0.295668549905838,0.3761140819964349,0.26490897677338354,0.8981181293087386,0.15435259692757863,0.09339589235127478,56.20616113744076,140,61.866863905325445,42.1319612590799,638,62,0,48,24011,4.649935052885508,3.0781990521327014,,
reactive-overhear-ring,1200,11,2389,744,1671,718,0.3005441607367099,0.4452423698384201,0.3114273754709083,0.8093048855505552,0.12631578947368421,0.10844216417910447,53.079301075268816,140,59.154562383612664,35.87060097455333,752,175,0,256,24628,5.039425416071359,3.0631720430107525,,
reactive-overhear-ring,1600,11,3179,1217,2264,915,0.28782636049072036,0.5375441696113075,0.38282478766907835,0.7007408349496042,0.12930301742456438,0.1288867237143099,56.224322103533275,140,60.73955773955774,26.05331358756016,795,252,0,749,21146,5.190358227602697,3.0928512736236646,,
reactive-overhear-ring,2000,11,3973,1881,3031,942,0.23710042788824565,0.6205872649290664,0.4734457588723886,0.6331101570240489,0.1539279869067103,0.15778083478727686,49.77511961722488,130,56.3006416131989,21.987211565193217,892,258,0,964,19976,4.981005039193729,2.9861775651249336,,
reactive-overhear-ring,3000,11,5951,2765,4483,1468,0.24668123004537051,0.6167744813740799,0.46462779364812634,0.5702527075812274,0.15484991039426524,0.16364820075757577,47.929475587703436,130,53.56276445698166,17.413280116110304,1465,253,0,3840,19534,4.869177972132314,2.7106690777576854,,
reactive-overhear-ring,100,12,198,4,124,74,0.37373737373737376,0.03225806451612903,0.020202020202020204,0.9987450324199958,0.6666666666666666,0.012499999999999999,8.75,15,11.5,9,120,0,0,0,4775,1.2254901960784315,0.5,,
reactive-overhear-ring,200,12,395,10,247,148,0.37468354430379747,0.04048582995951417,0.02531645569620253,0.9982721382289417,0.625,0.014518002322880372,9,20,12.3,8.666666666666666,237,0,0,0,9244,1.284518828451883,0.6,,
reactive-overhear-ring,400,12,792,24,503,289,0.3648989898989899,0.04771371769383698,0.030303030303030304,0.9969405828994686,0.42105263157894735,0.026019080659150044,17.875,45,23.458333333333332,14.714285714285714,479,0,0,0,18568,1.8527508090614886,1.25,,
reactive-overhear-ring,600,12,1188,201,787,401,0.33754208754208753,0.2554002541296061,0.1691919191919192,0.9361831266799618,0.13654891304347827,0.07737911918694179,54.15422885572139,135,57.25153374233129,40.78095238095238,562,24,0,25,21502,4.718424101969872,3.2139303482587063,,
reactive-overhear-ring,800,12,1589,297,1074,515,0.3241032095657646,0.276536312849162,0.1869100062932662,0.8935960591133005,0.10185185185185185,0.10570899772209569,64.07407407407408,140,65.37668161434978,43.77676537585421,683,94,0,82,24387,6.109376534118802,3.34006734006734,,
reactive-overhear-ring,1200,12,2381,768,1779,602,0.252834943301134,0.4317032040472175,0.32255354892902144,0.7760610013043042,0.11469534050179211,0.14302741358760426,59.946614583333336,140,63.23506743737958,32.284536082474226,752,259,0,519,22603,5.7134350576851505,3.1458333333333335,,
reactive-overhear-ring,1600,12,3182,1166,2331,851,0.26744186046511625,0.5002145002145002,0.366436203645506,0.713688293584654,0.12341236240474174,0.16961480274642152,58.417667238421956,135,64.85298398835516,27.315279770444764,868,297,0,927,22537,5.512458612785466,3.1037735849056602,,
reactive-overhear-ring,2000,12,3968,1582,2919,1049,0.2643649193548387,0.5419664268585132,0.39868951612903225,0.651984126984127,0.12884834663625996,0.16408065051443746,52.97597977243995,135,62.32897384305835,23.128658199889564,1068,269,0,1428,21430,5.283605776860815,2.9917825537294562,,
reactive-overhear-ring,3000,12,5942,2660,4363,1579,0.2657354426119152,0.6096722438688975,0.4476607202961966,0.5604070912672356,0.14189693801344286,0.18601398601398603,53.01954887218045,135,60.74808094905792,17.93365522174535,1418,285,0,4114,19485,5.006015828720436,2.8533834586466167,,
reactive-overhear-ring,100,13,197,15,127,70,0.3553299492385787,0.11811023622047244,0.07614213197969544,0.9947368421052631,0.6521739130434783,0.021234428086070213,8,20,11.933333333333334,7.2,112,0,0,0,4347,1.5065274151436032,0.6666666666666666,,
reactive-overhear-ring,200,13,395,36,252,143,0.3620253164556962,0.14285714285714285,0.09113924050632911,0.9904024051803886,0.43373493975903615,0.02096924510717614,20.333333333333332,95,24.666666666666668,26.178571428571427,216,0,0,0,8555,1.6781609195402298,1.1388888888888888,,
reactive-overhear-ring,400,13,791,132,530,261,0.3299620733249052,0.2490566037735849,0.16687737041719342,0.9787273514315751,0.38372093023255816,0.038869257950530034,25.643939393939394,95,32.24031007751938,23.789915966386555,398,0,0,0,15818,2.0469029717150016,1.553030303030303,,
reactive-overhear-ring,600,13,1188,257,813,375,0.31565656565656564,0.3161131611316113,0.21632996632996632,0.9406741164713364,0.19678407350689128,0.06263404172353286,44.63813229571984,125,51.18884120171674,31.453125,538,18,0,4,20670,3.4785363535561538,2.6186770428015564,,
reactive-overhear-ring,800,13,1588,477,1141,447,0.28148614609571787,0.4180543382997371,0.30037783375314864,0.8982435597189695,0.18296892980437285,0.08615084525357607,48.61425576519916,130,51.63451776649746,32.785353535353536,610,54,0,79,22866,4.000240096038415,2.660377358490566,,
reactive-overhear-ring,1200,13,2382,946,1784,598,0.2510495382031906,0.5302690582959642,0.3971452560873216,0.7466413605745972,0.1389541715628672,0.13422247446083999,54.694503171247355,135,61.876577840112205,29.834857723577237,669,169,0,362,19640,5.09100395256917,3.007399577167019,,
reactive-overhear-ring,1600,13,3176,1281,2358,818,0.2575566750629723,0.5432569974554707,0.4033375314861461,0.6861275302975267,0.13477117306680694,0.1449619771863118,51.86494925839188,135,56.961442786069654,26.916376306620208,820,257,0,1064,19597,5.099540457922546,2.9336455893832944,,
reactive-overhear-ring,2000,13,3970,1682,2971,999,0.25163727959697735,0.5661393470212049,0.42367758186397986,0.653174487868662,0.14091823056300268,0.15099827635736857,48.31807372175981,135,53.47467166979362,23.81505908216543,1020,269,0,1133,21249,4.992470281326891,2.8275862068965516,,
reactive-overhear-ring,3000,13,5948,2942,4555,1393,0.23419636852723605,0.6458836443468716,0.49462004034969737,0.541803199691596,0.15470368617552716,0.18664670354768312,50.241332426920465,135,55.05864197530864,17.088709677419356,1293,320,0,3076,19199,4.897994861738192,2.8263086335825967,,
reactive-overhear-ring,100,14,196,8,128,68,0.3469387755102041,0.0625,0.04081632653061224,0.9974527701125027,0.6666666666666666,0.010266940451745381,9.375,25,11.875,10.75,120,0,0,0,4691,1.2966666666666666,0.5,,
reactive-overhear-ring,200,14,394,22,255,139,0.35279187817258884,0.08627450980392157,0.05583756345177665,0.9951311275865885,0.5,0.02133436772692009,14.818181818181818,40,20.181818181818183,13.9375,233,0,0,0,8993,1.6424870466321244,1.0454545454545454,,
reactive-overhear-ring,400,14,787,133,525,262,0.33290978398983484,0.25333333333333335,0.16899618805590852,0.9625642280401272,0.2173202614379085,0.059375000000000004,41.96992481203007,125,50.8,32,392,0,0,0,15736,3.247687564234327,2.81203007518797,,
reactive-overhear-ring,600,14,1187,306,829,358,0.3016006739679865,0.3691194209891435,0.2577927548441449,0.9310627821091506,0.20238095238095238,0.095625,46.052287581699346,130,52.372,29.62682926829268,514,9,0,26,20382,3.5061288483466364,2.954248366013072,,
reactive-overhear-ring,800,14,1586,640,1175,411,0.25914249684741486,0.5446808510638298,0.403530895334174,0.8512896350745944,0.18718923661889442,0.12279355333844973,50.3984375,130,57.99152542372882,30.901273885350317,485,50,0,13,19522,4.004139834406624,3.1125,,
reactive-overhear-ring,1200,14,2378,1010,1821,557,0.23423044575273338,0.5546403075233388,0.4247266610597141,0.7687867566978872,0.15858062490186842,0.12971334634747764,49.76534653465347,135,57.3041095890411,28.99366754617414,660,151,0,248,20839,4.7331536388140165,2.9316831683168316,,
reactive-overhear-ring,1600,14,3170,1319,2366,804,0.25362776025236594,0.5574809805579036,0.4160883280757098,0.6846642165051787,0.13975418520873067,0.1417304220751311,50.29416224412434,135,57.704772475027745,25.394671403197158,819,228,0,739,19648,5.013928620750883,2.902956785443518,,
reactive-overhear-ring,2000,14,3962,1757,2969,993,0.25063099444724884,0.5917817446951835,0.44346289752650175,0.6395657490530585,0.14538684319404221,0.1801829518418246,50.40751280591918,135,57.056022408963585,22.422265408106608,957,255,0,1199,20116,5.02338435982988,2.92942515651679,,
reactive-overhear-ring,3000,14,5939,2835,4479,1460,0.2458326317561879,0.6329537843268587,0.4773530897457484,0.5560255250482873,0.15612093176937056,0.1521379813677929,46.65185185185185,130,55.15863331299573,17.327868852459016,1351,293,0,3249,19259,4.7701092842374715,2.7365079365079366,,
reactive-overhear-ring,100,15,200,1,116,84,0.42,0.008620689655172414,0.005,0.9997865528281751,1,0.04807692307692307,127,130,127,0,115,0,0,0,4684,1,0,,
reactive-overhear-ring,200,15,397,12,244,153,0.3853904282115869,0.04918032786885246,0.030226700251889168,0.9982436882546653,0.75,0.013333333333333332,15,55,17.636363636363637,14.166666666666666,232,0,0,0,9094,1.2202797202797202,0.5,,
reactive-overhear-ring,400,15,796,83,515,281,0.3530150753768844,0.16116504854368932,0.10427135678391959,0.985697606538237,0.33877551020408164,0.045624450307827615,25.59036144578313,75,31.425,21.28205128205128,431,1,0,0,16872,2.323139065204847,1.783132530120482,,
reactive-overhear-ring,600,15,1189,234,794,395,0.3322119428090833,0.2947103274559194,0.1968040370058873,0.9509226037929267,0.20365535248041775,0.09022208513263417,46.085470085470085,130,51.76237623762376,34.84444444444444,554,6,0,0,22250,3.6653969526864474,3.02991452991453,,
reactive-overhear-ring,800,15,1585,395,1095,490,0.30914826498422715,0.3607305936073059,0.24921135646687698,0.9126767640513962,0.16235100698725852,0.1034464697255395,46.47594936708861,130,53.2991452991453,39.1158038147139,660,40,0,7,25385,4.220875763747454,3.0025316455696203,,
reactive-overhear-ring,1200,15,2386,826,1744,642,0.26906957250628666,0.4736238532110092,0.3461860854987427,0.7865069698200027,0.13090332805071314,0.12531860662701783,55.549636803874094,135,63.01567944250871,30.795331161780673,752,166,0,443,22734,5.155636186023794,3.095641646489104,,
reactive-overhear-ring,1600,15,3174,1118,2279,895,0.2819785759294266,0.49056603773584906,0.352236925015753,0.7117922782780313,0.11962336828589772,0.1386683865846398,54.82468694096601,140,60.250374812593705,27.001443001443,935,226,0,866,22014,5.40535241009287,3.006261180679785,,
reactive-overhear-ring,2000,15,3964,1673,2930,1034,0.26084762865792127,0.5709897610921502,0.42204843592330976,0.6540645502956839,0.1422861030787549,0.1489494301994302,53.89181111775254,140,60.00498504486541,21.409336749217193,1017,240,0,1947,20155,4.921474129794354,2.896592946802152,,
reactive-overhear-ring,3000,15,5953,2612,4416,1537,0.2581891483285738,0.5914855072463768,0.4387703678817403,0.5793559584398527,0.14563702258154446,0.1477308719062486,46.58843797856049,130,55.865861837692826,18.197687025659558,1524,280,0,3809,20713,4.978822980642152,2.6979326186830015,,
reactive-overhear-ring,100,16,199,4,124,75,0.3768844221105528,0.03225806451612903,0.020100502512562814,0.998701579744644,0.6666666666666666,0.012499999999999999,8.75,20,11.75,10,120,0,0,0,4615,1.2156862745098038,0.5,,
reactive-overhear-ring,200,16,397,4,251,146,0.3677581863979849,0.01593625498007968,0.010075566750629723,0.9993591797500802,0.6666666666666666,0.017421602787456445,8,15,10.75,10.5,247,0,0,0,9357,1.2417582417582418,0.5,,
reactive-overhear-ring,400,16,796,23,516,280,0.35175879396984927,0.044573643410852716,0.028894472361809045,0.9969305331179321,0.40350877192982454,0.023958333333333335,25.08695652173913,90,32.69565217391305,23.294117647058822,493,0,0,0,18513,1.9004237288135593,1.565217391304348,,
reactive-overhear-ring,600,16,1191,56,781,410,0.34424853064651556,0.07170294494238157,0.047019311502938706,0.9898914820871116,0.20588235294117646,0.039863325740318915,27.696428571428573,95,34.333333333333336,31.269662921348313,724,1,0,7,26618,2.9941329856584096,1.9821428571428572,,
reactive-overhear-ring,800,16,1590,380,1127,463,0.2911949685534591,0.33717834960070986,0.2389937106918239,0.888381494235664,0.12743125419181758,0.13728323699421965,60.51052631578948,140,61.26865671641791,40.16780045351474,681,66,0,70,23634,5.295712484237074,3.2447368421052634,,
reactive-overhear-ring,1200,16,2382,947,1772,610,0.25608732157850544,0.5344243792325056,0.3975650713685978,0.7398367979913598,0.13440249787113256,0.14796875,59.537486800422386,140,65.21294964028777,29.388206388206388,663,162,0,603,19340,4.9564649807219405,3.1098204857444562,,
reactive-overhear-ring,1600,16,3176,1350,2375,801,0.25220403022670024,0.5684210526315789,0.4250629722921914,0.6708274750522959,0.14063964996353787,0.15187651876518765,54.617777777777775,135,62.40112994350282,24.003507541213608,816,209,0,1093,18360,4.871512895706444,2.988888888888889,,
reactive-overhear-ring,2000,16,3968,1765,2980,988,0.24899193548387097,0.5922818791946308,0.4448084677419355,0.639199880579191,0.14604882085229623,0.17413180741910023,53.0028328611898,140,58.56546489563567,21.79435925520263,973,242,0,1774,19505,4.812383439015293,2.8827195467422095,,
reactive-overhear-ring,3000,16,5953,3079,4611,1342,0.2254325550142785,0.6677510301453047,0.5172182093062322,0.5309111707947876,0.1632296029263638,0.16945141548892703,47.74537187398506,135,54.73281990521327,16.51367673179396,1253,279,0,2957,18121,4.694249381792033,2.7586878856771677,,
reactive-overhear-ring,100,17,199,4,126,73,0.36683417085427134,0.031746031746031744,0.020100502512562814,0.9991463935125907,1,0.0062499999999999995,4.75,10,4.75,0,122,0,0,0,4682,1,0,,
reactive-overhear-ring,200,17,397,13,252,145,0.36523929471032746,0.051587301587301584,0.0327455919395466,0.998171256454389,0.7647058823529411,0.008125,9.076923076923077,50,10.384615384615385,16,239,0,0,0,9279,1.1055045871559632,0.3076923076923077,,
reactive-overhear-ring,400,17,794,46,507,287,0.3614609571788413,0.09072978303747535,0.05793450881612091,0.9912557418783552,0.2911392405063291,0.022364838584208478,22.043478260869566,80,29.044444444444444,23.152173913043477,461,0,0,0,17907,2.409330985915493,1.8478260869565217,,
reactive-overhear-ring,600,17,1191,174,787,404,0.33921074727120065,0.22109275730622618,0.14609571788413098,0.9635179153094463,0.19419642857142858,0.043569711538461536,45.270114942528735,135,48.422818791946305,39.35820895522388,602,11,0,0,23657,3.5396590066716085,2.528735632183908,,
reactive-overhear-ring,800,17,1590,390,1123,467,0.29371069182389936,0.3472840605520926,0.24528301886792453,0.9161567364465915,0.16645326504481434,0.0876325723530469,48.27948717948718,130,54.86687306501548,37.509116409537164,686,47,0,23,25554,4.421026846952773,2.8512820512820514,,
reactive-overhear-ring,1200,17,2388,850,1759,629,0.26340033500837523,0.4832291074474133,0.3559463986599665,0.7801054384017758,0.13406940063091483,0.13334588353413654,52.9,140,56.71078431372549,33.64336372847011,722,187,0,233,22216,5.054376517791152,3.0647058823529414,,
reactive-overhear-ring,1600,17,3182,1388,2354,828,0.26021370207416716,0.5896346644010195,0.43620364550597107,0.6690930621342992,0.1460898852752342,0.15160782943026915,51.14121037463977,130,57.127882599580715,24.28970640254687,735,231,0,828,18256,4.774879413467104,2.865273775216138,,
reactive-overhear-ring,2000,17,3970,1813,2984,986,0.24836272040302268,0.607573726541555,0.4566750629722922,0.6178961580950043,0.145599100546097,0.182909604519774,50.958080529509104,135,55.894686907020876,21.228022721125235,943,228,0,1681,18320,4.889098656885484,2.8747931605074464,,
reactive-overhear-ring,3000,17,5958,2888,4494,1464,0.2457200402819738,0.6426346239430352,0.4847264182611615,0.5444082197194231,0.15656510896671366,0.1917560820142356,49.78601108033241,135,57.22250803858521,16.45640107430618,1397,209,0,4149,17592,4.827611675726779,2.773891966759003,,
reactive-overhear-ring,100,18,198,4,122,76,0.3838383838383838,0.03278688524590164,0.020202020202020204,0.9991226146084667,1,0.008012820512820514,21.25,70,21.25,0,118,0,0,0,4555,1,0,,
reactive-overhear-ring,200,18,397,2,239,158,0.3979848866498741,0.008368200836820083,0.005037783375314861,0.9997865528281751,1,0.0062499999999999995,5,10,5,0,237,0,0,0,9368,1,0,,
reactive-overhear-ring,400,18,794,21,503,291,0.36649874055415615,0.041749502982107355,0.02644836272040302,0.9953376205787782,0.2413793103448276,0.046378091872791516,66,145,74.42105263157895,37.391304347826086,482,0,0,0,18573,3.249448123620309,2.5238095238095237,,
reactive-overhear-ring,600,18,1195,36,752,443,0.3707112970711297,0.047872340425531915,0.0301255230125523,0.9968279143536876,0.4090909090909091,0.04046762589928058,27.916666666666668,110,30.685714285714287,19.033333333333335,716,0,0,0,27640,1.9986702127659575,1.3888888888888888,,
reactive-overhear-ring,800,18,1593,287,1105,488,0.30634023854362835,0.25972850678733034,0.18016321406151914,0.9222388527272094,0.12846911369740377,0.09050201816347124,52.749128919860624,135,58.726190476190474,42.344146685472495,750,68,0,168,26273,5.211459603236174,2.7282229965156795,,
reactive-overhear-ring,1200,18,2387,801,1754,633,0.26518642647674906,0.4566704675028506,0.3355676581483033,0.7714019851116625,0.12075983717774763,0.12361111111111112,59.274656679151065,140,62.81174438687392,33.66887417218543,762,191,0,388,21904,5.442654061141398,3.024968789013733,,
reactive-overhear-ring,1600,18,3184,1216,2350,834,0.2619346733668342,0.5174468085106383,0.38190954773869346,0.6768926925608953,0.12387938060309699,0.13677674795284803,53.3889802631579,140,55.925153374233126,26.11142061281337,899,235,0,927,19522,5.263352723426759,3.0616776315789473,,
reactive-overhear-ring,2000,18,3973,1626,2898,1075,0.2705763906367984,0.5610766045548654,0.4092625220236597,0.6479740126517353,0.131617289946576,0.17576098235904533,53.61254612546126,140,59.862385321100916,23.03592152528323,997,275,0,1521,21017,5.073559454642925,2.9686346863468636,,
reactive-overhear-ring,3000,18,5961,2650,4456,1505,0.2524744170441201,0.5947037701974865,0.4445562825029358,0.5610208054793235,0.14159764894469676,0.18980632592253036,52.810188679245286,140,58.17210270645385,17.349200646667864,1556,250,0,4291,19367,5.0401173191649455,2.869056603773585,,
reactive-overhear-ring,100,19,198,8,118,80,0.40404040404040403,0.06779661016949153,0.04040404040404041,0.9969094922737307,0.5714285714285714,0.012499999999999999,14.625,40,14.142857142857142,20.5,110,0,0,0,4516,1.2043010752688172,0.75,,
reactive-overhear-ring,200,19,394,13,244,150,0.38071065989847713,0.05327868852459016,0.03299492385786802,0.9979132344865459,0.6842105263157895,0.01015625,9.23076923076923,35,9,13.8,231,0,0,0,9086,1.1586021505376345,0.46153846153846156,,
reactive-overhear-ring,400,19,794,19,487,307,0.3866498740554156,0.039014373716632446,0.02392947103274559,0.9983647661615611,0.6333333333333333,0.015224358974358974,8.421052631578947,15,11.210526315789474,8,468,0,0,0,18316,1.3973634651600753,0.5789473684210527,,
reactive-overhear-ring,600,19,1189,154,788,401,0.33725820016820857,0.19543147208121828,0.1295206055508831,0.9752679634775705,0.24719101123595505,0.0659698423577793,44.66883116883117,125,54.42748091603053,29.956521739130434,630,4,0,0,24565,3.2074255906719853,2.7142857142857144,,
reactive-overhear-ring,800,19,1588,271,1065,523,0.32934508816120905,0.2544600938967136,0.17065491183879095,0.9422304905512582,0.15310734463276837,0.08403621930042172,48.77121771217712,140,52.90869565217391,42.18691588785047,771,23,0,2,28842,4.446061760304721,2.933579335793358,,
reactive-overhear-ring,1200,19,2378,703,1752,626,0.26324642556770395,0.4012557077625571,0.2956265769554247,0.775651822407869,0.10555555555555556,0.12578728886344118,60.15931721194879,140,64.25092936802974,34.35993820803296,784,265,0,300,22692,5.865694969467868,3.2147937411095304,,
reactive-overhear-ring,1600,19,3172,1309,2370,802,0.25283732660781844,0.5523206751054852,0.4126733921815889,0.6842242248755571,0.1348650319390068,0.15087597971415398,53.77769289533995,140,59.83140877598152,26.78847505270555,836,225,0,872,20054,5.251428224140026,3.061115355233002,,
reactive-overhear-ring,2000,19,3966,1771,2979,987,0.24886535552193645,0.5944947969117154,0.44654563792233987,0.6371732593106638,0.14113802996493466,0.16228648926031816,52.55787690570299,135,59.531220876048465,23.253054575074668,977,231,0,1217,20690,5.020119826021833,3.059853190287973,,
reactive-overhear-ring,3000,19,5948,2803,4488,1460,0.24546065904505715,0.624554367201426,0.4712508406186954,0.5572001305300452,0.14754961309680475,0.17697494696433985,49.814841241526935,135,56.70448179271709,17.80632481686618,1379,306,0,2994,20670,4.967879434890009,2.881555476275419,,
reactive-overhear-ring,100,20,198,5,124,74,0.37373737373737376,0.04032258064516129,0.025252525252525252,0.9989035087719298,1,0.005208333333333334,5,10,5,0,119,0,0,0,4555,1,0,,
reactive-overhear-ring,200,20,398,29,256,142,0.35678391959798994,0.11328125,0.0728643216080402,0.9933423606409388,0.4915254237288136,0.01294642857142857,15.172413793103448,45,19.035714285714285,16.8125,227,0,0,0,8803,1.4136191677175283,1.0689655172413792,,
reactive-overhear-ring,400,20,794,100,529,265,0.3337531486146096,0.1890359168241966,0.12594458438287154,0.9845999527967901,0.3831417624521073,0.03125,25.49,105,31.91919191919192,19.727272727272727,429,0,0,0,16679,2.127385707944962,1.52,,
reactive-overhear-ring,600,20,1192,186,808,384,0.3221476510067114,0.2301980198019802,0.15604026845637584,0.9757361507251034,0.3079470198675497,0.0484375,37.145161290322584,105,43.90449438202247,25.037037037037038,621,1,0,1,24272,2.6331346249379037,2.075268817204301,,
reactive-overhear-ring,800,20,1590,333,1120,470,0.29559748427672955,0.29732142857142857,0.20943396226415095,0.944803679754683,0.20108695652173914,0.06110540223135643,35.909909909909906,115,44.45454545454545,31.063366336633663,763,24,0,65,28246,3.5866908103214126,2.3423423423423424,,
reactive-overhear-ring,1200,20,2379,781,1748,631,0.26523749474569147,0.44679633867276886,0.32828919714165616,0.791386682956628,0.12705384740523834,0.1159166468772263,52.436619718309856,135,57.118811881188115,34.36145833333333,766,201,0,337,22870,5.223676256178656,2.8796414852752883,,
reactive-overhear-ring,1600,20,3173,1325,2365,808,0.2546485975417586,0.5602536997885835,0.4175858808698393,0.6804488877118644,0.13726302703822646,0.14848933118163887,52.53584905660377,135,59.25757575757576,25.65561044460127,829,211,0,936,19483,5.048665839900788,2.9871698113207548,,
reactive-overhear-ring,2000,20,3975,1820,3063,912,0.22943396226415094,0.5941887038850799,0.4578616352201258,0.6278820375335121,0.1456932436759526,0.19386450788240306,52.36868131868132,135,58.94959495949595,22.57204767063922,1005,238,0,1650,19203,4.96156267966162,3.003846153846154,,
reactive-overhear-ring,3000,20,5958,2893,4571,1387,0.23279624034911045,0.6329030846641873,0.4855656260490097,0.5416527665252824,0.1504029113595009,0.189144306710602,50.27030763912893,135,55.749068322981365,17.02069211559044,1454,224,0,3612,18852,4.892269977284483,2.846180435534048,,
reactive-overhear-ring,100,21,199,4,133,66,0.3316582914572864,0.03007518796992481,0.020100502512562814,0.9991706406800747,1,0.0062499999999999995,5,10,5,0,129,0,0,0,4819,1,0,,
reactive-overhear-ring,200,21,398,6,261,137,0.3442211055276382,0.022988505747126436,0.01507537688442211,0.9991714995857498,0.75,0.009375,7.166666666666667,15,8.666666666666666,8.5,255,0,0,0,9648,1.125,0.3333333333333333,,
reactive-overhear-ring,400,21,797,126,553,244,0.30614805520702637,0.22784810126582278,0.15809284818067754,0.9733552438523387,0.2775330396475771,0.04132773550249279,33.46031746031746,100,39.20175438596491,24.831932773109244,427,0,0,0,16582,2.5957847196085813,2.4365079365079363,,
reactive-overhear-ring,600,21,1198,231,829,369,0.3080133555926544,0.27864897466827504,0.19282136894824708,0.9411815437688659,0.1693548387096774,0.05215859826589596,50.731601731601735,130,58.74090909090909,38.29896907216495,581,17,0,13,21773,3.841982312698148,2.6926406926406927,,
reactive-overhear-ring,800,21,1595,493,1178,417,0.26144200626959246,0.41850594227504245,0.3090909090909091,0.8736699029126214,0.15155241315708576,0.10535989057958624,53.98985801217039,140,60.345549738219894,35.656216216216215,604,81,0,41,22408,4.6832031848109015,3.2454361054766734,,
reactive-overhear-ring,1200,21,2383,900,1786,597,0.25052454888795633,0.503919372900336,0.3776751993285774,0.7683319220999153,0.13157894736842105,0.1538356351702448,57.64111111111111,135,64.73666666666666,32.67484662576687,736,150,0,339,22215,5.061578608465788,3.198888888888889,,
reactive-overhear-ring,1600,21,3173,1247,2413,760,0.23952095808383234,0.5167840861997514,0.39300346675070913,0.7024086074092187,0.12808134757600656,0.15439282884310618,51.230954290296715,135,59.96535244922342,28.17970703822794,881,285,0,701,22165,5.32446278934705,3.0689655172413794,,
reactive-overhear-ring,2000,21,3963,1937,3050,913,0.23038102447640676,0.6350819672131147,0.4887711329800656,0.6207672883263866,0.15539510629763337,0.17516096361137237,49.74186886938565,135,58.147806004618936,21.38272950149823,886,227,0,1384,18900,4.715893280955888,2.921528136293237,,
reactive-overhear-ring,3000,21,5939,2986,4553,1386,0.23337262165347702,0.6558313200087854,0.5027782454958747,0.5384912772435123,0.15633507853403142,0.20032739373121514,50.320830542531816,135,59.11035758323058,16.853658536585368,1323,244,0,3228,18831,4.828897741559248,2.933020763563295,,
reactive-overhear-ring,100,22,198,0,125,73,0.3686868686868687,0,0,1,0,0,0,0,0,0,125,0,0,0,4863,0,0,,
reactive-overhear-ring,200,22,396,8,249,147,0.3712121212121212,0.0321285140562249,0.020202020202020204,0.9987456883035434,0.6666666666666666,0.012499999999999999,9.875,20,12.125,11.5,241,0,0,0,9555,1.2277227722772277,0.5,,
reactive-overhear-ring,400,22,793,40,508,285,0.3593947036569987,0.07874015748031496,0.05044136191677175,0.993886273873289,0.35398230088495575,0.025601638504864313,29.8,95,36.85,27.75,468,0,0,0,18361,2.1237113402061856,1.7,,
reactive-overhear-ring,600,22,1188,100,768,420,0.35353535353535354,0.13020833333333334,0.08417508417508418,0.9760465294252698,0.1597444089456869,0.06297229219143577,46.7,115,55.21348314606742,38.12290502793296,661,7,0,1,25474,4.084946661398656,2.75,,
reactive-overhear-ring,800,22,1581,459,1134,447,0.2827324478178368,0.40476190476190477,0.2903225806451613,0.9084743263666187,0.18485702778896496,0.08898107940446649,49.20043572984749,130,53.29842931937173,34.984848484848484,646,29,0,29,24592,3.9304928844151337,2.784313725490196,,
reactive-overhear-ring,1200,22,2379,984,1812,567,0.23833543505674654,0.543046357615894,0.4136191677175284,0.7489243783271349,0.14289863491141447,0.14429845143125294,51.22764227642276,130,59.72699849170437,30.773948302078054,618,210,0,131,20354,5.064699677140939,3.071138211382114,,
reactive-overhear-ring,1600,22,3170,1529,2470,700,0.22082018927444794,0.6190283400809716,0.48233438485804414,0.6836392342609039,0.15897275940944064,0.15689131505499918,48.44604316546763,130,56.48972972972973,24.69613063542776,719,222,0,337,20290,4.799142215808883,2.985611510791367,,
reactive-overhear-ring,2000,22,3971,1967,3089,882,0.22211029967262655,0.6367756555519586,0.49534122387307983,0.610833512154747,0.1549428909019299,0.14528184826282203,47.30503304524657,130,55.70504201680672,20.64566712517194,859,263,0,1061,18719,4.888412981690792,2.9389933909506865,,
reactive-overhear-ring,3000,22,5951,3037,4564,1387,0.23307007225676357,0.6654250657318141,0.5103343975802386,0.5469216829112994,0.1641532890114048,0.1539249077565584,47.06717155087257,130,52.50210970464135,16.917362876861606,1275,252,0,2453,19615,4.681700665137439,2.792887718142904,,
reactive-overhear-ring,100,23,198,8,127,71,0.35858585858585856,0.06299212598425197,0.04040404040404041,0.9973918713323191,0.6666666666666666,0.012499999999999999,8.25,15,10.75,9.5,119,0,0,0,4589,1.244019138755981,0.5,,
reactive-overhear-ring,200,23,399,25,251,148,0.37092731829573933,0.099601593625498,0.06265664160401002,0.9941467807294012,0.4807692307692308,0.01953125,18.96,50,23.92,17.88235294117647,226,0,0,0,8832,1.6690140845070423,1.16,,
reactive-overhear-ring,400,23,794,74,515,279,0.3513853904282116,0.1436893203883495,0.09319899244332494,0.9849589528675584,0.2824427480916031,0.033035714285714286,36.75675675675676,135,37.06349206349206,38.34177215189873,440,1,0,0,17157,2.62753807106599,2.027027027027027,,
reactive-overhear-ring,600,23,1193,237,806,387,0.32439228834870076,0.29404466501240695,0.19865884325230512,0.9299464530689915,0.14971572962728996,0.07965851035224523,48.32067510548523,130,53.93333333333333,41.20681818181818,538,31,0,14,20984,4.838978808610045,2.970464135021097,,
reactive-overhear-ring,800,23,1588,424,1127,461,0.2903022670025189,0.3762200532386868,0.26700251889168763,0.8851503613334369,0.14343707713125844,0.09464285714285715,46.714622641509436,125,54.94230769230769,37.44199535962877,625,78,0,61,22701,4.844654788418708,2.919811320754717,,
reactive-overhear-ring,1200,23,2383,1003,1774,609,0.2555602182123374,0.5653889515219842,0.4208980276961813,0.7269504912348295,0.14152673909976013,0.11914378029079159,50.155533399800596,135,57.765685019206146,29.97996089931574,597,174,0,236,18547,4.914043056246889,3.0418743768693917,,
reactive-overhear-ring,1600,23,3171,1386,2402,769,0.2425102491327657,0.5770191507077436,0.4370860927152318,0.666757280233783,0.14132762312633834,0.1257439396138772,49.598124098124096,135,56.562437562437566,25.061884669479607,782,234,0,652,18820,4.98130466982926,2.9740259740259742,,
reactive-overhear-ring,2000,23,3963,1838,2997,966,0.24375473126419378,0.6132799466132799,0.46379005803684076,0.6239980787127375,0.14674650698602795,0.15169021523834675,50.32698585418934,135,57.45970394736842,22.051980198019802,920,239,0,1068,19569,4.86668980356771,3.001088139281828,,
reactive-overhear-ring,3000,23,5949,2813,4424,1525,0.25634560430324427,0.6358499095840868,0.47285258026559085,0.5448401287817346,0.15188984881209502,0.1829379324696946,51.52826164237469,135,57.52831445702865,16.846375247346646,1305,306,0,3523,18375,4.991854390626887,2.863846427301813,,
reactive-overhear-ring,100,24,198,2,116,82,0.41414141414141414,0.017241379310344827,0.010101010101010102,0.9995688726018539,1,0.0062499999999999995,5,10,5,0,114,0,0,0,4637,1,0,,
reactive-overhear-ring,200,24,397,29,250,147,0.3702770780856423,0.116,0.07304785894206549,0.9928899082568807,0.46774193548387094,0.015104166666666667,14.931034482758621,50,20.892857142857142,14.105263157894736,221,0,0,0,8658,1.7168367346938775,1.1379310344827587,,
reactive-overhear-ring,400,24,790,47,494,296,0.37468354430379747,0.0951417004048583,0.05949367088607595,0.9894682320441989,0.2568306010928962,0.018359374999999997,33.808510638297875,120,35.59090909090909,22.653061224489797,446,1,0,10,17165,2.5529340592861463,1.7872340425531914,,
reactive-overhear-ring,600,24,1187,160,778,409,0.34456613310867734,0.20565552699228792,0.13479359730412804,0.9590519072296322,0.16597510373443983,0.04025764895330113,43.55625,125,48.81884057971015,35.94982078853047,585,33,0,4,22553,4.2274089935760175,2.59375,,
reactive-overhear-ring,800,24,1587,380,1079,508,0.3201008191556396,0.35217794253938833,0.23944549464398235,0.8981474536863422,0.13991163475699558,0.08482142857142858,58.05789473684211,140,61.76160990712074,38.3041237113402,632,67,0,72,23871,4.917743722304284,3.1,,
reactive-overhear-ring,1200,24,2381,1009,1763,618,0.25955480890382193,0.572319909245604,0.4237715245695086,0.7312454198326069,0.14480482204362802,0.11726013387876534,54.03567888999009,135,60.785806451612906,29.9500998003992,583,171,0,261,18651,4.7941888619854724,3.0525272547076314,,
reactive-overhear-ring,1600,24,3171,1393,2341,830,0.2617470829391359,0.5950448526270824,0.4392935982339956,0.6716972051290866,0.14586387434554973,0.12677466326902076,52.46374730796841,135,59.75438596491228,24.269818698897975,748,200,0,925,18484,4.64097339237431,2.8786791098348887,,
reactive-overhear-ring,2000,24,3965,1881,2990,975,0.2459016393442623,0.6290969899665552,0.47440100882723835,0.612423255231174,0.15202456962741454,0.13666085440278986,49.55980861244019,135,54.069053708439895,20.904918933773015,888,221,0,1238,18154,4.785798996083623,2.906964380648591,,
reactive-overhear-ring,3000,24,5945,2879,4481,1464,0.24625735912531538,0.6424905155099309,0.48427249789739274,0.5403395985670119,0.1536860086478407,0.17023415326395458,49.464744703021886,135,56.01994851994852,16.661590827660337,1347,255,0,3499,18269,4.876938049284212,2.814866273011462,,
reactive-overhear-ring,100,25,198,7,129,69,0.3484848484848485,0.05426356589147287,0.03535353535353535,0.9980793854033291,0.7777777777777778,0.008215962441314555,19.571428571428573,95,21,9.5,122,0,0,0,4677,1.0672268907563025,0.2857142857142857,,
reactive-overhear-ring,200,25,397,17,258,139,0.3501259445843829,0.06589147286821706,0.042821158690176324,0.9969804809662461,0.6071428571428571,0.013762953367875648,14.294117647058824,55,15.4375,13.2,241,0,0,0,9245,1.3059360730593608,0.6470588235294118,,
reactive-overhear-ring,400,25,791,87,518,273,0.34513274336283184,0.16795366795366795,0.10998735777496839,0.9796073390206849,0.2492836676217765,0.036456587328193096,33.45977011494253,120,39.325301204819276,24.168316831683168,428,3,0,8,16746,2.6560721062618597,2.2298850574712645,,
reactive-overhear-ring,600,25,1192,292,830,362,0.3036912751677852,0.35180722891566263,0.24496644295302014,0.9217043817666465,0.17329376854599407,0.08187528039479587,49.16438356164384,130,55.7148288973384,35.72989690721649,521,17,0,51,19765,3.985907784922698,2.787671232876712,,
reactive-overhear-ring,800,25,1588,469,1154,434,0.27329974811083124,0.40641247833622185,0.29534005037783373,0.8868104236513258,0.15785930663076406,0.09174491392801253,46.83582089552239,130,52.874692874692876,36.445086705202314,632,53,0,45,23223,4.426968917971489,2.908315565031983,,
reactive-overhear-ring,1200,25,2382,948,1787,595,0.2497900923593619,0.5304980414101846,0.3979848866498741,0.7180282126802047,0.1302913688840022,0.11746629659000794,53.91561181434599,135,58.39223560910308,28.900096525096526,624,215,0,397,18072,4.966149253731343,2.9240506329113924,,
reactive-overhear-ring,1600,25,3173,1463,2404,769,0.2423573904821935,0.6085690515806988,0.46107784431137727,0.6764233087742799,0.1514179258952598,0.13432863229028943,50.07928913192071,135,56.982142857142854,24.942628650904034,727,214,0,682,19335,4.594667328320036,2.8749145591250853,,
reactive-overhear-ring,2000,25,3965,1760,2956,1009,0.2544766708701135,0.5953991880920162,0.44388398486759145,0.6216654429760157,0.1423142233362982,0.14463217408454407,47.62386363636364,130,54.52482876712329,21.126979792463136,944,252,0,1755,18442,4.917693425158721,2.831818181818182,,
reactive-overhear-ring,3000,25,5943,2753,4559,1384,0.23287901733131416,0.6038604957227462,0.46323405687363284,0.5676474762287715,0.1506099896055583,0.15272045444459237,47.79331638212859,135,54.138962765957444,18.022282120395328,1529,277,0,3965,19764,4.929169373970595,2.6825281511078822,,
reactive-overhear-ring,100,26,198,10,128,70,0.35353535353535354,0.078125,0.050505050505050504,0.9969033399690334,0.7142857142857143,0.011436413540713633,16.2,80,18.3,11,118,0,0,0,4502,1.1481481481481481,0.4,,
reactive-overhear-ring,200,26,396,31,257,139,0.351010101010101,0.12062256809338522,0.07828282828282829,0.9915329768270945,0.40789473684210525,0.024218749999999997,36,135,41.935483870967744,42.375,226,0,0,0,8900,1.8873239436619718,1.4193548387096775,,
reactive-overhear-ring,400,26,794,103,527,267,0.336272040302267,0.1954459203036053,0.1297229219143577,0.9802205496236653,0.30383480825958703,0.03576388888888889,33.52427184466019,120,40.765306122448976,32.29896907216495,424,0,0,0,16800,2.422599908130455,2.116504854368932,,
reactive-overhear-ring,600,26,1188,270,818,370,0.3114478114478115,0.33007334963325186,0.22727272727272727,0.9434838940267167,0.2134387351778656,0.056390977443609026,41.84074074074074,125,46.11764705882353,35.248,543,5,0,8,21088,3.492163491087892,2.4074074074074074,,
reactive-overhear-ring,800,26,1589,443,1127,462,0.2907488986784141,0.3930789707187223,0.27879169288860917,0.8796333520945565,0.1479625918503674,0.07262295081967213,45.36794582392776,130,49.036458333333336,34.81363636363636,621,63,0,41,21787,4.407751705525151,2.7426636568848757,,
reactive-overhear-ring,1200,26,2378,895,1750,628,0.2640874684608915,0.5114285714285715,0.37636669470142975,0.7532914422501495,0.13568829593693146,0.09161071077628562,48.8145251396648,135,54.49928876244666,30.057477110885046,646,209,0,280,19797,4.904028054822727,2.8435754189944134,,
reactive-overhear-ring,1600,26,3178,1336,2427,751,0.23631214600377595,0.5504738360115369,0.42039018250471993,0.6582516311959826,0.133546581367453,0.13288772181109254,49.660928143712574,130,56.33297758804696,24.162604456824514,759,332,0,855,18268,5.177130851204785,2.8974550898203595,,
reactive-overhear-ring,2000,26,3967,1924,3013,954,0.2404839929417696,0.6385662130766677,0.48500126039828584,0.6160323341192321,0.15342902711323764,0.14411553211888783,51.75415800415801,135,55.50676284941389,21.599945459503683,873,216,0,1113,18847,4.7862437821285555,2.895010395010395,,
reactive-overhear-ring,3000,26,5940,2905,4535,1405,0.23653198653198654,0.6405733186328556,0.4890572390572391,0.5481882019035502,0.1573161485974223,0.16037673350410742,48.45783132530121,135,56.227436823104696,17.22142729386514,1385,245,0,3227,18949,4.83277234358175,2.75697074010327,,
reactive-overhear-ring,100,27,200,0,120,80,0.4,0,0,1,0,0,0,0,0,0,120,0,0,0,4813,0,0,,
reactive-overhear-ring,200,27,397,16,253,144,0.36272040302267,0.06324110671936758,0.04030226700251889,0.997019691325173,0.5714285714285714,0.016666666666666666,15.625,60,18.9375,18.2,237,0,0,0,9367,1.453012048192771,0.75,,
reactive-overhear-ring,400,27,796,45,503,293,0.36809045226130654,0.08946322067594434,0.056532663316582916,0.9924438806464067,0.3284671532846715,0.028524340770791076,28.022222222222222,125,24.5609756097561,31.068181818181817,458,0,0,0,17988,2.2276497695852533,1.6444444444444444,,
reactive-overhear-ring,600,27,1191,123,778,413,0.34676742233417296,0.15809768637532134,0.10327455919395466,0.9781978429780819,0.21808510638297873,0.05032733224222585,37.71544715447155,125,43.75229357798165,40.589285714285715,650,5,0,0,25294,3.285356247762263,2.4634146341463414,,
reactive-overhear-ring,800,27,1588,408,1114,474,0.29848866498740556,0.36624775583482944,0.25692695214105793,0.8645574689627553,0.12063867534003549,0.08304836345872008,56.96078431372549,140,59.94219653179191,38.37955465587044,624,82,0,51,21514,5.0902984504999615,3.0612745098039214,,
reactive-overhear-ring,1200,27,2385,728,1713,672,0.28176100628930817,0.4249854057209574,0.30524109014675055,0.7605372045725507,0.10660418802167228,0.14117282035370773,61.03434065934066,145,61.03868471953578,32.9218208807521,824,161,0,617,21005,5.614449309531829,3.0851648351648353,,
reactive-overhear-ring,1600,27,3177,1090,2248,929,0.29241422725841987,0.48487544483985767,0.34309096632042807,0.6947124304267162,0.11040210675579865,0.16473219683230567,60.18807339449541,135,66.15,27.625481274063702,907,251,0,959,21408,5.453368763929367,3.171559633027523,,
reactive-overhear-ring,2000,27,3967,1516,2853,1114,0.2808167380892362,0.5313704872064493,0.38215276027224604,0.6463638215522509,0.12475312705727452,0.1783193751764374,54.025725593667545,135,59.21630434782609,22.25579492773384,1092,245,0,1669,20398,5.272067836695845,2.979551451187335,,
reactive-overhear-ring,3000,27,5940,2911,4431,1509,0.25404040404040407,0.656962310990747,0.49006734006734004,0.5555183866574276,0.15648854961832062,0.2264030612244898,53.214359326691856,140,58.009578544061306,17.728771049802937,1289,231,0,3253,19722,4.835192395519673,2.9254551700446583,,
reactive-overhear-ring,100,28,199,6,124,75,0.3768844221105528,0.04838709677419355,0.03015075376884422,0.9982777179763186,0.75,0.009375,8.333333333333334,20,10,13.5,118,0,0,0,4637,1.0847457627118644,0.3333333333333333,,
reactive-overhear-ring,200,28,397,18,252,145,0.36523929471032746,0.07142857142857142,0.04534005037783375,0.9971830985915493,0.6923076923076923,0.009881422924901184,10.722222222222221,65,13.11111111111111,16.714285714285715,234,0,0,0,9204,1.1480804387568555,0.4444444444444444,,
reactive-overhear-ring,400,28,794,38,508,286,0.3602015113350126,0.07480314960629922,0.04785894206549118,0.9946681175190424,0.3877551020408163,0.016112618724559023,21.763157894736842,120,26.42105263157895,25.79310344827586,470,0,0,0,18271,1.591549295774648,1.105263157894737,,
reactive-overhear-ring,600,28,1192,119,768,424,0.35570469798657717,0.15494791666666666,0.09983221476510067,0.9793870355302414,0.2236842105263158,0.03784024421266853,38.563025210084035,115,42.44859813084112,41.03105590062112,647,2,0,3,25249,3.1798198198198198,2.369747899159664,,
reactive-overhear-ring,800,28,1592,329,1109,483,0.30339195979899497,0.29666366095581603,0.20665829145728642,0.8962340629375783,0.11683238636363637,0.07132327436697884,52.680851063829785,135,54.450184501845015,43.98169336384439,696,84,0,64,24226,5.29046958589261,3.045592705167173,,
reactive-overhear-ring,1200,28,2377,823,1773,604,0.2541018090029449,0.464184997179921,0.3462347496844762,0.7644488784918123,0.12019862713597196,0.11888940251935745,60.60631834750912,140,63.15426497277677,32.902010050251256,711,239,0,267,21843,5.542124014827078,3.176184690157959,,
reactive-overhear-ring,1600,28,3174,1145,2350,824,0.25960932577189666,0.48723404255319147,0.36074354127284186,0.7022850270595309,0.11563320541304786,0.13085116108977876,60.007860262008734,140,64.78288633461047,28.6830835117773,862,343,0,743,22535,5.590851528384279,3.1589519650655022,,
reactive-overhear-ring,2000,28,3970,1526,2891,1079,0.27178841309823676,0.5278450363196125,0.38438287153652395,0.6588973186163074,0.12253091376264653,0.1414534668149796,59.96788990825688,140,62.83775185577943,24.254743303571427,1088,277,0,1490,22353,5.268319824358261,3.1644823066841417,,
reactive-overhear-ring,3000,28,5958,2575,4463,1495,0.2509231285666331,0.5769661662558817,0.4321920107418597,0.5801114947976618,0.1384110943883036,0.1455789235639982,49.23805825242719,135,57.728802153432035,18.79349593495935,1579,309,0,2743,22747,5.019981641150051,2.8454368932038836,,
reactive-overhear-ring,100,29,200,4,119,81,0.405,0.03361344537815126,0.02,0.9986888111888111,0.6666666666666666,0.012499999999999999,10.5,20,13,10.5,115,0,0,0,4570,1.2178217821782178,0.5,,
reactive-overhear-ring,200,29,399,16,250,149,0.37343358395989973,0.064,0.040100250626566414,0.9960185085548262,0.43243243243243246,0.02249718785151856,27.875,100,33.3125,24.09090909090909,234,0,0,0,9256,1.7673716012084593,1.3125,,
reactive-overhear-ring,400,29,795,84,513,282,0.35471698113207545,0.16374269005847952,0.10566037735849057,0.9845694946366087,0.31226765799256506,0.029093931837073976,39.32142857142857,130,41.07692307692308,43.2125,428,1,0,0,17164,2.349617422012949,1.9047619047619047,,
reactive-overhear-ring,600,29,1192,150,779,413,0.3464765100671141,0.1925545571245186,0.12583892617449666,0.9706361505145628,0.2029769959404601,0.04831229064674053,41.88,120,50.292857142857144,33.17326732673267,612,17,0,0,24410,3.6494096276112624,2.76,,
reactive-overhear-ring,800,29,1592,265,1047,545,0.34233668341708545,0.2531041069723018,0.16645728643216082,0.9291435193074538,0.12746512746512748,0.06942988891217775,54.739622641509435,140,59.666666666666664,46.68024132730015,733,49,0,29,27198,5.309555496406707,2.9924528301886792,,
reactive-overhear-ring,1200,29,2386,807,1712,674,0.28248113998323554,0.4713785046728972,0.3382229673093043,0.7722534631737759,0.12149954832881663,0.12310837197949721,59.177199504337054,140,64.05745062836625,35.33486707566462,694,211,0,400,22045,5.447010918525459,3.19454770755886,,
reactive-overhear-ring,1600,29,3181,1287,2320,861,0.2706696007544797,0.5547413793103448,0.4045897516504244,0.6980213869501184,0.1364503816793893,0.15597731239092494,53.028749028749026,135,60.632063074901446,27.294159544159545,791,242,0,832,20843,5.082053523119823,3.0885780885780885,,
reactive-overhear-ring,2000,29,3978,1884,2966,1012,0.25439919557566615,0.6351989211058665,0.473604826546003,0.6087494056110319,0.15264948954788526,0.1578312445546545,50.0291932059448,135,57.185639229422065,20.632117191818683,844,238,0,1663,17371,4.786839407214092,2.8561571125265393,,
reactive-overhear-ring,3000,29,5942,3024,4508,1434,0.24133288455065635,0.6708074534161491,0.5089195557051498,0.5392424242424243,0.1657349556067083,0.17325938488334783,48.15542328042328,135,53.31462140992167,16.414334717458026,1242,242,0,3235,17907,4.676787881512114,2.7847222222222223,,
reactive-overhear-ring,100,30,199,0,125,74,0.37185929648241206,0,0,1,0,0,0,0,0,0,125,0,0,0,4821,0,0,,
reactive-overhear-ring,200,30,397,4,253,144,0.36272040302267,0.015810276679841896,0.010075566750629723,0.9995822890559732,1,0.008488964346349746,24.5,85,24.5,0,249,0,0,0,9572,1,0,,
reactive-overhear-ring,400,30,792,42,525,267,0.3371212121212121,0.08,0.05303030303030303,0.99424266881894,0.3925233644859813,0.04834254143646409,27.166666666666668,65,35.073170731707314,21.72222222222222,483,0,0,0,18478,2.1829105473965287,1.6666666666666667,,
reactive-overhear-ring,600,30,1193,75,770,423,0.35456831517183574,0.09740259740259741,0.06286672254819782,0.9845190918854857,0.17942583732057416,0.06923929098966028,42.586666666666666,145,39.476190476190474,33.414414414414416,688,7,0,0,26582,3.7340301974448318,2.88,,
reactive-overhear-ring,800,30,1589,205,1087,502,0.315921963499056,0.18859245630174792,0.1290119572057898,0.9367877320419693,0.10469867211440245,0.10908897403150276,60.048780487804876,145,61.66459627329193,44.25418060200669,810,72,0,58,28931,6.089150064497635,3.126829268292683,,
reactive-overhear-ring,1200,30,2385,749,1753,632,0.2649895178197065,0.4272675413576726,0.3140461215932914,0.764622117254793,0.11052087944518224,0.13005278510904292,56.75166889185581,140,60.02522522522523,33.02008032128514,800,204,0,475,21459,5.611846784299116,3.0427236315086783,,
reactive-overhear-ring,1600,30,3172,1211,2336,836,0.2635561160151324,0.5184075342465754,0.3817780580075662,0.6920435031482541,0.12505163155720778,0.15522456931911405,54.17423616845582,140,57.78446115288221,27.267259786476867,895,230,0,816,20811,5.127559154220507,2.9975227085053673,,
reactive-overhear-ring,2000,30,3964,1718,2956,1008,0.2542885973763875,0.581190798376184,0.43340060544904135,0.6293320959368928,0.134418277130115,0.19088888888888889,54.87951105937136,135,61.20440881763527,22.528704209950792,956,282,0,1308,20251,5.108894655791935,3.0931315483119906,,
reactive-overhear-ring,3000,30,5959,2738,4440,1519,0.2549085417016278,0.6166666666666667,0.45947306595066284,0.5471218113277365,0.13982228577264835,0.2038051569106175,54.00109569028488,140,60.36727272727273,17.39199423007573,1386,316,0,2887,20473,5.072378277153558,2.9872169466764062,,
reactive-overhear-ring,100,31,199,13,134,65,0.32663316582914576,0.09701492537313433,0.06532663316582915,0.9964950711938664,0.8125,0.008938393839383938,9.846153846153847,60,11.153846153846153,23.333333333333332,121,0,0,0,4549,1.097799511002445,0.23076923076923078,,
reactive-overhear-ring,200,31,397,30,261,136,0.3425692695214106,0.11494252873563218,0.07556675062972293,0.9950363997352747,0.6666666666666666,0.0125250501002004,9.5,20,12.172413793103448,9.933333333333334,231,0,0,0,9021,1.2732919254658386,0.5333333333333333,,
reactive-overhear-ring,400,31,791,157,540,251,0.3173198482932996,0.29074074074074074,0.19848293299620734,0.9602731222842955,0.2453125,0.0490625,43.29936305732484,130,50.63448275862069,34.190751445086704,381,2,0,0,15463,2.9817280891917,2.624203821656051,,
reactive-overhear-ring,600,31,1189,283,839,350,0.2943650126156434,0.33730631704410013,0.2380151387720774,0.9449108079748164,0.2246031746031746,0.07145021207836802,41.9434628975265,120,43.90748898678414,33.396694214876035,543,13,0,1,21586,3.331211230819458,2.614840989399293,,
reactive-overhear-ring,800,31,1589,462,1129,460,0.289490245437382,0.4092116917626218,0.2907488986784141,0.8860242100298695,0.15931034482758621,0.09427032321253674,46.82683982683983,130,53.44245524296675,38.404377880184335,588,79,0,10,22508,4.563154554109806,2.8896103896103895,,
reactive-overhear-ring,1200,31,2381,1094,1820,561,0.2356152876942461,0.6010989010989011,0.4594708105837883,0.7082813819732132,0.15083413759823522,0.12394634278981238,50.03199268738574,135,56.37375,28.4284332688588,555,171,0,265,17292,4.648531043747445,3.019195612431444,,
reactive-overhear-ring,1600,31,3174,1600,2429,745,0.23471959672337744,0.6587072869493619,0.5040957781978576,0.6215803774146722,0.15737188944624766,0.14399884800921595,49.978125,135,54.96611810261375,21.825138504155124,628,201,0,614,15974,4.769638365060391,3.03875,,
reactive-overhear-ring,2000,31,3968,2078,3050,918,0.2313508064516129,0.681311475409836,0.5236895161290323,0.6003068661296509,0.1661868202175304,0.15328101026790983,48.629451395572666,135,56.139837398373984,20.746014293567896,791,181,0,1282,17321,4.633949403591559,2.9595765158806544,,
reactive-overhear-ring,3000,31,5952,3051,4559,1393,0.23403897849462366,0.669225707391972,0.5126008064516129,0.5396967883502892,0.16527627302275189,0.17058415708726574,48.31170108161258,135,54.291164658634536,16.14533622559653,1246,262,0,3545,17856,4.734965771846699,2.775811209439528,,
reactive-overhear-ring,100,32,199,4,124,75,0.3768844221105528,0.03225806451612903,0.020100502512562814,0.9987384356602187,0.6666666666666666,0.012499999999999999,11.75,25,14.5,15.5,120,0,0,0,4750,1.22,0.5,,
reactive-overhear-ring,200,32,397,11,245,152,0.38287153652392947,0.044897959183673466,0.027707808564231738,0.9980462390100945,0.6111111111111112,0.011458333333333334,9.727272727272727,25,12.636363636363637,9.6,234,0,0,0,9195,1.25,0.6363636363636364,,
reactive-overhear-ring,400,32,795,57,518,277,0.3484276729559748,0.11003861003861004,0.07169811320754717,0.9922420480993018,0.40714285714285714,0.02544642857142857,21.333333333333332,80,27.615384615384617,19.02173913043478,461,0,0,0,17906,2.0378057820607856,1.4736842105263157,,
reactive-overhear-ring,600,32,1192,120,771,421,0.35318791946308725,0.1556420233463035,0.10067114093959731,0.9828519167746361,0.26666666666666666,0.0436808386721025,40.13333333333333,115,42.888888888888886,24.496062992125985,650,1,0,2,25783,2.8405375953505265,2.316666666666667,,
reactive-overhear-ring,800,32,1591,256,1080,511,0.3211816467630421,0.23703703703703705,0.16090509113764928,0.9399199793495095,0.13748657357679914,0.07272727272727272,50.37890625,135,52.925,41.75499092558984,783,41,0,57,29050,4.667810479081431,2.94921875,,
reactive-overhear-ring,1200,32,2384,812,1742,642,0.26929530201342283,0.4661308840413318,0.34060402684563756,0.7815729727898072,0.12596959354638534,0.11863020102851797,52.816502463054185,135,58.83361344537815,35.42014242115972,751,179,0,280,22662,5.193911622620062,2.9926108374384235,,
reactive-overhear-ring,1600,32,3171,1360,2352,819,0.2582781456953642,0.5782312925170068,0.42888678650268053,0.695799786594238,0.1445578231292517,0.15294646873594242,55.10294117647059,135,61.40854326396495,26.326792722083482,777,215,0,816,20586,4.927747104487525,3.0154411764705884,,
reactive-overhear-ring,2000,32,3968,1812,3046,922,0.23235887096774194,0.5948785292186474,0.4566532258064516,0.613114245853356,0.14520394262360767,0.15462861824139815,53.84878587196468,140,60.263063063063065,21.06540027137042,1002,232,0,1718,17900,5.028592445273869,2.8962472406181017,,
reactive-overhear-ring,3000,32,5957,2833,4527,1430,0.24005371831458788,0.62580075104926,0.4755749538358234,0.5404275878729314,0.14891715727502103,0.1712734571483846,49.74161666078362,135,56.9104991394148,16.88161659513591,1439,255,0,3827,18210,4.953745078086979,2.7857394987645607,,
reactive-overhear-ring,100,33,198,4,123,75,0.3787878787878788,0.032520325203252036,0.020202020202020204,0.998911860718172,0.8,0.009398496240601503,15.5,45,17,9,119,0,0,0,4590,1.1043478260869566,0.25,,
reactive-overhear-ring,200,33,394,6,249,145,0.3680203045685279,0.024096385542168676,0.015228426395939087,0.9991312846128787,0.75,0.009375,8.5,20,10.333333333333334,11,243,0,0,0,9201,1.1022727272727273,0.3333333333333333,,
reactive-overhear-ring,400,33,791,85,524,267,0.33754740834386854,0.16221374045801526,0.10745891276864729,0.9856073356160409,0.34274193548387094,0.033203125,28.988235294117647,90,33.792682926829265,24.236842105263158,439,0,0,0,16983,2.300261096605744,1.811764705882353,,
reactive-overhear-ring,600,33,1188,242,812,376,0.3164983164983165,0.29802955665024633,0.2037037037037037,0.949576914732046,0.2082616179001721,0.052903112976565234,41.66942148760331,120,48.36563876651982,32.76129032258064,558,12,0,5,21874,3.388560885608856,2.5867768595041323,,
reactive-overhear-ring,800,33,1586,526,1164,422,0.266078184110971,0.4518900343642612,0.3316519546027743,0.880050046414013,0.17698519515477792,0.08472938144329897,44.034220532319395,135,47.34653465346535,31.96990740740741,596,42,0,60,21719,4.0557999536929845,2.870722433460076,,
reactive-overhear-ring,1200,33,2376,891,1777,599,0.2521043771043771,0.5014068655036579,0.375,0.7217069353792129,0.12220545878480318,0.10632458233890216,57.86531986531987,140,61.70352564102564,30.44493177387914,697,189,0,478,18337,5.156043887343316,3.032547699214366,,
reactive-overhear-ring,1600,33,3171,1367,2380,791,0.24944812362030905,0.5743697478991596,0.43109429202144434,0.6475686085700529,0.13339188134270102,0.14385839366896783,57.7454279444038,140,61.010625737898465,24.641574585635357,756,257,0,845,17861,5.191095089633671,3.214337966349671,,
reactive-overhear-ring,2000,33,3968,1825,2904,1064,0.26814516129032256,0.6284435261707989,0.45992943548387094,0.6265674686506271,0.1466098971722365,0.15245939985297066,56.504657534246576,140,61.15223596574691,21.93142698500833,865,214,0,1367,19356,4.976131080621386,3.1041095890410957,,
reactive-overhear-ring,3000,33,5935,2901,4495,1440,0.2426284751474305,0.6453837597330367,0.48879528222409435,0.5450351493848857,0.1556413970706583,0.17735742932602955,50.97207859358842,135,56.102960102960104,16.707408732999284,1360,234,0,3325,18701,4.793244835085176,2.854188210961737,,
reactive-overhear-ring,100,34,198,0,122,76,0.3838383838383838,0,0,1,0,0,0,0,0,0,122,0,0,0,4638,0,0,,
reactive-overhear-ring,200,34,396,0,243,153,0.38636363636363635,0,0,1,0,0,0,0,0,0,243,0,0,0,9433,0,0,,
reactive-overhear-ring,400,34,790,36,511,279,0.3531645569620253,0.07045009784735812,0.04556962025316456,0.9952333990795529,0.41379310344827586,0.030080213903743314,36.94444444444444,125,43.833333333333336,26.275862068965516,475,0,0,0,18156,1.9108527131782946,1.5277777777777777,,
reactive-overhear-ring,600,34,1183,183,787,396,0.33474218089602703,0.23252858958068615,0.15469146238377007,0.9652632012182574,0.21682464454976302,0.07211538461538462,49.92896174863388,135,54.60377358490566,35.81327800829875,600,4,0,5,23433,3.402206619859579,2.639344262295082,,
reactive-overhear-ring,800,34,1584,350,1094,490,0.30934343434343436,0.31992687385740404,0.22095959595959597,0.9062248260710363,0.13666536509176103,0.09827044025157233,59.097142857142856,135,64.93680297397769,38.28439153439153,678,66,0,29,24677,4.5547328397038225,3.142857142857143,,
reactive-overhear-ring,1200,34,2367,801,1749,618,0.26108998732572875,0.45797598627787306,0.33840304182509506,0.7829150612655768,0.1280780300607611,0.1324579970895621,51.36329588014981,135,58.16135084427767,31.39727463312369,781,167,0,432,22077,5.079915209326974,3.0112359550561796,,
reactive-overhear-ring,1600,34,3162,1360,2402,760,0.24035420619860848,0.5661948376353039,0.43010752688172044,0.6876938648904561,0.14218504966021955,0.13838013838013838,49.82794117647059,140,55.82536151279199,26.619450317124734,855,187,0,770,20173,4.76919981489306,2.9,,
reactive-overhear-ring,2000,34,3957,1883,3070,887,0.22415971695729087,0.6133550488599349,0.47586555471316655,0.6286018885166007,0.15443287131960962,0.12707860922146635,47.765799256505574,135,55.7062404870624,21.43869516310461,942,245,0,1343,19169,4.754331691752792,2.933085501858736,,
reactive-overhear-ring,3000,34,5941,2989,4541,1400,0.235650563878135,0.6582250605593482,0.5031139538798182,0.5418135526831179,0.15970292797606325,0.1527931133194291,50.250250920040145,135,56.916517590936195,17.173493113933105,1270,282,0,3773,18161,4.805125981242466,2.8544663767146203,,
linkstate,100,0,196,16,124,72,0.3673469387755102,0.12903225806451613,0.08163265306122448,0.9938524590163934,0.5925925925925926,0.016666666666666666,6.75,15,10.5,4.6,108,0,0,0,4365,1.7373417721518987,0.75,0.3403074972261848,1
linkstate,200,0,394,24,255,139,0.35279187817258884,0.09411764705882353,0.06091370558375635,0.9951826125924266,0.5581395348837209,0.018726591760299626,7.166666666666667,15,11,5.0625,231,0,0,0,8883,1.795643153526971,0.7916666666666666,0.4076685890481357,1
linkstate,400,0,788,102,520,268,0.3401015228426396,0.19615384615384615,0.12944162436548223,0.9835261340924233,0.375,0.04301619433198381,12.696078431372548,30,19.591836734693878,6.25,418,0,0,0,16239,2.6835059358423843,1.7941176470588236,0.4844673751405462,1
linkstate,600,0,1189,335,842,347,0.29184188393608074,0.3978622327790974,0.2817493692178301,0.9471685574595339,0.30098831985624436,0.08006692160611856,18.540298507462687,50,28.228571428571428,8.657320872274143,507,0,0,0,19954,3.154221571498292,2.3940298507462687,0.4955651065035659,1
linkstate,800,0,1582,645,1179,403,0.2547408343868521,0.5470737913486005,0.4077117572692794,0.9100979090607368,0.2976465159206276,0.09670744872256208,21.2,70,30.95230263157895,11.44865718799368,534,0,0,0,21937,3.117981991525424,2.432558139534884,0.5060970335537824,1
linkstate,1200,0,2378,1109,1837,541,0.22750210260723297,0.6037016875340229,0.4663582842724979,0.8893031086525164,0.30119500271591526,0.11859440499615022,25.524797114517582,85,36.76195320447609,14.487179487179487,727,1,0,16,29564,3.097890809008389,2.4093778178539225,0.5199167232763718,1
linkstate,1600,0,3165,1507,2456,709,0.2240126382306477,0.613599348534202,0.47614533965244865,0.8921391899600685,0.3188068542415909,0.11504519359960912,24.471134704711346,85,36.46594684385382,14.204095112285337,949,0,0,0,39098,3.018049837063633,2.3019243530192437,0.5202963209613782,1
linkstate,2000,0,3960,1928,3068,892,0.22525252525252526,0.6284224250325945,0.4868686868686869,0.8880879839488742,0.3200531208499336,0.1301295896328294,27.34128630705394,95,38.85506241331484,14.9938900203666,1140,0,0,75,47729,3.0400612362445814,2.320539419087137,0.522987312820379,1
linkstate,3000,0,5953,2909,4625,1328,0.22308079959684193,0.6289729729729729,0.4886611792373593,0.8833483439676277,0.3163331883427577,0.1490327472437395,29.876246132691648,100,42.93119533527697,15.996487867177523,1712,4,0,485,69152,3.1023268419218706,2.319009969061533,0.5302782645659899,1
linkstate,100,1,195,10,132,63,0.3230769230769231,0.07575757575757576,0.05128205128205128,0.997605051164816,0.9090909090909091,0.006446621970087674,5,15,5.4,6,122,0,0,0,4582,1.1670190274841437,0.1,0.37587080430652314,1
linkstate,200,1,392,18,256,136,0.3469387755102041,0.0703125,0.04591836734693878,0.9974901789611523,0.782608695652174,0.008311784263021796,11.666666666666666,70,12.88888888888889,5.2,238,0,0,0,9141,1.309823677581864,0.2777777777777778,0.38589148234143955,1
linkstate,400,1,790,72,510,280,0.35443037974683544,0.1411764705882353,0.09113924050632911,0.9893213916637961,0.3870967741935484,0.01827782290820471,11.48611111111111,30,17.625,5.784313725490196,438,0,0,0,17232,2.5119205298013245,1.5555555555555556,0.469211190758023,1
linkstate,600,1,1189,269,833,356,0.2994112699747687,0.32292917166866747,0.22624053826745164,0.9603635122450721,0.28955866523143164,0.05646515533165407,22.929368029739777,80,31.9031007751938,17.003846153846155,564,0,0,0,22509,3.0472567509644235,2.423791821561338,0.5003191137754579,1
linkstate,800,1,1593,341,1083,510,0.32015065913371,0.31486611265004616,0.21406151914626492,0.9636818633899067,0.30123674911660775,0.06381943404701303,21.24633431085044,75,33.27835051546392,13.206686930091186,742,0,0,0,30037,3.100552116446378,2.439882697947214,0.5132240341048769,1
linkstate,1200,1,2384,889,1754,630,0.26426174496644295,0.5068415051311288,0.3729026845637584,0.919536631183469,0.28826199740596625,0.09866376631448105,27.45556805399325,90,37.45985401459854,15.171772428884026,865,0,0,47,35197,3.1485799701046338,2.4758155230596177,0.5188722856345934,1
linkstate,1600,1,3176,1228,2353,823,0.25913098236775817,0.5218869528261794,0.3866498740554156,0.9187263681592039,0.3006856023506366,0.10788585886983412,28.927524429967427,90,39.66257668711656,14.731496062992125,1125,0,0,94,46072,3.091764934245645,2.3916938110749184,0.5207981614884872,1
linkstate,2000,1,3975,1584,2918,1057,0.2659119496855346,0.542837559972584,0.39849056603773586,0.9081820002670583,0.2879476458825668,0.11837857228267369,35.96212121212121,120,45.998275862068965,18.665530948324815,1332,2,0,634,53777,3.1594577146546157,2.4204545454545454,0.5227233797431995,1
linkstate,3000,1,5947,2655,4527,1420,0.2387758533714478,0.5864811133200796,0.44644358500084075,0.8971695415991614,0.30757645968489344,0.14463935497929833,33.820338983050846,115,44.67653631284916,18.900268636668905,1872,0,0,1018,74294,3.081327688329023,2.28060263653484,0.5267573675499201,1
linkstate,100,2,200,6,123,77,0.385,0.04878048780487805,0.03,0.998673446827327,1,0.00625,5,10,5,0,117,0,0,0,4517,1.0204081632653061,0,0.25585223116313094,1
linkstate,200,2,397,34,254,143,0.3602015113350126,0.13385826771653545,0.08564231738035265,0.990727862772369,0.425,0.02125,13,20,18.794117647058822,9.208333333333334,220,0,0,0,8548,2.378504672897196,1.411764705882353,0.39437419737232043,1
linkstate,400,2,795,136,531,264,0.3320754716981132,0.256120527306968,0.1710691823899371,0.9731752171983005,0.3215130023640662,0.04768583450210379,15.323529411764707,50,23.913385826771652,6.743801652892562,395,0,0,0,15346,2.989771833202203,2.110294117647059,0.48542641762535904,1
linkstate,600,2,1191,272,826,365,0.3064651553316541,0.32929782082324455,0.22837951301427373,0.9582590876692801,0.2902881536819637,0.06538461538461539,20.970588235294116,60,29.897338403041825,10.019011406844106,554,0,0,0,21511,3.195717430458275,2.400735294117647,0.5126349646121495,1
linkstate,800,2,1586,496,1147,439,0.27679697351828497,0.43243243243243246,0.31273644388398486,0.9382073583463736,0.2921083627797409,0.08611111111111111,22.266129032258064,75,32.55240174672489,11.503157894736843,651,0,0,0,25781,3.200313625275874,2.493951612903226,0.517791710527373,1
linkstate,1200,2,2380,847,1736,644,0.27058823529411763,0.4879032258064516,0.3558823529411765,0.925750640080689,0.2950191570881226,0.10730211817168339,28.361275088547817,85,40.5803324099723,14.447276940903825,889,0,0,17,35779,3.2153203342618384,2.489964580873672,0.5277954236625003,1
linkstate,1600,2,3169,1138,2306,863,0.27232565478068793,0.4934952298352125,0.3591038182391922,0.921393444228923,0.28364905284147557,0.13051656115239932,32.666080843585235,105,45.69656699889258,17.647875816993466,1168,0,0,75,46952,3.2128890337298355,2.5052724077328645,0.523500132440509,1
linkstate,2000,2,3965,1600,2936,1029,0.25952080706179065,0.5449591280653951,0.403530895334174,0.9051320881709575,0.2837885775097552,0.13643495463537758,35.19125,110,47.58228905597327,19.244644870349493,1336,0,0,382,53410,3.2067028715964887,2.511875,0.5232585963079667,1
linkstate,3000,2,5957,2637,4474,1483,0.24895081416820547,0.5894054537326777,0.442672486150747,0.8920516429052193,0.2989456977666931,0.14402280770743217,34.00227531285552,110,44.75081256771398,17.16471375962504,1837,0,0,1160,71734,3.1688225165019883,2.3325748957148273,0.5285861380785408,1
linkstate,100,3,197,6,124,73,0.37055837563451777,0.04838709677419355,0.030456852791878174,0.9982839982839983,0.75,0.009375,11.166666666666666,40,12.5,19,118,0,0,0,4654,1.2277227722772277,0.3333333333333333,0.3393207054212933,1
linkstate,200,3,398,6,246,152,0.38190954773869346,0.024390243902439025,0.01507537688442211,0.9991492076996703,0.75,0.009375,6.5,15,8,6,240,0,0,0,9395,1.3060344827586208,0.3333333333333333,0.4413438590049569,1
linkstate,400,3,790,61,506,284,0.3594936708860759,0.12055335968379446,0.07721518987341772,0.9888938748036796,0.30808080808080807,0.026972055182171915,17.229508196721312,50,25.566666666666666,9.958333333333334,445,0,0,0,17630,2.807391304347826,2.2459016393442623,0.5020316637791548,1
linkstate,600,3,1189,112,776,413,0.3473507148864592,0.14432989690721648,0.0941968040370059,0.987932084665753,0.35331230283911674,0.035,17.160714285714285,75,21.904761904761905,11.268817204301076,664,0,0,0,25951,2.655984919886899,1.8928571428571428,0.5019248425174112,1
linkstate,800,3,1586,302,1076,510,0.32156368221941994,0.28066914498141265,0.19041614123581338,0.9694318977034162,0.3142559833506764,0.05790765454824359,19.026490066225165,60,28.07608695652174,10.271428571428572,774,0,0,0,30477,2.913977528089888,2.2350993377483444,0.5114178877066456,1
linkstate,1200,3,2372,840,1747,625,0.26349072512647553,0.48082427017744706,0.35413153456998314,0.9278629856850715,0.297661233167966,0.1004112078033853,24.87857142857143,90,35.956824512534816,13.448809523809524,906,1,0,1,36297,3.1400388996943596,2.4714285714285715,0.5156019233218583,1
linkstate,1600,3,3170,1175,2335,835,0.2634069400630915,0.5032119914346895,0.37066246056782337,0.9219012563015123,0.3009733606557377,0.12870224325271643,26.946382978723403,90,37.898863636363636,14.371474617244157,1159,1,0,67,46017,3.1277227960029714,2.4068085106382977,0.5204677585036928,1
linkstate,2000,3,3960,1573,2944,1016,0.25656565656565655,0.5343070652173914,0.3972222222222222,0.9141187050359713,0.3050222997866977,0.14033616444222397,29.652256834075015,100,42.24528301886792,15.658421672555948,1371,0,0,272,54619,3.1540645302178305,2.3769866497139223,0.522156355002213,1
linkstate,3000,3,5945,2672,4524,1421,0.23902439024390243,0.5906277630415562,0.44945332211942807,0.8946848593481362,0.30936667824476094,0.14058422426130143,31.564745508982035,110,42.86682808716707,15.880162491536899,1851,1,0,852,72522,3.1387581168831167,2.3293413173652695,0.5291159464210788,1
linkstate,100,4,198,3,118,80,0.40404040404040403,0.025423728813559324,0.015151515151515152,0.999366687777074,1,0.006625441696113074,5.333333333333333,10,5.333333333333333,0,115,0,0,0,4734,1,0,0.08817766165904638,1
linkstate,200,4,396,26,255,141,0.3560606060606061,0.10196078431372549,0.06565656565656566,0.9935441514388883,0.4406779661016949,0.01827896512935883,28.53846153846154,125,34.458333333333336,34.611111111111114,229,0,0,0,9080,1.9257425742574257,1.1153846153846154,0.36977642937118504,1
linkstate,400,4,795,88,513,282,0.35471698113207545,0.17153996101364521,0.11069182389937107,0.9833640340778264,0.3044982698961938,0.030743432084963666,25.193181818181817,105,32.71084337349398,20.048780487804876,425,0,0,0,17083,2.8414322250639388,2.0795454545454546,0.4887368287666559,1
linkstate,600,4,1193,214,801,392,0.32858340318524726,0.2671660424469413,0.17937971500419111,0.9659540775930324,0.26193390452876375,0.049317846607669615,24.64018691588785,85,33.558375634517766,17.514150943396228,587,0,0,0,23180,3.300195185426155,2.621495327102804,0.5055565817597852,1
linkstate,800,4,1584,276,1061,523,0.3301767676767677,0.26013195098963243,0.17424242424242425,0.9715442053084018,0.30429988974641675,0.057461692205196535,19.6231884057971,60,29.87890625,10.222222222222221,785,0,0,0,30967,3.0734169470786172,2.3768115942028984,0.505490391421755,1
linkstate,1200,4,2377,930,1748,629,0.26461926798485486,0.5320366132723112,0.3912494741270509,0.913268205558412,0.29017160686427457,0.11973426717478629,30.213978494623657,95,43.495,15.504123711340206,817,1,0,38,33710,3.209447959150904,2.531182795698925,0.5171745628938257,1
linkstate,1600,4,3173,1253,2358,815,0.25685471162937284,0.5313825275657337,0.3948944216829499,0.9127027630590576,0.2913953488372093,0.1181184012066365,32.55706304868316,110,40.32333333333333,18.479553903345725,1104,1,0,111,44846,3.1325690488727203,2.4461292897047087,0.5225853646969554,1
linkstate,2000,4,3967,1665,2998,969,0.24426518779934459,0.5553702468312208,0.4197126291908243,0.9062754686226568,0.3016304347826087,0.11458734790508175,31.636636636636638,110,41.52671755725191,17.268224819143015,1331,2,0,494,52882,3.082525350980694,2.308708708708709,0.5269452715535456,1
linkstate,3000,4,5950,2762,4570,1380,0.2319327731092437,0.6043763676148797,0.4642016806722689,0.8882941066881948,0.3070936179675339,0.14469823973176865,33.42541636495293,115,43.76527852893456,17.27709677419355,1807,1,0,1156,70365,3.126372810188257,2.3070238957277334,0.531180317710948,1
linkstate,100,5,199,16,125,74,0.37185929648241206,0.128,0.08040201005025126,0.994795363141708,0.7272727272727273,0.01,5.5,10,7.5625,4.666666666666667,109,0,0,0,4205,1.3773291925465838,0.375,0.23102823102823103,1
linkstate,200,5,395,31,252,143,0.3620253164556962,0.12301587301587301,0.07848101265822785,0.993284771226952,0.5254237288135594,0.012109374999999999,8.35483870967742,25,11.838709677419354,5.375,221,0,0,0,8727,1.8301435406698565,0.8709677419354839,0.35719372204973365,1
linkstate,400,5,792,118,526,266,0.33585858585858586,0.22433460076045628,0.14898989898989898,0.9761746788105434,0.29873417721518986,0.0390728476821192,19.83050847457627,60,27.297029702970296,12.095238095238095,408,0,0,0,16184,3.039727315467795,2.3220338983050848,0.48160423399778757,1
linkstate,600,5,1191,261,830,361,0.30310663308144414,0.3144578313253012,0.21914357682619648,0.9601172767645411,0.28216216216216217,0.054014900662251654,25.708812260536398,90,33.77510040160642,16.004048582995953,569,0,0,0,22268,3.115873763542157,2.4444444444444446,0.5137544995211519,1
linkstate,800,5,1588,425,1109,479,0.30163727959697734,0.38322813345356177,0.267632241813602,0.9475072811375707,0.2774151436031332,0.06350866706515242,30.075294117647058,105,40.32575757575758,16.79951690821256,684,0,0,0,27653,3.123502504900893,2.592941176470588,0.5138078610369766,1
linkstate,1200,5,2381,821,1738,643,0.27005459890802186,0.4723820483314154,0.34481310373792523,0.9287795485064227,0.29206688011383847,0.08877595155709345,27.118148599269183,100,37.89208633093525,15.103155339805825,913,4,0,31,36627,3.1456109780004358,2.48721071863581,0.5233123928224352,1
linkstate,1600,5,3184,1172,2328,856,0.26884422110552764,0.5034364261168385,0.36809045226130654,0.9226499693839256,0.2992849846782431,0.09485884485884487,29.22184300341297,95,42.049473684210525,16.3150912106136,1156,0,0,64,46647,3.1148164952611412,2.43259385665529,0.5250301955826158,1
linkstate,2000,5,3972,1620,2950,1022,0.25730110775427995,0.5491525423728814,0.4078549848942598,0.9044906565098366,0.2884101833719067,0.10432766615146831,34.900617283950616,115,44.940514469453376,17.806947608200456,1330,0,0,455,52739,3.1326417191552425,2.404320987654321,0.5276733400824637,1
linkstate,3000,5,5963,2661,4479,1484,0.2488680194532953,0.59410582719357,0.44625188663424453,0.8896812080536913,0.29758443301274884,0.12214490305522914,33.84141300263059,115,44.56840934371524,18.062295081967214,1817,1,0,1369,70745,3.132570406431352,2.320556181886509,0.5315224654998956,1
linkstate,100,6,198,0,122,76,0.3838383838383838,0,0,1,0,0,0,0,0,0,122,0,0,0,4813,0,0,0.22834084975077143,1
linkstate,200,6,397,6,247,150,0.3778337531486146,0.024291497975708502,0.015113350125944584,0.99914693964598,0.75,0.009375,6.166666666666667,10,7.833333333333333,5.5,241,0,0,0,9370,1.3291139240506329,0.3333333333333333,0.3660773480662983,1
linkstate,400,6,795,51,505,290,0.36477987421383645,0.100990099009901,0.06415094339622641,0.991909018897816,0.35664335664335667,0.019172932330827067,21.58823529411765,110,25.74,24.210526315789473,454,0,0,0,17531,2.2890625,1.6862745098039216,0.4699564051460355,1
linkstate,600,6,1195,143,789,406,0.3397489539748954,0.18124207858048164,0.1196652719665272,0.9809962228517469,0.29606625258799174,0.03300406203840473,20.636363636363637,80,27.412213740458014,16.29268292682927,646,0,0,0,24933,2.811535337124289,2.335664335664336,0.4988087560537785,1
linkstate,800,6,1594,391,1119,475,0.29799247176913424,0.3494191242180518,0.2452948557089084,0.952246067715276,0.27285415212840197,0.06982142857142858,26.644501278772378,95,34.31360946745562,17.4987012987013,728,0,0,0,28575,3.180670926517572,2.629156010230179,0.5099181140607446,1
linkstate,1200,6,2385,930,1792,593,0.24863731656184487,0.5189732142857143,0.389937106918239,0.912751677852349,0.2827607175433262,0.12695205853445451,30.588172043010754,100,42.5211970074813,17.4875,860,2,0,6,34402,3.2229385816084153,2.6118279569892473,0.5137929802306572,1
linkstate,1600,6,3176,1405,2449,727,0.22890428211586902,0.5737035524703961,0.44238035264483627,0.8977284800577974,0.29191772283399126,0.1585063176895307,30.056227758007118,100,43.15853658536585,16.818493150684933,1043,1,0,23,42225,3.1782675007183747,2.535231316725979,0.5149192472603623,1
linkstate,2000,6,3974,1818,3071,903,0.2272269753397081,0.5919895799413871,0.45747357825868146,0.8917866185088791,0.2974476439790576,0.1468972204266322,34.25522552255226,115,45.785714285714285,18.46319018404908,1253,0,0,453,49916,3.157655405950173,2.452145214521452,0.5190193419908422,1
linkstate,3000,6,5961,2746,4592,1369,0.22965945311189398,0.5979965156794426,0.4606609629256836,0.8915329409901183,0.3084700067400584,0.17039813343923751,33.32884195193008,110,44.8561872909699,16.58511689166941,1845,1,0,872,72297,3.1187853135948482,2.3292061179898034,0.5261991964006207,1
linkstate,100,7,197,0,129,68,0.34517766497461927,0,0,1,0,0,0,0,0,0,129,0,0,0,4761,0,0,0.2367025089605735,1
linkstate,200,7,396,2,256,140,0.35353535353535354,0.0078125,0.005050505050505051,0.9997892518440463,1,0.009025270758122744,5,10,5,0,254,0,0,0,9488,1,0,0.39422128575271226,1
linkstate,400,7,796,34,525,271,0.34045226130653267,0.06476190476190476,0.04271356783919598,0.9933308234281719,0.27419354838709675,0.053125,24.058823529411764,110,29.818181818181817,20.15625,491,0,0,0,18469,3.0061511423550087,2.4705882352941178,0.4900992645167927,1
linkstate,600,7,1193,142,812,381,0.3193629505448449,0.1748768472906404,0.11902766135792121,0.9804209306815987,0.28007889546351084,0.08875,21.06338028169014,65,32.184,12.489051094890511,670,0,0,0,25388,3.2747863247863247,2.6901408450704225,0.4987129133528271,1
linkstate,800,7,1586,300,1107,479,0.3020176544766709,0.27100271002710025,0.18915510718789408,0.9674352122304394,0.2862595419847328,0.07588021044111695,26.816666666666666,85,37.667883211678834,16.323024054982817,807,0,0,0,31134,3.108591137123746,2.5566666666666666,0.4978482291522131,1
linkstate,1200,7,2385,673,1712,673,0.28218029350104823,0.39310747663551404,0.28218029350104823,0.9444585751612828,0.2801831806827644,0.09515326320551976,26.478454680534917,90,37.23570190641248,15.855007473841555,1039,0,0,0,40845,3.215900233826968,2.6300148588410104,0.5094208615484654,1
linkstate,1600,7,3178,1181,2366,812,0.2555066079295154,0.4991546914623838,0.37161736941472623,0.9191154963633172,0.2847155255544841,0.13388808271358607,30.841659610499576,110,43.116331096196866,17.89758064516129,1184,1,0,1,47134,3.255748327759197,2.5961049957662996,0.5126365565031404,1
linkstate,2000,7,3969,1667,3007,962,0.24237843285462332,0.5543731293648154,0.4200050390526581,0.9048430069812148,0.29541024277866385,0.14201254003952843,31.721055788842232,105,43.388888888888886,17.48690807799443,1339,1,0,241,53418,3.181114770353058,2.4451109778044393,0.5161062939768043,1
linkstate,3000,7,5965,2857,4631,1334,0.22363788767812237,0.6169293889008853,0.4789606035205365,0.8851934403366994,0.30986984815618224,0.15757368513942818,33.232411620581026,110,45.80382237211917,18.197844007609383,1774,0,0,966,70123,3.1307843451760364,2.342317115855793,0.5258791149856988,1
linkstate,100,8,200,11,127,73,0.365,0.08661417322834646,0.055,0.996216336523481,0.6470588235294118,0.015260821309655937,14.727272727272727,95,17.454545454545453,4.833333333333333,116,0,0,0,4476,1.5748218527315914,0.5454545454545454,0.347589008874158,1
linkstate,200,8,400,21,249,151,0.3775,0.08433734939759036,0.0525,0.995712512693219,0.5526315789473685,0.018472906403940885,17.761904761904763,100,16.55,20.5,228,0,0,0,8825,1.8416988416988418,0.9047619047619048,0.4120818291215403,1
linkstate,400,8,795,111,517,278,0.34968553459119495,0.21470019342359767,0.13962264150943396,0.9791539680604657,0.32456140350877194,0.0458374628344896,24.774774774774773,115,32.9811320754717,16.272727272727273,406,0,0,0,16064,2.8684279361757783,2.1621621621621623,0.46248862729078855,1
linkstate,600,8,1194,222,797,397,0.3324958123953099,0.27854454203262236,0.18592964824120603,0.9646983585589427,0.26811594202898553,0.07695507487520799,25.936936936936938,90,35.760975609756095,17.17699115044248,570,5,0,0,22627,3.357903035080804,2.6621621621621623,0.4951991421277888,1
linkstate,800,8,1588,452,1122,466,0.29345088161209065,0.4028520499108734,0.28463476070528965,0.9434585078441116,0.2837413684871312,0.11748804325223537,26.851769911504423,100,39.41951219512195,16.305010893246187,670,0,0,3,26578,3.220735104286976,2.5730088495575223,0.5101339370686114,1
linkstate,1200,8,2382,746,1668,714,0.29974811083123426,0.447242206235012,0.3131821998320739,0.9350210970464135,0.2849503437738732,0.1742339312406577,30.491957104557642,105,42.153333333333336,17.643576826196472,920,2,0,3,37669,3.191863153028202,2.5750670241286864,0.5139739365998709,1
linkstate,1600,8,3176,1379,2418,758,0.23866498740554157,0.5703060380479735,0.43419395465994964,0.9036971534445006,0.3014866637516397,0.17301515607748671,30.291515591007975,105,43.29277942631058,17.903203342618383,1039,0,0,17,42905,3.1256916809908404,2.49746192893401,0.5173960438429986,1
linkstate,2000,8,3966,1767,3023,943,0.2377710539586485,0.5845186900430036,0.4455370650529501,0.8998073892488181,0.3088081090527787,0.18066006870603632,28.219015280135824,100,42.72100567721006,16.307774227902023,1256,0,0,72,51316,3.1329651729385013,2.4261460101867574,0.5223419520943606,1
linkstate,3000,8,5946,2822,4577,1369,0.23023881601076354,0.616561066200568,0.47460477632021525,0.8888074078677521,0.31544824502570984,0.17172135137766528,32.18178596739901,110,44.473753280839894,18.234344738540994,1754,1,0,371,71138,3.118495486876586,2.3664068036853294,0.5282417003863403,1
linkstate,100,9,198,6,129,69,0.3484848484848485,0.046511627906976744,0.030303030303030304,0.9982795698924731,0.75,0.009375,5.833333333333333,15,7.5,5,123,0,0,0,4642,1.3389830508474576,0.3333333333333333,0.19272555503070382,1
linkstate,200,9,398,23,259,139,0.3492462311557789,0.0888030888030888,0.05778894472361809,0.9953524399690162,0.5476190476190477,0.021170839469808543,9.91304347826087,15,13.782608695652174,8.75,236,0,0,0,8995,1.802555168408827,0.8260869565217391,0.40124701998899687,1
linkstate,400,9,792,194,564,228,0.2878787878787879,0.34397163120567376,0.24494949494949494,0.953257790368272,0.27994227994227994,0.04917866558507402,21.695876288659793,70,31.112903225806452,11.577142857142857,370,0,0,0,14133,3.293898596390719,2.5412371134020617,0.4915218493540991,1
linkstate,600,9,1185,339,845,340,0.2869198312236287,0.4011834319526627,0.28607594936708863,0.9450984130010008,0.2942708333333333,0.05934042851141297,22.43362831858407,75,32.1671826625387,12.206349206349206,506,0,0,0,19831,3.0862455383082925,2.4188790560471976,0.5174582586508297,1
linkstate,800,9,1579,521,1160,419,0.26535782140595315,0.44913793103448274,0.3299556681443952,0.9338394793926247,0.29451667608818544,0.08238456672991779,24.99616122840691,85,35.008,13.092337917485265,639,0,0,2,24967,3.1226716631764577,2.4280230326295587,0.5189022753915905,1
linkstate,1200,9,2375,889,1752,623,0.2623157894736842,0.507420091324201,0.3743157894736842,0.9216241237931491,0.3000337495781303,0.10839348419820524,26.124859392575928,90,37.91102257636122,13.352743561030236,860,3,0,30,34812,3.1000410424789657,2.4521934758155233,0.523469870822863,1
linkstate,1600,9,3173,1210,2326,847,0.26693980460132366,0.5202063628546861,0.381342578001891,0.9198003059827683,0.303714859437751,0.12031660170233076,28.545454545454547,95,38.983014861995755,15.204275534441805,1116,0,0,152,45540,3.073097591401977,2.355371900826446,0.5250082505354898,1
linkstate,2000,9,3961,1845,3059,902,0.2277202726584196,0.6031382804838182,0.4657914668013128,0.8948658757001485,0.3140425531914894,0.1266613576449912,28.35989159891599,95,40.68953323903819,15.792811839323468,1214,0,0,50,49956,3.062542488103331,2.351219512195122,0.5248044719285418,1
linkstate,3000,9,5950,2854,4633,1317,0.22134453781512606,0.6160155406863803,0.4796638655462185,0.8862543815723586,0.314109619194365,0.13109543233013632,32.4989488437281,110,44.396357793251205,17.956355527237974,1779,0,0,835,69959,3.055466064237305,2.259635599159075,0.5282939075268481,1
linkstate,100,10,200,0,130,70,0.35,0,0,1,0,0,0,0,0,0,130,0,0,0,4861,0,0,0.18096313017306245,1
linkstate,200,10,400,8,256,144,0.36,0.03125,0.02,0.9987340436754932,0.6666666666666666,0.012499999999999999,6.25,10,9.125,4.25,248,0,0,0,9467,1.5078369905956113,0.5,0.4070742022299116,1
linkstate,400,10,798,51,516,282,0.3533834586466165,0.09883720930232558,0.06390977443609022,0.9905343679489296,0.29651162790697677,0.053125000000000006,18.745098039215687,50,27.54,7.586956521739131,465,0,0,0,17999,3.1670247046186897,2.3529411764705883,0.4924764999218112,1
linkstate,600,10,1194,198,811,383,0.32077051926298156,0.2441430332922318,0.1658291457286432,0.9725335180732712,0.29376854599406527,0.07292280494991162,23.207070707070706,90,32.61271676300578,11.547368421052632,613,0,0,0,23865,3.074247296112248,2.4393939393939394,0.5160019431982541,1
linkstate,800,10,1587,398,1127,460,0.2898550724637681,0.3531499556344277,0.25078764965343414,0.9503811689180153,0.26819407008086255,0.11783514921837993,29.71356783919598,110,41.438395415472776,20.52995391705069,729,0,0,5,28419,3.2784711993177766,2.628140703517588,0.511488783006346,1
linkstate,1200,10,2388,848,1791,597,0.25,0.4734785036292574,0.35510887772194305,0.929238685183335,0.2993293328626897,0.14722222222222223,28.35495283018868,95,41.193939393939395,18.59049773755656,943,0,0,3,37200,3.17605346203824,2.5129716981132075,0.5178136386849596,1
linkstate,1600,10,3180,1335,2432,748,0.23522012578616353,0.5489309210526315,0.419811320754717,0.9060300352987865,0.29673260724605466,0.16329875721694884,29.516104868913857,100,42.84423676012461,17.29253112033195,1095,2,0,148,43230,3.1667989748009706,2.444194756554307,0.5207994376779747,1
linkstate,2000,10,3979,1779,3056,923,0.23196783111334507,0.5821335078534031,0.4470972606182458,0.8990646717642345,0.3069887834339948,0.166747900419916,29.23946037099494,105,42.12103505843072,16.477619799894683,1277,0,0,308,51310,3.1248113567389177,2.4131534569983137,0.5244460937516758,1
linkstate,3000,10,5949,2695,4572,1377,0.2314674735249622,0.5894575678040245,0.45301731383425786,0.8953014374597725,0.3068078324225865,0.19970063429960283,32.39591836734694,110,44.58167570825799,18.450132100396303,1877,0,0,986,74128,3.1370421619808373,2.348051948051948,0.5292642347485286,1
linkstate,100,11,196,7,122,74,0.37755102040816324,0.05737704918032787,0.03571428571428571,0.9972683815160482,0.5833333333333334,0.010937500000000001,7.571428571428571,20,11.142857142857142,5,115,0,0,0,4381,1.7523219814241486,0.7142857142857143,0.17969413763806288,1
linkstate,200,11,396,11,247,149,0.37626262626262624,0.044534412955465584,0.027777777777777776,0.9974619289340102,0.4782608695652174,0.013297872340425532,7.545454545454546,15,11.818181818181818,5,236,0,0,0,9039,1.871031746031746,0.9090909090909091,0.3620360955770208,1
linkstate,400,11,794,25,498,296,0.37279596977329976,0.050200803212851405,0.031486146095717885,0.9967764847292794,0.423728813559322,0.021287465940054498,8.84,20,14.44,4.888888888888889,473,0,0,0,18244,2.5390693590869184,1.4,0.47501721111983786,1
linkstate,600,11,1193,137,776,417,0.3495389773679799,0.17654639175257733,0.11483654652137469,0.9814043088535933,0.28964059196617337,0.05522412125120929,24.313868613138688,100,32.63709677419355,17.844444444444445,639,0,0,0,24963,3.1836158192090394,2.343065693430657,0.5033233611178628,1
linkstate,800,11,1594,388,1103,491,0.308030112923463,0.35176790571169536,0.24341279799247176,0.9541712495417125,0.2821818181818182,0.08587110481586402,25.144329896907216,80,37.04034582132565,14.68586387434555,715,0,0,0,28628,3.2814232902033273,2.618556701030928,0.5070968637476745,1
linkstate,1200,11,2390,710,1675,715,0.29916317991631797,0.42388059701492536,0.29707112970711297,0.9408850408850409,0.28885272579332794,0.10348647388059701,26.504225352112677,90,38.758913412563665,17.121786197564276,960,5,0,0,39122,3.1713120891921123,2.4985915492957744,0.5133516892899647,1
linkstate,1600,11,3180,1135,2307,873,0.27452830188679245,0.4919809276116168,0.35691823899371067,0.9253991967559807,0.2951885565669701,0.12020249089214605,28.486343612334803,95,41.11486486486486,16.631175468483818,1168,4,0,6,47690,3.1550731526963505,2.4651982378854624,0.5168404516870434,1
linkstate,2000,11,3975,1705,2977,998,0.2510691823899371,0.5727242190124286,0.4289308176100629,0.9023818551583882,0.301024011299435,0.1430177157428533,30.005865102639298,100,41.48344370860927,17.313048245614034,1272,0,0,216,52142,3.1794038411401755,2.445161290322581,0.5201514017203921,1
linkstate,3000,11,5956,2652,4526,1430,0.24009402283411685,0.5859478568272205,0.445265278710544,0.8991240632011075,0.31373476872116407,0.1569602272727273,32.41892911010558,105,43.27651747394237,17.83701939435182,1874,0,0,693,74650,3.0899585380671706,2.3122171945701355,0.5270459765106718,1
linkstate,100,12,198,4,124,74,0.37373737373737376,0.03225806451612903,0.020202020202020204,0.9987445072190835,0.6666666666666666,0.012499999999999999,6.25,10,8.75,4,120,0,0,0,4773,1.4935897435897436,0.5,0.2419179570768813,1
linkstate,200,12,395,10,247,148,0.37468354430379747,0.04048582995951417,0.02531645569620253,0.9983792544570502,0.6666666666666666,0.014518002322880372,6.5,15,9.6,4.833333333333333,237,0,0,0,9240,1.5714285714285714,0.6,0.3784495202513374,1
linkstate,400,12,792,24,503,289,0.3648989898989899,0.04771371769383698,0.030303030303030304,0.9970955249569707,0.4444444444444444,0.026019080659150044,9.791666666666666,20,15.291666666666666,5.25,479,0,0,0,18538,2.2814885496183206,1.25,0.4657831281115624,1
linkstate,600,12,1188,196,796,392,0.32996632996632996,0.24623115577889448,0.16498316498316498,0.9682037555258142,0.25,0.07545426547582385,30.836734693877553,115,39.7,18.705583756345177,600,0,0,0,23873,3.4059314179796107,2.86734693877551,0.4944587091926311,1
linkstate,800,12,1589,297,1082,507,0.3190685966016362,0.2744916820702403,0.1869100062932662,0.9645841747180713,0.26052631578947366,0.10570899772209569,28.82154882154882,95,38.809701492537314,16.18421052631579,785,0,0,0,31049,3.370881706934421,2.8417508417508417,0.5070171195299503,1
linkstate,1200,12,2382,721,1693,689,0.2892527287993283,0.4258712344949793,0.30268681780016793,0.9341748231417772,0.2653662127346338,0.1342744338498212,34.25797503467406,115,44.79139072847682,18.438787878787878,972,0,0,233,38326,3.303922761754087,2.638002773925104,0.5176180180241676,1
linkstate,1600,12,3181,1078,2288,893,0.2807293303992455,0.47115384615384615,0.3388871424080478,0.9263357691942679,0.27776346302499355,0.15681368555801234,36.01576994434137,115,50.12367021276596,19.17889530090684,1209,1,0,506,48298,3.2835685400676735,2.61317254174397,0.5204960217047506,1
linkstate,2000,12,3971,1554,2930,1041,0.262150591790481,0.5303754266211604,0.3913371946612944,0.9111559248205211,0.28218630833484654,0.1611765682044474,36.94851994851995,115,49.99807692307692,21.0979381443299,1376,0,0,374,56104,3.2394673401446448,2.5585585585585586,0.5237966439320392,1
linkstate,3000,12,5944,2519,4416,1528,0.2570659488559892,0.5704257246376812,0.42378869448183043,0.8957045000475692,0.2872291904218928,0.17615384615384616,37.28543072647876,120,48.61861313868613,20.601311475409837,1894,3,0,1546,73772,3.20921024994749,2.356490670901151,0.5293012287107633,1
linkstate,100,13,197,15,127,70,0.3553299492385787,0.11811023622047244,0.07614213197969544,0.994732020155749,0.6521739130434783,0.021234428086070213,6.466666666666667,15,10.333333333333334,5.3,112,0,0,0,4343,1.6921739130434783,0.6666666666666666,0.34988759452278767,1
linkstate,200,13,395,39,254,141,0.3569620253164557,0.15354330708661418,0.09873417721518987,0.9888680571830326,0.4105263157894737,0.022716682199440823,10.923076923076923,30,16.41025641025641,7.178571428571429,215,0,0,0,8439,2.366077275703995,1.435897435897436,0.453607528755664,1
linkstate,400,13,791,135,533,258,0.32616940581542353,0.25328330206378985,0.1706700379266751,0.9790960451977401,0.40540540540540543,0.03975265017667845,15.674074074074074,70,21.84732824427481,10.982300884955752,398,0,0,0,15597,2.4487618280652304,1.5407407407407407,0.4856091717254592,1
linkstate,600,13,1188,257,826,362,0.3047138047138047,0.31113801452784506,0.21632996632996632,0.9624479052423777,0.3002336448598131,0.06263404172353286,19.44747081712062,55,30.753036437246962,9.570247933884298,569,0,0,0,21939,3.0590964321219487,2.350194552529183,0.5032038975622125,1
linkstate,800,13,1588,494,1145,443,0.27896725440806047,0.4314410480349345,0.3110831234256927,0.9359682932150389,0.28052243043725156,0.08922121080768676,29.218623481781375,100,39.02739726027397,19.398076923076925,650,1,0,0,25741,3.152834132546416,2.4534412955465585,0.5106432757735961,1
linkstate,1200,13,2382,886,1769,613,0.2573467674223342,0.500847936687394,0.3719563392107473,0.9206984733810348,0.28859934853420194,0.12570942111237232,30.214446952595935,110,40.881231671554254,17.21086956521739,882,1,0,44,35599,3.193106557092826,2.5316027088036117,0.5168304180039573,1
linkstate,1600,13,3176,1174,2344,832,0.2619647355163728,0.5008532423208191,0.369647355163728,0.9247433766741617,0.30501428942582487,0.13285352163679162,29.24701873935264,95,40.8824200913242,17.103025347506133,1170,0,0,79,47217,3.0994058382846807,2.4148211243611586,0.5217420520944934,1
linkstate,2000,13,3974,1557,2960,1014,0.2551585304479114,0.5260135135135136,0.3917966784096628,0.9171328954836617,0.30469667318982385,0.13977664464234416,29.70456005138086,105,40.95004382120946,19.22994652406417,1400,3,0,219,56336,3.0744611986901225,2.3455362877328194,0.5220114874737946,1
linkstate,3000,13,5954,2714,4580,1374,0.23076923076923078,0.5925764192139737,0.45582801477997986,0.8965848273213815,0.31492225574379207,0.17218190123331473,32.54384672070744,110,44.50539568345324,17.85965494359655,1865,1,0,923,73793,3.1062816004660743,2.299189388356669,0.5266915989137642,1
linkstate,100,14,196,8,128,68,0.3469387755102041,0.0625,0.04081632653061224,0.9974500637484063,0.6666666666666666,0.010266940451745381,6.125,15,8.625,4.75,120,0,0,0,4694,1.4453781512605042,0.5,0.31547191495474786,1
linkstate,200,14,394,22,255,139,0.35279187817258884,0.08627450980392157,0.05583756345177665,0.9951154529307282,0.5,0.02133436772692009,8.136363636363637,15,13,4.8125,233,0,0,0,8964,2.096597145993414,1.0454545454545454,0.3820978205408557,1
linkstate,400,14,787,130,532,255,0.3240152477763659,0.24436090225563908,0.16518424396442186,0.9725311866281571,0.29082774049217003,0.058035714285714295,19.26923076923077,60,30.549180327868854,12.241666666666667,402,0,0,0,15826,3.206352590066084,2.5,0.4687678093428892,1
linkstate,600,14,1187,287,838,349,0.2940185341196293,0.3424821002386635,0.2417860151642797,0.9557797431225279,0.2884422110552764,0.0896875,20.54355400696864,55,30.365079365079364,12.01048951048951,551,0,0,0,21506,3.151311895837443,2.480836236933798,0.49718975342292676,1
linkstate,800,14,1586,575,1165,421,0.26544766708701134,0.49356223175965663,0.362547288776797,0.9219287277274149,0.2877877877877878,0.11032233307751342,23.916521739130435,75,36.837890625,13.605172413793104,589,1,0,0,23594,3.203308348410442,2.5495652173913044,0.5137536679399904,1
linkstate,1200,14,2378,957,1782,596,0.25063078216989065,0.5370370370370371,0.4024390243902439,0.910277369080704,0.290616459155785,0.12290660639062981,27.865203761755485,90,41,16.304568527918782,825,0,0,1,33408,3.182125161738252,2.543364681295716,0.5164569505750767,1
linkstate,1600,14,3170,1335,2409,761,0.24006309148264984,0.5541718555417185,0.42113564668769715,0.9069145012749995,0.3022413402762056,0.14344966904495832,28.095880149812736,90,42.18063872255489,15.480258435032304,1074,0,0,12,43022,3.1665523118124876,2.458426966292135,0.5203547469555053,1
linkstate,2000,14,3964,1683,3000,964,0.24318869828456105,0.561,0.42457114026236126,0.9100344268934791,0.3157006190208216,0.17259414225941422,29.885918003565063,100,42.9054054054054,15.78310502283105,1317,0,0,57,53868,3.1052275839988615,2.4010695187165774,0.5237738097105381,1
linkstate,3000,14,5943,2756,4581,1362,0.22917718324078748,0.6016153678236194,0.4637388524314319,0.8899488421520896,0.30945430047159217,0.147898510282059,31.631712626995647,105,44.94802494802495,17.594085147871304,1825,0,0,778,71242,3.0746122400498868,2.2801161103047893,0.5298337547579165,1
linkstate,100,15,200,1,116,84,0.42,0.008620689655172414,0.005,0.9997865528281751,1,0.04807692307692307,127,130,127,0,115,0,0,0,4684,1,0,0.32646708779639294,1
linkstate,200,15,397,12,244,153,0.3853904282115869,0.04918032786885246,0.030226700251889168,0.998242144583608,0.75,0.013333333333333332,11.416666666666666,55,14.416666666666666,6.833333333333333,232,0,0,0,9086,1.4920273348519362,0.5,0.4274755131395694,1
linkstate,400,15,796,87,515,281,0.3530150753768844,0.16893203883495145,0.1092964824120603,0.9848261203282753,0.33852140077821014,0.04782321899736148,14.873563218390805,30,22.61627906976744,8.102564102564102,428,0,0,0,16680,2.9785631517960605,1.896551724137931,0.5044655298823912,1
linkstate,600,15,1189,236,802,387,0.32548359966358287,0.2942643391521197,0.1984861227922624,0.9618932143939722,0.2681818181818182,0.09099321406539172,21.78813559322034,70,32.99122807017544,10.55793991416309,566,0,0,0,22213,3.471688942891859,2.7796610169491527,0.51645786665436,1
linkstate,800,15,1585,419,1112,473,0.29842271293375394,0.3767985611510791,0.2643533123028391,0.9443337227681946,0.25864197530864197,0.10973182484810394,30.484486873508352,105,39.111111111111114,15.418823529411764,693,0,0,0,27482,3.4258842326966374,2.9045346062052504,0.5208707498013765,1
linkstate,1200,15,2387,764,1738,649,0.271889400921659,0.43958573072497126,0.3200670297444491,0.935970466713933,0.2917143948071783,0.11591212525791963,28.037958115183248,85,40.766497461928935,14.622908622908623,974,0,0,41,38243,3.2064675640673443,2.524869109947644,0.5252925196564353,1
linkstate,1600,15,3174,1031,2278,896,0.28229363579080025,0.45258999122036875,0.3248267170762445,0.9336584450904999,0.29148996324568843,0.1278775550704505,29.707080504364693,90,44.248,16.559245960502693,1245,2,0,108,49670,3.186825571239399,2.4791464597478177,0.5286658531113702,1
linkstate,2000,15,3966,1648,2977,989,0.24936964195663136,0.5535774269398723,0.41553202218860313,0.9033387137881234,0.2896818421515205,0.1467236467236467,33.65230582524272,110,46.95341098169717,18.11031833150384,1329,0,0,297,52869,3.1852174996883957,2.4387135922330097,0.5281347868381892,1
linkstate,3000,15,5959,2438,4424,1535,0.25759355596576605,0.5510849909584087,0.40912904849807014,0.9069575813845528,0.30410377946862915,0.13788968824940048,34.239950779327316,115,45.73226837060703,18.482576557550157,1985,1,0,1325,76823,3.1205672211617124,2.2797374897456932,0.5322139488263993,1
linkstate,100,16,199,4,124,75,0.3768844221105528,0.03225806451612903,0.020100502512562814,0.9987010175362633,0.6666666666666666,0.012499999999999999,5,10,7.25,4,120,0,0,0,4613,1.5,0.5,0.30241672109732204,1
linkstate,200,16,397,4,251,146,0.3677581863979849,0.01593625498007968,0.010075566750629723,0.9993590428373037,0.6666666666666666,0.017421602787456445,5.75,10,8,5.5,247,0,0,0,9355,1.5,0.5,0.4318413631727365,1
linkstate,400,16,796,24,517,279,0.35050251256281406,0.04642166344294004,0.03015075376884422,0.996703949856811,0.39344262295081966,0.025,10.041666666666666,20,15.9,5.052631578947368,493,0,0,0,18446,2.616831683168317,1.5,0.4574138093679076,1
linkstate,600,16,1191,63,783,408,0.3425692695214106,0.08045977011494253,0.05289672544080604,0.9922586858285799,0.3014354066985646,0.044846241457858774,21.285714285714285,80,31.933333333333334,9.323076923076924,720,0,0,0,26789,3.0867752936718453,2.1587301587301586,0.4905667290191393,1
linkstate,800,16,1590,364,1117,473,0.29748427672955974,0.3258728737690242,0.2289308176100629,0.9542164728999509,0.2603719599427754,0.1315028901734104,34.642857142857146,110,45.888888888888886,18.753246753246753,753,0,0,0,29137,3.3329052380515547,2.8076923076923075,0.5080117428359558,1
linkstate,1200,16,2383,920,1781,602,0.2526227444397818,0.5165637282425604,0.3860679815358791,0.9121196083620006,0.27702499247214696,0.14375,33.46304347826087,100,45.862023653088045,17.246900826446282,861,0,0,36,34433,3.253271189366477,2.632608695652174,0.5149718372199995,1
linkstate,1600,16,3177,1269,2378,799,0.2514951211835065,0.5336417157275021,0.39943342776203966,0.9128495065789474,0.29936305732484075,0.14276392763927637,31.19779353821907,110,43.14509394572025,16.333580980683507,1108,1,0,145,44256,3.1715878240395936,2.4286840031520884,0.5198765257654642,1
linkstate,2000,16,3968,1747,3041,927,0.23361895161290322,0.574482078263729,0.4402721774193548,0.8987076432679648,0.29878570206943733,0.17235595895816888,30.410990269032627,100,44.54503105590062,17.554675118858952,1294,0,0,165,51712,3.1665641761470398,2.436748712077848,0.5243452837244159,1
linkstate,3000,16,5955,2880,4649,1306,0.21931150293870696,0.6194880619488062,0.4836272040302267,0.8845231600715545,0.31641397495056034,0.15849953770968167,28.607291666666665,105,40.746957403651116,17.04385964912281,1769,0,0,748,68971,3.062971525339879,2.2274305555555554,0.5302376562936012,1
linkstate,100,17,199,4,126,73,0.36683417085427134,0.031746031746031744,0.020100502512562814,0.9991463935125907,1,0.0062499999999999995,4.75,10,4.75,0,122,0,0,0,4682,1,0,0.26380444223849114,1
linkstate,200,17,397,14,253,144,0.36272040302267,0.05533596837944664,0.03526448362720403,0.9978471474703983,0.7,0.00875,6.285714285714286,15,7.3076923076923075,5.25,239,0,0,0,9270,1.4239713774597496,0.42857142857142855,0.3686245234222945,1
linkstate,400,17,794,48,510,284,0.35768261964735515,0.09411764705882353,0.060453400503778336,0.9926417704011065,0.3609022556390977,0.02333722287047841,12.895833333333334,45,18.954545454545453,6.194444444444445,462,0,0,0,17942,2.6332067281606077,1.75,0.48365379261706354,1
linkstate,600,17,1191,175,793,398,0.3341729638958858,0.22068095838587642,0.14693534844668346,0.977171692899195,0.30701754385964913,0.043820112179487176,24.98857142857143,100,34.95679012345679,19.633540372670808,618,0,0,0,24399,2.9234897005366105,2.2914285714285714,0.508159710045476,1
linkstate,800,17,1590,370,1113,477,0.3,0.33243486073674755,0.23270440251572327,0.9566475889744096,0.28072837632776937,0.0831385942836599,27.102702702702704,85,36.68167202572347,16.12398921832884,742,1,0,0,29084,3.174309684776411,2.527027027027027,0.5193843407554781,1
linkstate,1200,17,2388,774,1704,684,0.2864321608040201,0.45422535211267606,0.3241206030150754,0.9317106989872979,0.28063814358230604,0.12142319277108433,32.076227390180875,105,42.55488721804511,17.239570917759238,929,1,0,33,37596,3.2220887454013063,2.5400516795865635,0.5210067811883682,1
linkstate,1600,17,3184,1333,2365,819,0.25722361809045224,0.5636363636363636,0.41865577889447236,0.9033699177387831,0.29628806401422536,0.14560031457532333,29.36909227306827,95,41.387634936211974,14.647386759581881,1032,0,0,146,41914,3.1615923028582573,2.4246061515378843,0.5236899666266115,1
linkstate,2000,17,3971,1755,3000,971,0.24452279022916143,0.585,0.4419541677159406,0.9006281626243239,0.30816505706760317,0.17705811138014527,31.04045584045584,105,42.47770154373928,15.910858995137763,1245,0,0,154,51461,3.15892346509672,2.4256410256410255,0.5267758474191259,1
linkstate,3000,17,5963,2779,4559,1404,0.2354519537145732,0.6095635007677123,0.46604058359885964,0.8831619894415115,0.3003999567614312,0.18451875066397536,30.84922634041022,110,45.468240584598085,17.855897914721446,1777,3,0,1085,68842,3.169847235101762,2.3249370277078087,0.5287171867696429,1
linkstate,100,18,198,4,122,76,0.3838383838383838,0.03278688524590164,0.020202020202020204,0.9991226146084667,1,0.008012820512820514,21.25,70,21.25,0,118,0,0,0,4555,1,0,0.14427860696517414,1
linkstate,200,18,397,2,239,158,0.3979848866498741,0.008368200836820083,0.005037783375314861,0.9997865528281751,1,0.0062499999999999995,5,10,5,0,237,0,0,0,9368,1,0,0.3038979226639695,1
linkstate,400,18,794,22,505,289,0.36397984886649876,0.04356435643564356,0.027707808564231738,0.9953401178361007,0.25287356321839083,0.04858657243816254,49.90909090909091,145,55.10526315789474,41.04347826086956,483,0,0,0,18583,3.1262975778546713,2.5,0.4688608604048629,1
linkstate,600,18,1195,40,755,440,0.3682008368200837,0.052980132450331126,0.03347280334728033,0.9967140896945187,0.43956043956043955,0.04496402877697842,20.5,95,26.710526315789473,14.93939393939394,715,0,0,0,27603,2.405818181818182,1.35,0.5036938525387589,1
linkstate,800,18,1593,280,1076,517,0.32454488386691777,0.26022304832713755,0.17576898932831136,0.9691873235017258,0.285132382892057,0.0882946518668012,29.635714285714286,120,36.71311475409836,19.704545454545453,795,1,0,1,30887,3.1241836734693877,2.2928571428571427,0.5070163473881544,1
linkstate,1200,18,2387,721,1715,672,0.28152492668621704,0.4204081632653061,0.3020527859237537,0.9422916815338138,0.29719703215169,0.11126543209876544,27.68654646324549,100,39.603678929765884,17.508130081300813,994,0,0,0,39613,3.111407520325203,2.4424410540915393,0.5183589216793283,1
linkstate,1600,18,3185,1043,2306,879,0.2759811616954474,0.4522983521248916,0.3274725274725275,0.9352616562805015,0.3024064946361264,0.11731755601547737,30.25215723873442,105,41.55806087936866,16.692582663092047,1263,0,0,190,49637,3.0397132894227044,2.3192713326941514,0.5191508218694473,1
linkstate,2000,18,3975,1522,2966,1009,0.25383647798742137,0.5131490222521915,0.3828930817610063,0.9209695926563396,0.30691671708005647,0.1645191975095123,32.1419185282523,110,44.26049618320611,18.01537515375154,1444,0,0,359,57430,3.0783333996894533,2.4007884362680683,0.5199838378560692,1
linkstate,3000,18,5966,2573,4537,1429,0.2395239691585652,0.5671148335904783,0.4312772376801877,0.9030062981427963,0.30543684710351376,0.18429119871647948,35.13874854255732,115,47.09931719428926,19.832124352331608,1964,0,0,704,77723,3.158427554200696,2.355227361057132,0.5269390263805596,1
linkstate,100,19,198,8,118,80,0.40404040404040403,0.06779661016949153,0.04040404040404041,0.996900597741864,0.5714285714285714,0.012499999999999999,7.5,20,10.75,6.25,110,0,0,0,4503,1.7421383647798743,0.75,0.28307182038525325,1
linkstate,200,19,394,13,244,150,0.38071065989847713,0.05327868852459016,0.03299492385786802,0.9979111697449429,0.6842105263157895,0.01015625,6.3076923076923075,15,8.384615384615385,5.6,231,0,0,0,9077,1.45,0.46153846153846156,0.42020490468675636,1
linkstate,400,19,794,19,487,307,0.3866498740554156,0.039014373716632446,0.02392947103274559,0.9983642311886587,0.6333333333333333,0.015224358974358974,7,15,9.894736842105264,5.090909090909091,468,0,0,0,18310,1.6125166444740346,0.5789473684210527,0.49728309879346466,1
linkstate,600,19,1189,143,791,398,0.3347350714886459,0.18078381795195955,0.12026913372582002,0.9813966348052768,0.3036093418259023,0.06125771076079506,20.06993006993007,60,30.29850746268657,11.05072463768116,648,0,0,0,24847,2.9997950819672132,2.3566433566433567,0.5014432617716038,1
linkstate,800,19,1588,266,1076,512,0.3224181360201511,0.24721189591078066,0.16750629722921914,0.97013216131728,0.2756476683937824,0.08248573554949143,25.23308270676692,90,36.99186991869919,17.754578754578755,810,0,0,0,31344,3.1911106135244065,2.6240601503759398,0.5183438605098015,1
linkstate,1200,19,2379,652,1681,698,0.2934005884825557,0.38786436644854255,0.2740647330811265,0.9449973197846505,0.27627118644067794,0.11666189521900944,32.5398773006135,105,43.62748643761302,17.74306569343066,1029,0,0,1,40546,3.2485907553551296,2.6180981595092025,0.5218105022328794,1
linkstate,1600,19,3173,1257,2381,792,0.24960605105578318,0.5279294414111718,0.39615505830444375,0.9105575997735635,0.28413200723327303,0.14488243430152142,32.99204455051711,110,44.645685279187816,17.51044776119403,1123,1,0,103,44935,3.2122842412015244,2.5879077167859985,0.5225236458422917,1
linkstate,2000,19,3971,1670,3013,958,0.24124905565348778,0.5542648523066711,0.4205489801057668,0.9021788432140038,0.2867937489266701,0.1530313026904186,32.951497005988024,115,46.08841732979664,17.85303867403315,1341,2,0,173,53531,3.241541112210858,2.5520958083832337,0.5219070576194818,1
linkstate,3000,19,5950,2692,4557,1393,0.23411764705882354,0.5907395216150977,0.45243697478991596,0.8966083737098368,0.30995970063327577,0.1699666632993232,33.13707280832095,110,46.306985294117645,17.381450252951097,1865,0,0,489,74827,3.152599869444712,2.37481426448737,0.5281012835189973,1
linkstate,100,20,198,5,124,74,0.37373737373737376,0.04032258064516129,0.025252525252525252,0.9989035087719298,1,0.005208333333333334,5,10,5,0,119,0,0,0,4555,1,0,0.3159144893111639,1
linkstate,200,20,398,29,256,142,0.35678391959798994,0.11328125,0.0728643216080402,0.9935359491948288,0.5087719298245614,0.01294642857142857,8.03448275862069,20,12.89655172413793,4.8125,227,0,0,0,8761,1.9472803347280334,1.0344827586206897,0.4648009476667936,1
linkstate,400,20,794,106,532,262,0.32997481108312343,0.19924812030075187,0.13350125944584382,0.9836065573770492,0.38405797101449274,0.033125,17.150943396226417,90,24.33653846153846,10.945054945054945,426,0,0,0,16560,2.5176889793840673,1.5849056603773586,0.49586201672237634,1
linkstate,600,20,1192,201,817,375,0.3145973154362416,0.2460220318237454,0.1686241610738255,0.9744051762971456,0.3216,0.052343749999999994,15.990049751243781,40,24.333333333333332,7.186813186813187,616,0,0,0,23794,2.985505319148936,2.1641791044776117,0.5101531687827433,1
linkstate,800,20,1590,348,1133,457,0.28742138364779873,0.30714916151809357,0.2188679245283019,0.9649730561970746,0.31868131868131866,0.06385789782736348,18.92816091954023,65,28.486486486486488,11.315950920245399,785,0,0,0,30084,2.9908067839594232,2.2241379310344827,0.5158072036768556,1
linkstate,1200,20,2379,755,1729,650,0.273224043715847,0.4366685945633314,0.31736023539302227,0.9350876760302859,0.28685410334346506,0.11205770600807408,30.096688741721856,105,40.569678407350686,15.144458281444583,974,0,0,188,37727,3.1423336547733847,2.4490066225165563,0.5187740381617787,1
linkstate,1600,20,3174,1267,2393,781,0.24606175173282924,0.5294609277058087,0.3991808443604285,0.9106731141988533,0.2894015532206487,0.14198942083557467,32.57379636937648,110,43.969896519285044,16.875636363636364,1125,1,0,217,44416,3.1916863441890913,2.4901341752170483,0.520881232071719,1
linkstate,2000,20,3976,1693,3026,950,0.23893360160965796,0.5594844679444811,0.4258048289738431,0.9026401801893342,0.2944859975647939,0.18033659991478485,31.228588304784406,105,43.48430493273543,16.797703663203936,1333,0,0,367,52933,3.2197595922022457,2.490844654459539,0.5242784307989791,1
linkstate,3000,20,5964,2732,4602,1362,0.2283702213279678,0.5936549326379835,0.4580818242790074,0.8947103334972238,0.3111617312072893,0.17861812856320938,32.27672035139092,105,46.38568129330254,17.246566164154103,1870,0,0,740,73869,3.1343077886823973,2.3579795021961933,0.528893036257029,1
linkstate,100,21,199,4,133,66,0.3316582914572864,0.03007518796992481,0.020100502512562814,0.9991706406800747,1,0.0062499999999999995,5,10,5,0,129,0,0,0,4819,1,0,0.2645299800644073,1
linkstate,200,21,398,6,261,137,0.3442211055276382,0.022988505747126436,0.01507537688442211,0.999171327946965,0.75,0.009375,5.5,10,7.166666666666667,4,255,0,0,0,9646,1.3291666666666666,0.3333333333333333,0.40773211017466165,1
linkstate,400,21,797,125,557,240,0.30112923462986196,0.2244165170556553,0.15683814303638646,0.9755778715312853,0.30413625304136255,0.04099973760167935,18.448,50,25.66386554621849,10.805309734513274,432,0,0,0,16418,2.9834570519618238,2.28,0.4528634621636799,1
linkstate,600,21,1198,242,839,359,0.2996661101836394,0.28843861740166865,0.2020033388981636,0.9640549942024185,0.27880184331797236,0.05464234104046243,25.706611570247933,95,34.60454545454545,18.21186440677966,596,1,0,0,23280,3.2342575187969924,2.524793388429752,0.48524493881024583,1
linkstate,800,21,1595,455,1164,431,0.2702194357366771,0.390893470790378,0.2852664576802508,0.9439516954356281,0.27693244065733413,0.0972388442468798,25.57802197802198,95,37.169117647058826,16.094298245614034,705,4,0,0,27671,3.2193045173870654,2.632967032967033,0.5018794568192976,1
linkstate,1200,21,2383,835,1768,615,0.2580780528745279,0.47228506787330315,0.3503986571548468,0.9243358869764202,0.2744904667981591,0.14272528374128265,32.16646706586826,100,47.07309486780716,19.25111111111111,930,3,0,12,37150,3.2375998513839868,2.6191616766467067,0.5180482511553339,1
linkstate,1600,21,3173,1138,2342,831,0.26189725811534825,0.48590947907771137,0.35865111881500156,0.9229947562633521,0.2870113493064313,0.1408973851030111,33.843585237258345,105,45.56996935648621,17.35223642172524,1204,0,0,181,47344,3.169075108317263,2.4358523725834798,0.5189763798195887,1
linkstate,2000,21,3963,1828,3042,921,0.2323996971990916,0.6009204470742933,0.4612667171334847,0.8877673593058071,0.29201277955271565,0.16530420313969474,33.05142231947484,105,46.91727672035139,17.597912524850894,1213,1,0,521,48996,3.189636929296758,2.446389496717724,0.5204410570780585,1
linkstate,3000,21,5943,2739,4583,1360,0.2288406528689214,0.5976434649792712,0.4608783442705704,0.8893293609776859,0.3009559389078123,0.18375644053241738,34.34027017159547,115,47.04772599663111,18.28351012536162,1844,0,0,1014,72120,3.178311917359536,2.3680175246440305,0.5279275205550499,1
linkstate,100,22,198,0,125,73,0.3686868686868687,0,0,1,0,0,0,0,0,0,125,0,0,0,4863,0,0,0.2367064368831934,1
linkstate,200,22,396,8,249,147,0.3712121212121212,0.0321285140562249,0.020202020202020204,0.9987450324199958,0.6666666666666666,0.012499999999999999,6.75,15,9.375,5,241,0,0,0,9550,1.5015974440894568,0.5,0.41001026694045173,1
linkstate,400,22,793,42,509,284,0.35813366960907944,0.0825147347740668,0.05296343001261034,0.9936767511583537,0.3620689655172414,0.026881720430107524,13.714285714285714,35,20.857142857142858,7.382352941176471,467,0,0,0,18229,2.777448071216617,1.7380952380952381,0.4883668740090255,1
linkstate,600,22,1188,102,772,416,0.3501683501683502,0.13212435233160622,0.08585858585858586,0.985485993607821,0.26424870466321243,0.06423173803526448,26.725490196078432,115,37.46236559139785,18.362745098039216,669,1,0,0,26209,3.3091303169872663,2.607843137254902,0.524455643294116,1
linkstate,800,22,1582,445,1146,436,0.27560050568900124,0.38830715532286214,0.28128950695322374,0.9490511551155115,0.30026990553306343,0.08626705955334987,23.46067415730337,75,33.62469135802469,12.065727699530516,701,0,0,0,27606,3.1882255389718077,2.440449438202247,0.5193410419573806,1
linkstate,1200,22,2379,901,1777,602,0.2530474989491383,0.5070343275182893,0.3787305590584279,0.9196770303570492,0.29406005221932113,0.13212693571093384,27.30299667036626,85,40.41724617524339,14.468340611353712,876,0,0,57,35025,3.2144003668883285,2.5061043285238624,0.5189564665673053,1
linkstate,1600,22,3170,1399,2450,720,0.22712933753943218,0.5710204081632653,0.4413249211356467,0.9037158913652001,0.3104749223257878,0.14355196191101627,25.464617583988563,90,38.60218253968254,14.18830242510699,1051,0,0,1,42292,3.126006855184233,2.443888491779843,0.5210036119024165,1
linkstate,2000,22,3972,1869,3098,874,0.22004028197381673,0.6032924467398322,0.4705438066465257,0.8917138317056188,0.308161582852432,0.13804360671236116,26.73729266987694,95,39.162412993039446,15.420997375328083,1229,0,0,9,49935,3.1530850011171756,2.4537185660781167,0.5223544587151621,1
linkstate,3000,22,5955,2861,4626,1329,0.22317380352644836,0.6184608733246866,0.4804366078925273,0.8855391291185226,0.3152964513996033,0.1450046628552893,29.424676686473262,105,42.196390658174096,15.161740824943163,1765,0,0,526,69676,3.101309287576359,2.3121286263544216,0.5283222680551269,1
linkstate,100,23,198,8,127,71,0.35858585858585856,0.06299212598425197,0.04040404040404041,0.9973896019142919,0.6666666666666666,0.012499999999999999,6,10,8.25,5,119,0,0,0,4585,1.5047021943573669,0.5,0.3055923961096375,1
linkstate,200,23,399,25,251,148,0.37092731829573933,0.099601593625498,0.06265664160401002,0.9938900203665988,0.46296296296296297,0.01953125,9.08,20,13.84,5.117647058823529,226,0,0,0,8784,2.162886597938144,1.16,0.43335242094547305,1
linkstate,400,23,794,72,518,276,0.34760705289672544,0.138996138996139,0.0906801007556675,0.9884376438104003,0.3582089552238806,0.03214285714285715,19.708333333333332,90,27.840579710144926,16.733333333333334,446,0,0,0,17183,2.608920748705695,1.8194444444444444,0.4802694980303312,1
linkstate,600,23,1193,241,806,387,0.32439228834870076,0.2990074441687345,0.20201173512154233,0.9612688098495212,0.26600441501103755,0.08100295778435064,26.684647302904565,85,36.86124401913876,14.282051282051283,565,0,0,0,22486,3.3100436681222707,2.809128630705394,0.5080206908656186,1
linkstate,800,23,1588,410,1111,477,0.30037783375314864,0.369036903690369,0.25818639798488663,0.9512445646591571,0.28792134831460675,0.09151785714285714,22.57560975609756,75,34.69190600522193,12.178660049627792,701,0,0,0,27783,3.1856777129853504,2.5439024390243903,0.509060413371408,1
linkstate,1200,23,2383,925,1785,598,0.25094418799832147,0.5182072829131653,0.38816617708770457,0.9181641445985709,0.2969502407704655,0.10987836168393045,27.415135135135134,95,38.266331658291456,16.520518358531316,860,0,0,0,34949,3.0861614386154677,2.483243243243243,0.5119118285888967,1
linkstate,1600,23,3173,1300,2379,794,0.2502363693665301,0.546448087431694,0.4097069019855027,0.9115817230439619,0.30288909599254427,0.11794164610248221,28.251538461538463,105,39.240356083086056,17.03614457831325,1079,0,0,50,44200,3.0809529343404995,2.4238461538461538,0.5196953991664982,1
linkstate,2000,23,3964,1744,3031,933,0.2353683148335015,0.5753876608380073,0.4399596367305752,0.9000654179865032,0.3004306632213609,0.14393239139046612,28.18348623853211,105,41.32595744680851,16.807209175314036,1287,0,0,83,52200,3.147453723449629,2.4615825688073394,0.5197967790194533,1
linkstate,3000,23,5954,2664,4489,1465,0.2460530735639906,0.5934506571619514,0.44743029895868325,0.8939837792034863,0.30417903630965976,0.17324800998907444,33.182807807807805,110,45.74007444168735,17.694472361809044,1823,2,0,469,73383,3.1585931406648537,2.3825075075075075,0.5279965406551992,1
linkstate,100,24,198,2,116,82,0.41414141414141414,0.017241379310344827,0.010101010101010102,0.9995688726018539,1,0.0062499999999999995,5,10,5,0,114,0,0,0,4637,1,0,0.3536109811261894,1
linkstate,200,24,397,31,251,146,0.3677581863979849,0.12350597609561753,0.07808564231738035,0.991941982272361,0.44285714285714284,0.016145833333333335,13,25,18.833333333333332,11.15,220,0,0,0,8617,2.1825259515570936,1.2580645161290323,0.43991527034733724,1
linkstate,400,24,790,55,502,288,0.36455696202531646,0.10956175298804781,0.06962025316455696,0.9911032028469751,0.3548387096774194,0.021484375,14.254545454545454,35,24.88095238095238,10.069767441860465,447,0,0,0,17267,2.589952153110048,1.8545454545454545,0.5086156501405784,1
linkstate,600,24,1187,156,772,415,0.34962089300758215,0.20207253886010362,0.13142375737152484,0.9793939885612298,0.30708661417322836,0.0392512077294686,20.391025641025642,70,29.485714285714284,13.97887323943662,616,0,0,0,24145,2.961350974930362,2.2115384615384617,0.500134197452313,1
linkstate,800,24,1587,376,1100,487,0.3068683049779458,0.3418181818181818,0.23692501575299307,0.9525113545284531,0.26441631504922647,0.08392857142857144,31.16223404255319,100,41.25706214689266,16.900537634408604,722,2,0,0,28522,3.3393341553637486,2.75531914893617,0.5129657685027985,1
linkstate,1200,24,2381,942,1775,606,0.25451490970180596,0.5307042253521127,0.39563208735825284,0.9106064332759422,0.28798532558850504,0.10947378207512086,27.006369426751593,90,38.25305623471883,14.360759493670885,833,0,0,0,33320,3.172197628203057,2.552016985138004,0.517957995923839,1
linkstate,1600,24,3175,1381,2422,753,0.23716535433070865,0.5701899256812551,0.43496062992125983,0.8991035255581415,0.2949594190516873,0.12568256279577722,29.231716147719045,100,41.350697674418605,17.150277008310248,1041,0,0,121,41601,3.1282790555446343,2.4388124547429397,0.5206179049169025,1
linkstate,2000,24,3969,1758,3013,956,0.24086671705719326,0.5834716229671424,0.4429327286470144,0.8959483202300034,0.2998464949684462,0.1277244986922406,31.2320819112628,105,42.50075642965204,16.891373801916934,1255,0,0,281,50203,3.123347726107168,2.38452787258248,0.524972609470597,1
linkstate,3000,24,5948,2676,4475,1473,0.2476462676529926,0.5979888268156425,0.44989912575655683,0.8888487505916939,0.2998991370615264,0.15823084200567644,34.0093423019432,115,46.35876528829353,17.819773095623987,1799,0,0,1475,69880,3.1611879324328385,2.3295964125560538,0.5303499625441236,1
linkstate,100,25,198,7,129,69,0.3484848484848485,0.05426356589147287,0.03535353535353535,0.9980785653287788,0.7777777777777778,0.008215962441314555,18.428571428571427,95,19.571428571428573,5,122,0,0,0,4675,1.2745762711864406,0.2857142857142857,0.28023286583752316,1
linkstate,200,25,397,17,258,139,0.3501259445843829,0.06589147286821706,0.042821158690176324,0.9969752619639192,0.6071428571428571,0.013762953367875648,10.235294117647058,55,13.588235294117647,5.1,241,0,0,0,9229,1.6118326118326118,0.6470588235294118,0.40454481694487304,1
linkstate,400,25,791,85,519,272,0.3438685208596713,0.16377649325626203,0.10745891276864729,0.9850215642848816,0.33073929961089493,0.035618504860878315,16.541176470588237,50,22.75609756097561,13.525641025641026,434,0,0,0,16901,2.6276529338327093,1.8588235294117648,0.4645159458154659,1
linkstate,600,25,1192,307,848,344,0.28859060402684567,0.36202830188679247,0.2575503355704698,0.9509114525014556,0.2801094890510949,0.08608120233288469,22.72312703583062,75,33.62237762237762,14.203947368421053,541,0,0,0,21231,3.2688567922212783,2.6026058631921822,0.4905004276031993,1
linkstate,800,25,1588,452,1144,444,0.2795969773299748,0.3951048951048951,0.28463476070528965,0.9449171673670684,0.2849936948297604,0.08841940532081377,23.449115044247787,75,34.26923076923077,13.217194570135746,692,0,0,0,27207,3.16776750330251,2.5553097345132745,0.5081100238563253,1
linkstate,1200,25,2382,892,1774,608,0.25524769101595296,0.5028184892897407,0.3744752308984047,0.9205140905654475,0.2925549360446048,0.11052735923869945,27.55156950672646,90,39.15974842767296,15.136314067611778,882,0,0,0,35310,3.1408005851452887,2.4417040358744395,0.5131042451261014,1
linkstate,1600,25,3175,1367,2413,762,0.24,0.5665147119767924,0.4305511811023622,0.9026943868720754,0.3001756697408871,0.12551417658292935,27.431602048280908,95,38.64808043875686,15.753120665742024,1044,2,0,74,42173,3.1230969060749953,2.392099487929773,0.5212808327709182,1
linkstate,2000,25,3967,1735,3037,930,0.23443408116964962,0.5712874547250576,0.43735820519284097,0.9003517605269511,0.30022495241391245,0.14257773979357044,29.608069164265128,105,40.66237698713096,16.454887218045112,1299,3,0,129,52086,3.1069902751226,2.360230547550432,0.5220314672948062,1
linkstate,3000,25,5951,2714,4530,1421,0.2387833977482776,0.5991169977924945,0.45605780541085533,0.890007993605116,0.3034436493738819,0.1505569609017885,35.2030213706706,115,46.21964382083109,16.83278364116095,1814,2,0,1143,71228,3.1434304816045477,2.3264554163596167,0.5308949054853696,1
linkstate,100,26,198,10,128,70,0.35353535353535354,0.078125,0.050505050505050504,0.996900597741864,0.7142857142857143,0.011436413540713633,13.7,80,15.6,5.5,118,0,0,0,4503,1.4251968503937007,0.4,0.2073520964962665,1
linkstate,200,26,396,33,259,137,0.34595959595959597,0.1274131274131274,0.08333333333333333,0.9906061283829121,0.39285714285714285,0.02578125,30.515151515151516,130,37.03125,29.64,226,0,0,0,8858,2.2718631178707223,1.5454545454545454,0.3897016605038929,1
linkstate,400,26,794,104,530,264,0.33249370277078083,0.19622641509433963,0.1309823677581864,0.9813837671192269,0.33121019108280253,0.036111111111111115,18.16346153846154,65,25.80808080808081,13.688172043010752,426,0,0,0,16553,2.769128232471341,2.019230769230769,0.478239608801956,1
linkstate,600,26,1188,256,825,363,0.3055555555555556,0.3103030303030303,0.21548821548821548,0.9670410367170627,0.33551769331585846,0.053467000835421885,20.0703125,75,28.745967741935484,11.085470085470085,569,0,0,0,22387,2.8573425069877447,2.0234375,0.5043549772473912,1
linkstate,800,26,1589,423,1117,472,0.2970421648835746,0.37869292748433303,0.26620516047828824,0.9523352965347213,0.30387931034482757,0.06934426229508198,23.423167848699762,90,31.96042216358839,14.56341463414634,694,0,0,0,27812,2.971253534401508,2.293144208037825,0.5194150966057239,1
linkstate,1200,26,2379,856,1724,655,0.27532576712904583,0.4965197215777262,0.3598150483396385,0.9229200972320238,0.29026788741946424,0.08761873566983296,27.957943925233646,95,36.90682414698163,15.786363636363637,866,2,0,34,35276,3.0727353707002876,2.4088785046728973,0.5213223689393753,1
linkstate,1600,26,3179,1305,2377,802,0.2522805913809374,0.5490113588557005,0.4105064485687323,0.9096522856313979,0.2993119266055046,0.1298042492241585,28.641379310344828,95,40.81255771006464,15.068382352941176,1072,0,0,5,43893,3.125298193797569,2.439080459770115,0.5233635721683794,1
linkstate,2000,26,3969,1805,3043,926,0.23330813807004283,0.5931646401577391,0.45477450239355,0.8976816019937169,0.3096054888507719,0.13520194151486098,29.462603878116344,105,39.15275590551181,17.029582673005812,1238,0,0,71,51078,3.102888116655305,2.3706371191135736,0.5241355712738007,1
linkstate,3000,26,5942,2699,4544,1398,0.23527431841130933,0.5939700704225352,0.45422416694715584,0.8974489179059364,0.3182032539495402,0.14900406324529636,30.812523156724712,100,44.30147460404151,16.295870006770482,1844,1,0,474,73754,3.074514318905519,2.2589848091885885,0.5295309750323239,1
linkstate,100,27,200,0,120,80,0.4,0,0,1,0,0,0,0,0,0,120,0,0,0,4813,0,0,0.34217625899280574,1
linkstate,200,27,397,16,253,144,0.36272040302267,0.06324110671936758,0.04030226700251889,0.9970136518771331,0.5714285714285714,0.016666666666666666,9.5,45,13.0625,8.3,237,0,0,0,9348,1.7295081967213115,0.75,0.363225666828978,1
linkstate,400,27,796,51,505,291,0.3655778894472362,0.100990099009901,0.06407035175879397,0.9911336641945018,0.32075471698113206,0.032327586206896554,14.254901960784315,35,19.96,8.181818181818182,454,0,0,0,17774,2.901044256588762,2.0784313725490198,0.4848465429244959,1
linkstate,600,27,1191,120,774,417,0.3501259445843829,0.15503875968992248,0.10075566750629723,0.9853660415142296,0.3157894736842105,0.049099836333878884,24,90,32.495652173913044,16.28828828828829,654,0,0,0,25587,2.871694417238002,2.1416666666666666,0.5132072110464121,1
linkstate,800,27,1588,374,1093,495,0.31171284634760704,0.3421774931381519,0.23551637279596976,0.9550505388580226,0.27848101265822783,0.07612766650382674,29.336898395721924,95,38.25212464589235,16.10236220472441,719,0,0,45,28490,3.084280830086666,2.5267379679144386,0.5122332460197858,1
linkstate,1200,27,2387,660,1679,708,0.29660661918726433,0.3930911256700417,0.2764976958525346,0.9466360003717127,0.2873313016978668,0.12798634812286688,31.534848484848485,105,43.75409836065574,19.73229461756374,1019,0,0,41,40706,3.086997860708343,2.4893939393939393,0.52153528581198,1
linkstate,1600,27,3179,983,2240,939,0.29537590437244415,0.4388392857142857,0.30921673482227113,0.933991147178163,0.27465772562168206,0.14856123806069402,37.85452695829095,120,49.54485488126649,21.142595978062158,1257,0,0,235,50406,3.1987135019234407,2.6012207527975586,0.5228825940127385,1
linkstate,2000,27,3967,1453,2861,1106,0.27880010083186285,0.5078643830828382,0.36627174187043104,0.9197253552539348,0.28835086326652115,0.17090900536369624,36.608396421197526,115,49.81566380133715,18.521013597033374,1407,1,0,469,57264,3.205989477944152,2.498967653131452,0.524380279084566,1
linkstate,3000,27,5941,2763,4507,1434,0.24137350614374684,0.6130463723097404,0.46507321999663354,0.8846330645662248,0.2975446909325867,0.2148923593827775,33.62866449511401,110,47.29259694477086,18.22890799108564,1737,7,0,661,70544,3.200922784076802,2.431053203040174,0.5297261135640843,1
linkstate,100,28,199,6,124,75,0.3768844221105528,0.04838709677419355,0.03015075376884422,0.998276604911676,0.75,0.009375,6.666666666666667,15,8.333333333333334,5,118,0,0,0,4634,1.3278008298755186,0.3333333333333333,0.2430497752621941,1
linkstate,200,28,397,18,252,145,0.36523929471032746,0.07142857142857142,0.04534005037783375,0.9970709481449338,0.6666666666666666,0.009881422924901184,7.833333333333333,40,9.88888888888889,8.5,234,0,0,0,9191,1.4967658473479948,0.4444444444444444,0.3574501605768648,1
linkstate,400,28,794,44,510,284,0.35768261964735515,0.08627450980392157,0.055415617128463476,0.993766745038001,0.38596491228070173,0.01865671641791045,15.954545454545455,35,21.86046511627907,11.96875,466,0,0,0,18175,2.521086077411901,1.5,0.46610140315845905,1
linkstate,600,28,1192,132,777,415,0.34815436241610737,0.16988416988416988,0.11073825503355705,0.9821138839527157,0.28509719222462204,0.04197405240396846,22.12121212121212,80,29.260162601626018,11.735537190082646,645,0,0,0,25423,3.3237395386813637,2.4696969696969697,0.49984687775066305,1
linkstate,800,28,1592,320,1085,507,0.3184673366834171,0.29493087557603687,0.20100502512562815,0.9614933231833032,0.26359143327841844,0.0693721817551162,27.18125,85,36.89041095890411,15.625,763,2,0,0,30313,3.3339694656488548,2.746875,0.509831054654287,1
linkstate,1200,28,2379,765,1729,650,0.273224043715847,0.4424522845575477,0.32156368221941994,0.9351836222902752,0.2845982142857143,0.11051080550098231,30.67843137254902,95,43.216510903426794,14.614080834419818,961,3,0,0,38783,3.2654433742942546,2.619607843137255,0.5139914055877456,1
linkstate,1600,28,3175,1136,2339,836,0.26330708661417324,0.48567764001710134,0.3577952755905512,0.9203767123287672,0.2714456391875747,0.12982263667946609,35.33098591549296,120,46.230955259975815,20.331703341483294,1203,0,0,167,48208,3.3188089441132846,2.710387323943662,0.5210070850801362,1
linkstate,2000,28,3971,1439,2905,1066,0.26844623520523797,0.4953528399311532,0.36237723495341223,0.9221711303051016,0.2872255489021956,0.13338895068594736,34.050729673384296,115,44.96887159533074,17.930654569021385,1465,1,0,173,59189,3.2320936063518597,2.5496872828353023,0.5226781975161291,1
linkstate,3000,28,5962,2475,4504,1458,0.24454880912445487,0.5495115452930728,0.4151291512915129,0.9062542736016775,0.30087527352297594,0.13992537313432837,33.969292929292926,115,46.89620991253644,17.73425555151074,2026,3,0,728,78794,3.155075830031425,2.3474747474747475,0.5290392828456776,1
linkstate,100,29,200,4,119,81,0.405,0.03361344537815126,0.02,0.9986882378662003,0.6666666666666666,0.012499999999999999,6.25,10,9,5.5,115,0,0,0,4568,1.4968152866242037,0.5,0.12561647809689586,1
linkstate,200,29,399,18,252,147,0.3684210526315789,0.07142857142857142,0.045112781954887216,0.9953448089206453,0.4186046511627907,0.025309336332958378,17.5,100,22.470588235294116,9.307692307692308,234,0,0,0,9194,2.4103703703703703,1.3888888888888888,0.39410599822815157,1
linkstate,400,29,795,90,520,275,0.34591194968553457,0.17307692307692307,0.11320754716981132,0.983736543581433,0.3202846975088968,0.031172069825436407,25.81111111111111,135,30.28235294117647,21.31168831168831,430,0,0,0,16997,2.9011194029850746,2.022222222222222,0.49605120621378773,1
linkstate,600,29,1192,145,775,417,0.3498322147651007,0.1870967741935484,0.12164429530201343,0.980550733785703,0.29411764705882354,0.046701880958515844,16.958620689655174,50,25.835714285714285,8.772727272727273,630,0,0,0,24855,3.136845956824003,2.372413793103448,0.5155373933773426,1
linkstate,800,29,1592,281,1053,539,0.3385678391959799,0.2668566001899335,0.1765075376884422,0.9651677684919546,0.25156669650850494,0.07362188220498847,28.89679715302491,95,39.832089552238806,18.162454873646208,772,0,0,0,30951,3.4120312677013707,2.921708185053381,0.5168028127435588,1
linkstate,1200,29,2388,778,1697,691,0.28936348408710216,0.4584560989982322,0.3257956448911223,0.9285537394749876,0.26967071057192377,0.11868440322186968,34.282776349614394,100,46.655502392344495,17.624548736462096,919,0,0,42,37453,3.296844816484224,2.6889460154241647,0.5174713139406871,1
linkstate,1600,29,3183,1204,2285,898,0.2821237825950361,0.5269146608315098,0.37825950361294375,0.9146435218904265,0.28537568144109976,0.14591816947837888,33.153654485049834,105,46.884488448844884,19.064150943396225,1081,0,0,254,44955,3.214405653993634,2.5074750830564785,0.5178167885729158,1
linkstate,2000,29,3980,1830,3022,958,0.2407035175879397,0.6055592322964924,0.45979899497487436,0.8953377564413758,0.3143789726851057,0.15330741907378861,28.673224043715848,100,41.854499579478556,16.38192267502612,1192,0,0,193,49603,3.1289012186664023,2.3978142076502733,0.5215868699555828,1
linkstate,3000,29,5949,2966,4644,1305,0.21936459909228442,0.6386735572782084,0.4985711884350311,0.8814858718480628,0.32246140465318546,0.16993628821561169,29.01281186783547,105,40.792869269949065,15.988268864933417,1678,0,0,373,68040,3.1146795618961383,2.3459204315576536,0.5282814835186204,1
linkstate,100,30,199,0,125,74,0.37185929648241206,0,0,1,0,0,0,0,0,0,125,0,0,0,4821,0,0,0.2535660091047041,1
linkstate,200,30,397,4,253,144,0.36272040302267,0.015810276679841896,0.010075566750629723,0.9995822890559732,1,0.008488964346349746,24.5,85,24.5,0,249,0,0,0,9572,1,0,0.45449062397192674,1
linkstate,400,30,792,42,525,267,0.3371212121212121,0.08,0.05303030303030303,0.9942786203918605,0.39622641509433965,0.04834254143646409,19.428571428571427,60,26.878048780487806,14.333333333333334,483,0,0,0,18421,2.6857734806629834,1.6666666666666667,0.49783913078731856,1
linkstate,600,30,1193,78,776,417,0.3495389773679799,0.10051546391752578,0.06538139145012574,0.9892754477776958,0.26804123711340205,0.07200886262924669,22.73076923076923,85,32.373333333333335,12.223684210526315,698,0,0,0,26843,3.2545589877186454,2.6538461538461537,0.5134410173821685,1
linkstate,800,30,1589,214,1071,518,0.32599118942731276,0.19981325863678806,0.13467589679043424,0.9760023498311059,0.26193390452876375,0.11387824606215413,34.72429906542056,110,45.868020304568525,18.428571428571427,857,0,0,0,33228,3.365495304453196,2.817757009345794,0.5230156832489039,1
linkstate,1200,30,2385,729,1723,662,0.27756813417190773,0.4230992455020313,0.30566037735849055,0.9399823477493381,0.28974562798092207,0.12658008056674538,33.51714677640604,115,41.38805970149254,16.833333333333332,994,0,0,96,39309,3.14959872930948,2.506172839506173,0.5259640857161282,1
linkstate,1600,30,3173,1150,2354,819,0.2581153482508667,0.48853016142735767,0.3624330286794831,0.9231261018656645,0.28981854838709675,0.1474056603773585,31.993913043478262,100,44.21995464852608,19,1203,1,0,98,47551,3.154939884997386,2.4730434782608697,0.5274915887307159,1
linkstate,2000,30,3965,1546,2960,1005,0.25346784363177804,0.5222972972972973,0.38991172761664566,0.9127645405967288,0.287842115062372,0.17177777777777778,34.058861578266495,110,46.714535901926446,18.36768149882904,1414,0,0,390,55808,3.1640166881356584,2.476067270375162,0.5285677339855815,1
linkstate,3000,30,5961,2538,4549,1412,0.23687300788458313,0.5579248186414597,0.4257674886763966,0.9056854591315018,0.30574629562703287,0.18891800154826416,31.905043341213553,105,43.90848363393454,17.64902102973169,2010,1,0,501,79212,3.1383069245452244,2.3770685579196216,0.5316238614624675,1
linkstate,100,31,199,13,134,65,0.32663316582914576,0.09701492537313433,0.06532663316582915,0.9964927663305567,0.8125,0.008938393839383938,8.923076923076923,50,9.923076923076923,18,121,0,0,0,4546,1.189010989010989,0.23076923076923078,0.2798556430446194,1
linkstate,200,31,397,31,261,136,0.3425692695214106,0.11877394636015326,0.07808564231738035,0.9946908527817719,0.6458333333333334,0.01294255177020708,9.612903225806452,20,12.166666666666666,10.1875,230,0,0,0,8993,1.546122448979592,0.5483870967741935,0.41659699495974967,1
linkstate,400,31,791,166,546,245,0.30973451327433627,0.304029304029304,0.20986093552465235,0.9606755895474824,0.26904376012965964,0.051875,23.066265060240966,80,32.41935483870968,14.506410256410257,380,0,0,0,15073,3.1441171282413123,2.6265060240963853,0.4809009384406016,1
linkstate,600,31,1189,287,844,345,0.29015979814970566,0.3400473933649289,0.2413793103448276,0.9551124385101898,0.2808219178082192,0.07246010906887498,26.902439024390244,100,35.313559322033896,17.12676056338028,557,0,0,0,21746,3.1115166261151663,2.5261324041811846,0.5025444309526438,1
linkstate,800,31,1589,459,1139,450,0.28319697923222154,0.40298507462686567,0.28886091881686593,0.9428199444033921,0.2824615384615385,0.09365817825661117,25.980392156862745,100,37.13299232736573,15.706521739130435,676,4,0,0,26794,3.136191841522221,2.588235294117647,0.5124282583949349,1
linkstate,1200,31,2382,1006,1810,572,0.2401343408900084,0.5558011049723757,0.42233417296389586,0.904662549379625,0.29355121097169534,0.11397625305900481,25.982107355864812,90,36.90311004784689,15.019550342130987,804,0,0,27,32492,3.122289498016524,2.503976143141153,0.5159661286798124,1
linkstate,1600,31,3177,1457,2435,742,0.23355366698142901,0.5983572895277207,0.45860875039345295,0.8911383928571428,0.2987492310846832,0.13112895096839225,26.786547700754976,90,38.36201022146508,14.50730411686587,978,0,0,48,39875,3.1545891807367235,2.459162663006177,0.5221717957495216,1
linkstate,2000,31,3970,1881,3076,894,0.2251889168765743,0.6115084525357607,0.4738035264483627,0.8878453140220928,0.308259587020649,0.13874955741767966,27.917065390749602,95,41.12490650710546,15.252902574457345,1194,1,0,303,48002,3.1336543076553878,2.3849016480595426,0.5247245919004438,1
linkstate,3000,31,5957,2906,4605,1352,0.22695987913379218,0.6310532030401738,0.48782944435118347,0.8793831252913451,0.3119699409554482,0.16247707653084045,29.44700619408121,100,43.373333333333335,15.14669163545568,1699,0,0,850,67063,3.140820164481994,2.3503097040605643,0.5291595004276938,1
linkstate,100,32,199,4,124,75,0.3768844221105528,0.03225806451612903,0.020100502512562814,0.9987373737373737,0.6666666666666666,0.012499999999999999,8,15,10.25,5.5,120,0,0,0,4746,1.5031847133757963,0.5,0.3551672114659291,1
linkstate,200,32,397,11,245,152,0.38287153652392947,0.044897959183673466,0.027707808564231738,0.9980453903789771,0.6111111111111112,0.011458333333333334,7.363636363636363,20,10.272727272727273,5.6,234,0,0,0,9191,1.636568848758465,0.6363636363636364,0.45772039645279083,1
linkstate,400,32,795,58,519,276,0.3471698113207547,0.11175337186897881,0.0729559748427673,0.9916922219124616,0.38926174496644295,0.02589285714285714,11.051724137931034,20,17.70175438596491,6.3478260869565215,461,0,0,0,17786,2.542489270386266,1.5172413793103448,0.49272433110002284,1
linkstate,600,32,1192,120,777,415,0.34815436241610737,0.15444015444015444,0.10067114093959731,0.9858229202491497,0.32345013477088946,0.0436808386721025,19.55,60,28.546296296296298,10.287037037037036,657,0,0,0,25798,2.879857079053149,2.0833333333333335,0.5102577253494037,1
linkstate,800,32,1591,239,1072,519,0.3262099308610937,0.22294776119402984,0.15021998742928974,0.9757838619318695,0.2972636815920398,0.06789772727272728,23.00836820083682,70,33.174358974358974,12.572052401746724,833,0,0,2,32395,3.114969775986725,2.418410041841004,0.5178349634565239,1
linkstate,1200,32,2385,746,1731,654,0.2742138364779874,0.43096476025418834,0.3127882599580713,0.938181025715531,0.29220524872698783,0.10898784478728377,26.646112600536192,90,35.776490066225165,16.536082474226806,985,0,0,11,38734,3.1191374879537426,2.415549597855228,0.5181753753150213,1
linkstate,1600,32,3170,1199,2320,850,0.26813880126182965,0.5168103448275863,0.37823343848580443,0.9147062980837186,0.2838541666666667,0.13484030589293747,32.42368640533778,105,44.4062806673209,16.98474446987033,1121,0,0,371,44928,3.216984509630761,2.4737281067556296,0.5220524475865908,1
linkstate,2000,32,3970,1726,2996,974,0.24534005037783374,0.5761014686248331,0.43476070528967253,0.9009631454711488,0.3002783576896312,0.14728973238667398,32.97972190034763,110,44.20686963309914,16.12164383561644,1270,0,0,402,51889,3.1674159599468683,2.437427578215527,0.5213603242485411,1
linkstate,3000,32,5959,2640,4496,1463,0.2455109917771438,0.5871886120996441,0.4430273535828159,0.8938256658595641,0.3010262257696693,0.1596053395240859,35.354166666666664,115,44.130410022779046,18.230794484569927,1856,0,0,1416,72414,3.120419857005223,2.2829545454545452,0.5283848684295629,1
linkstate,100,33,198,4,123,75,0.3787878787878788,0.032520325203252036,0.020202020202020204,0.998693948628646,0.6666666666666666,0.009398496240601503,14,45,15.5,74.5,119,0,0,0,4588,1.2076923076923076,0.25,0.28558718861209964,1
linkstate,200,33,394,6,249,145,0.3680203045685279,0.024096385542168676,0.015228426395939087,0.9991310959052895,0.75,0.009375,6,15,7.5,5.5,243,0,0,0,9199,1.3361344537815125,0.3333333333333333,0.387606208905035,1
linkstate,400,33,791,84,525,266,0.336283185840708,0.16,0.10619469026548672,0.9861607928223773,0.3559322033898305,0.032812499999999994,13.392857142857142,30,21.023809523809526,7.876712328767123,441,0,0,0,16817,2.6873556581986144,1.7380952380952381,0.4785589214232214,1
linkstate,600,33,1188,241,826,362,0.3047138047138047,0.2917675544794189,0.20286195286195285,0.9644227866660917,0.2921212121212121,0.05268450507170339,18.946058091286307,50,26.732456140350877,11.52017937219731,585,0,0,0,22364,3.1570020628008253,2.4066390041493775,0.49216976523663114,1
linkstate,800,33,1586,488,1152,434,0.27364438839848676,0.4236111111111111,0.3076923076923077,0.9398936747314744,0.29362214199759323,0.07860824742268041,21.315573770491802,70,31.59447004608295,13.771008403361344,664,0,0,0,25989,3.1721194029850746,2.4815573770491803,0.5090869576486962,1
linkstate,1200,33,2376,858,1741,635,0.26725589225589225,0.4928202182653647,0.3611111111111111,0.9203228476821192,0.2785714285714286,0.10238663484486873,31.534965034965033,100,43.41193181818182,18.15214994487321,883,0,0,48,35528,3.1779147700799255,2.578088578088578,0.519614873947716,1
linkstate,1600,33,3172,1171,2326,846,0.26670870113493067,0.5034393809114359,0.36916771752837324,0.9201798539681276,0.2918743768693918,0.12323202559353427,30.432963279248504,95,41.482365145228215,17.835068054443553,1155,0,0,78,46173,3.1429264927565854,2.438941076003416,0.5194077610776369,1
linkstate,2000,33,3969,1573,2907,1062,0.2675736961451247,0.5411076711386309,0.3963214915595868,0.9042187340392931,0.2795947387131177,0.13140747176368375,35.973299427844886,120,46.02534965034965,19.275111607142858,1333,1,0,493,52619,3.230941866357779,2.474253019707565,0.5214623937910977,1
linkstate,3000,33,5941,2822,4544,1397,0.23514559838411042,0.6210387323943662,0.4750042080457835,0.8790013939931568,0.2955592794302472,0.17252763376699598,34.000708717221826,110,46.11867174741426,17.854108091221494,1722,0,0,553,68809,3.2129921995652215,2.424521615875266,0.5264939783360172,1
linkstate,100,34,198,0,122,76,0.3838383838383838,0,0,1,0,0,0,0,0,0,122,0,0,0,4638,0,0,0.2664956534131395,1
linkstate,200,34,396,0,243,153,0.38636363636363635,0,0,1,0,0,0,0,0,0,243,0,0,0,9433,0,0,0.39645384750043766,1
linkstate,400,34,790,37,511,279,0.3531645569620253,0.07240704500978473,0.04683544303797468,0.9949519890260631,0.40217391304347827,0.030915775401069517,33.513513513513516,135,36.27777777777778,24.866666666666667,474,0,0,0,18133,2.3893951946975975,1.5405405405405406,0.49831377004802924,1
linkstate,600,34,1183,187,795,388,0.32797971259509723,0.23522012578616353,0.158072696534235,0.9725762683989804,0.280359820089955,0.07369167717528374,29.13368983957219,115,39.11363636363637,21.05235602094241,608,0,0,0,23655,3.2793721262089743,2.550802139037433,0.5149318763139619,1
linkstate,800,34,1584,327,1092,492,0.3106060606060606,0.29945054945054944,0.20643939393939395,0.9597798475867909,0.2647773279352227,0.09181266846361186,31.779816513761467,100,43.70103092783505,21.25925925925926,763,2,0,9,29462,3.2213806327900287,2.694189602446483,0.5203052245205446,1
linkstate,1200,34,2367,786,1741,626,0.26446979298690326,0.4514646754738656,0.3320659062103929,0.9320833748878029,0.28854625550660795,0.12997751025267892,30.068702290076335,105,43.26610169491526,18.382422802850357,954,1,0,8,37376,3.1724737299518053,2.544529262086514,0.5236280394572445,1
linkstate,1600,34,3163,1259,2372,791,0.25007903888713245,0.5307757166947723,0.39803983559911477,0.9082505489909024,0.286984271711876,0.1281033781033781,32.332009531374105,115,43.95260663507109,16.80883417813179,1113,0,0,276,43152,3.137082679811786,2.4241461477362987,0.5267291902434326,1
linkstate,2000,34,3959,1771,3035,924,0.23339227077544836,0.5835255354200989,0.44733518565294267,0.8929694760168704,0.29570879946568707,0.11952003023431597,32.05590062111801,110,44.03438395415473,16.83160083160083,1264,0,0,331,49636,3.146926729115873,2.3845285149632978,0.5294022441827363,1
linkstate,3000,34,5946,2824,4610,1336,0.2246888664648503,0.6125813449023861,0.47494113689875544,0.8834479309913739,0.3029067896599807,0.144358565411197,33.448300283286116,115,46.18594823032224,18.8275,1786,0,0,804,69863,3.1329680347393083,2.3190509915014164,0.530525844431239,1
linkstate-mpr,100,0,196,16,124,72,0.3673469387755102,0.12903225806451613,0.08163265306122448,0.9938524590163934,0.5925925925925926,0.016666666666666666,6.75,15,10.5,4.6,108,0,0,0,4365,1.7373417721518987,0.75,0.036797037722749365,0.07117070654976793
linkstate-mpr,200,0,394,24,255,139,0.35279187817258884,0.09411764705882353,0.06091370558375635,0.9951826125924266,0.5581395348837209,0.018726591760299626,7.166666666666667,15,11,5.0625,231,0,0,0,8883,1.795643153526971,0.7916666666666666,0.14128402243922708,0.2746524201853759
linkstate-mpr,400,0,788,102,520,268,0.3401015228426396,0.19615384615384615,0.12944162436548223,0.9835837169857039,0.3763837638376384,0.04301619433198381,12.235294117647058,30,19.551020408163264,8.415730337078651,418,0,0,0,16237,2.6897681451612905,1.7647058823529411,0.2704759835374115,0.4720042637609925
linkstate-mpr,600,0,1189,348,845,344,0.28931875525651807,0.41183431952662725,0.2926829268292683,0.9436012830947479,0.29541595925297115,0.08317399617590823,21.089080459770116,60,29.59433962264151,10.737160120845921,497,0,0,0,19709,3.1964771817453963,2.4885057471264367,0.30680572220613184,0.5188612679114198
linkstate-mpr,800,0,1582,650,1177,405,0.25600505689001263,0.5522514868309261,0.4108723135271808,0.9087047063723448,0.2965328467153285,0.09745711886769821,22.49692307692308,75,32.949675324675326,12.786604361370717,527,0,0,0,21818,3.124467707594038,2.4553846153846153,0.330950917455216,0.5145429705487246
linkstate-mpr,1200,0,2378,1098,1822,556,0.23380992430613962,0.6026344676180022,0.46173254835996635,0.8884857571214393,0.2952406560903469,0.11741808537941655,27.16848816029144,95,38.561809045226134,15.197879858657243,723,1,0,42,29589,3.0963535377928038,2.4171220400728597,0.35321119034299736,0.47015747991620427
linkstate-mpr,1600,0,3165,1527,2455,710,0.22432859399684044,0.6219959266802444,0.4824644549763033,0.8873350130602622,0.31329503487894955,0.11657200439721507,24.587426326129666,85,37.131967213114756,15.16527866752082,927,1,0,15,38372,3.063961063846095,2.3451211525867715,0.3691126495476854,0.4397844071438892
linkstate-mpr,2000,0,3960,1983,3089,871,0.21994949494949495,0.641955325348009,0.5007575757575757,0.8785721067122377,0.310086004691165,0.13384179265658747,28.33383761976803,100,39.057005494505496,16.158276863504355,1106,0,0,87,46183,3.0741902560561942,2.3827534039334344,0.3830189287790603,0.4050105817640524
linkstate-mpr,3000,0,5952,2947,4594,1358,0.22815860215053763,0.6414888985633435,0.495127688172043,0.8787733960241291,0.3140117208311135,0.15097954834214516,30.26094333220224,105,42.88461538461539,15.375987361769353,1647,0,0,559,67473,3.1407884073630994,2.3647777400746524,0.3959289720696123,0.32770212962614204
linkstate-mpr,100,1,195,10,132,63,0.3230769230769231,0.07575757575757576,0.05128205128205128,0.997605051164816,0.9090909090909091,0.006446621970087674,5,15,5.4,6,122,0,0,0,4582,1.1670190274841437,0.1,0.0660347551342812,0.16222177661920995
linkstate-mpr,200,1,392,18,256,136,0.3469387755102041,0.0703125,0.04591836734693878,0.9974901789611523,0.782608695652174,0.008311784263021796,11.666666666666666,70,12.88888888888889,5.2,238,0,0,0,9141,1.309823677581864,0.2777777777777778,0.1170890245509245,0.27577827400499144
linkstate-mpr,400,1,790,72,510,280,0.35443037974683544,0.1411764705882353,0.09113924050632911,0.9892633633806052,0.3850267379679144,0.01827782290820471,11.333333333333334,25,17.375,5.607843137254902,438,0,0,0,17230,2.52931488801054,1.5694444444444444,0.23335651791924442,0.4737637937136055
linkstate-mpr,600,1,1189,262,832,357,0.3002523128679563,0.31490384615384615,0.22035323801513879,0.9620129317679088,0.2933930571108623,0.05499580184718724,21.11832061068702,70,30.841269841269842,15.330708661417322,570,0,0,0,22615,3.055543687246315,2.3625954198473282,0.29155890717778904,0.5015402649800992
linkstate-mpr,800,1,1593,363,1091,502,0.31512868801004396,0.3327222731439047,0.2278719397363465,0.9581490634755463,0.28205128205128205,0.0679368168887558,24.94490358126722,95,37.637540453074436,14.806722689075631,728,0,0,0,29465,3.195957962813258,2.6225895316804406,0.31437782439148004,0.4910088752308532
linkstate-mpr,1200,1,2384,911,1755,629,0.2638422818791946,0.5190883190883191,0.3821308724832215,0.9148863487058205,0.28125964803951836,0.10110538932788776,28.422612513721184,90,40.00239808153477,17.914225941422593,843,1,0,36,34780,3.2168811752470097,2.5367727771679474,0.3567993102610245,0.48442242293487403
linkstate-mpr,1600,1,3176,1312,2358,818,0.2575566750629723,0.556403731976251,0.41309823677581864,0.905575855164014,0.28683865325754265,0.11526567332021366,32.6234756097561,110,42.47598719316969,16.68731778425656,1046,0,0,62,43805,3.187364746945899,2.5480182926829267,0.37488313758346403,0.44198125520397685
linkstate-mpr,2000,1,3975,1625,2947,1028,0.25861635220125784,0.5514082117407533,0.4088050314465409,0.9084836339345357,0.2965328467153285,0.12144266411574794,32.50276923076923,105,45.68924640135479,17.074584050487665,1321,1,0,320,54080,3.1861448968799575,2.4252307692307693,0.3863544323597255,0.40820362943101657
linkstate-mpr,3000,1,5947,2770,4569,1378,0.23171346897595427,0.606259575399431,0.4657810660837397,0.8868109994347922,0.30069474598349977,0.1509043364567444,34.3,115,46.53281423804227,18.094655505473277,1799,0,0,900,71274,3.1510945116676674,2.3664259927797833,0.40041142950160286,0.33816290182661884
linkstate-mpr,100,2,200,6,123,77,0.385,0.04878048780487805,0.03,0.998673446827327,1,0.00625,5,10,5,0,117,0,0,0,4517,1.0204081632653061,0,0.03556187766714083,0.30069708491761726
linkstate-mpr,200,2,397,34,254,143,0.3602015113350126,0.13385826771653545,0.08564231738035265,0.990727862772369,0.425,0.02125,13,20,18.794117647058822,9.208333333333334,220,0,0,0,8548,2.378504672897196,1.411764705882353,0.15950370498018265,0.41095122407026724
linkstate-mpr,400,2,795,136,531,264,0.3320754716981132,0.256120527306968,0.1710691823899371,0.9732352381556415,0.3222748815165877,0.04768583450210379,14.705882352941176,35,23.5078125,6.628099173553719,395,0,0,0,15345,2.9994141769185707,2.110294117647059,0.2389361364194233,0.44364245565141147
linkstate-mpr,600,2,1191,275,825,366,0.30730478589420657,0.3333333333333333,0.23089840470193115,0.9566617469475379,0.2837977296181631,0.06610576923076923,22.53090909090909,75,31.921641791044777,9.985074626865671,550,0,0,0,21390,3.225857624429903,2.4509090909090907,0.2906110574426383,0.4700944457703979
linkstate-mpr,800,2,1586,493,1146,440,0.27742749054224464,0.43019197207678883,0.3108448928121059,0.9385462635398811,0.29258160237388725,0.08559027777777777,21.679513184584177,70,32.12419700214133,11.343096234309623,653,0,0,0,25734,3.21007868548947,2.4827586206896552,0.32997902048318234,0.48785478300045054
linkstate-mpr,1200,2,2380,868,1742,638,0.2680672268907563,0.49827784156142363,0.36470588235294116,0.9209823532492014,0.2876076872100729,0.10996250126684907,29.475806451612904,95,40.50573065902579,14.692825112107624,873,1,0,20,35156,3.2522649764029072,2.5472350230414746,0.36391247240309643,0.45405888754319385
linkstate-mpr,1600,2,3169,1198,2322,847,0.2672767434521931,0.5159345391903531,0.37803723572104764,0.9108531842489062,0.2722108611679164,0.13739792641526746,34.792153589315525,115,46.77298524404086,17.233687405159333,1124,0,0,202,44765,3.343139943653544,2.6318864774624373,0.3731480345001291,0.42903853624902055
linkstate-mpr,2000,2,3965,1623,2939,1026,0.2587641866330391,0.5522286492004083,0.40933165195460275,0.9012155452833419,0.2812824956672444,0.13839620710826114,36.39556377079482,110,48.54940374787053,18.085446527012127,1315,1,0,390,52250,3.257068760580629,2.540357362908195,0.3820242384303029,0.4004097853224971
linkstate-mpr,3000,2,5956,2630,4457,1499,0.2516789791806582,0.5900830154812654,0.44157152451309606,0.8918686079283227,0.2993398588663783,0.1436404946039236,34.2638783269962,110,44.74398717263495,16.13821138211382,1827,0,0,1303,71164,3.18412613575628,2.338783269961977,0.39774838376401284,0.3315134033588102
linkstate-mpr,100,3,197,6,124,73,0.37055837563451777,0.04838709677419355,0.030456852791878174,0.9982839982839983,0.75,0.009375,11.166666666666666,40,12.5,19,118,0,0,0,4654,1.2277227722772277,0.3333333333333333,0.08962829736211031,0.1774193548387097
linkstate-mpr,200,3,398,6,246,152,0.38190954773869346,0.024390243902439025,0.01507537688442211,0.9991492076996703,0.75,0.009375,6.5,15,8,6,240,0,0,0,9395,1.3060344827586208,0.3333333333333333,0.11802885609161189,0.25249923336399877
linkstate-mpr,400,3,790,59,506,284,0.3594936708860759,0.116600790513834,0.07468354430379746,0.989813052725848,0.3241758241758242,0.026087725504067915,16.016949152542374,55,21.982456140350877,13.212765957446809,447,0,0,0,17684,2.7701401050788093,2.0847457627118646,0.20604425436654777,0.3769613223994318
linkstate-mpr,600,3,1189,111,776,413,0.3473507148864592,0.14304123711340205,0.09335576114381834,0.9880303434605269,0.3535031847133758,0.0346875,15.693693693693694,45,21.704761904761906,10.842105263157896,665,0,0,0,25919,2.661248527679623,1.864864864864865,0.29098818578323776,0.4933746112564614
linkstate-mpr,800,3,1586,302,1074,512,0.3228247162673392,0.2811918063314711,0.19041614123581338,0.968389974647797,0.3065989847715736,0.05790765454824359,17.043046357615893,50,27.701067615658364,8.70242214532872,772,0,0,0,30176,2.969785059901339,2.274834437086093,0.32002639392939625,0.49711713913005784
linkstate-mpr,1200,3,2372,848,1744,628,0.26475548060708265,0.48623853211009177,0.357504215851602,0.9251365838573343,0.2919104991394148,0.10136750502056041,25.787735849056602,90,36.808803301237965,13.943155452436194,896,0,0,22,35877,3.1826387946246775,2.5117924528301887,0.3481236180400157,0.4821103898917593
linkstate-mpr,1600,3,3170,1187,2335,835,0.2634069400630915,0.5083511777301927,0.3744479495268139,0.9203015075376885,0.2993694829760404,0.1300166491412548,29.892165122156698,105,41.333695652173915,14.27555910543131,1146,2,0,208,45577,3.137666152957041,2.4380791912384163,0.37420602299510125,0.44091864218991766
linkstate-mpr,2000,3,3959,1631,2966,993,0.25082091437231624,0.5498988536749831,0.41197272038393534,0.9082138686254929,0.3007560390927531,0.14551067018770963,30.433476394849784,100,43.44808231992516,15.938961779806046,1334,1,0,227,53433,3.1956796134011323,2.4530962599632127,0.38036235074263597,0.4008341882435805
linkstate-mpr,3000,3,5944,2748,4497,1447,0.2434387617765814,0.6110740493662442,0.46231493943472407,0.888489926191901,0.30724508050089444,0.144582877346578,33.60007278020378,110,45.90083632019116,15.250998668442078,1749,0,0,740,70524,3.166418660768148,2.391193595342067,0.3966453774019858,0.3315199126481692
linkstate-mpr,100,4,198,3,118,80,0.40404040404040403,0.025423728813559324,0.015151515151515152,0.999366687777074,1,0.006625441696113074,5.333333333333333,10,5.333333333333333,0,115,0,0,0,4734,1,0,0,0.1374198717948718
linkstate-mpr,200,4,396,26,255,141,0.3560606060606061,0.10196078431372549,0.06565656565656566,0.993653572600941,0.4482758620689655,0.01827896512935883,28.53846153846154,125,34.458333333333336,28,229,0,0,0,9081,1.9077306733167083,1.1153846153846154,0.11321525190138329,0.30620723362658847
linkstate-mpr,400,4,795,88,512,283,0.3559748427672956,0.171875,0.11069182389937107,0.9834206436014047,0.3055555555555556,0.030743432084963666,25.477272727272727,105,32.45783132530121,19.02469135802469,424,0,0,0,17083,2.8447284345047925,2.1363636363636362,0.23425868714508488,0.4264855530543649
linkstate-mpr,600,4,1193,220,802,391,0.32774518021793797,0.2743142144638404,0.18440905280804695,0.9652337228714524,0.26410564225690275,0.050700589970501475,26.327272727272728,90,35.32835820895522,16.787735849056602,582,0,0,0,23127,3.3080630454604663,2.7045454545454546,0.30064471539139287,0.5004739464846713
linkstate-mpr,800,4,1584,275,1062,522,0.32954545454545453,0.2589453860640301,0.1736111111111111,0.9708588475427854,0.2963362068965517,0.05725349766822119,18.87272727272727,60,28.44621513944223,12.54054054054054,785,2,0,0,30917,3.074716750025518,2.349090909090909,0.3215290221769858,0.5159222473684416
linkstate-mpr,1200,4,2377,929,1751,626,0.26335717290702565,0.5305539691604797,0.39082877576777453,0.9108706291804883,0.2834045149481391,0.11960552065094242,30.904198062432723,100,42.911989795918366,15.848730964467006,820,2,0,17,33483,3.251837426974056,2.5565123789020454,0.35301210319385085,0.4747261322567099
linkstate-mpr,1600,4,3174,1240,2351,823,0.259294265910523,0.5274351339855381,0.3906742281033396,0.913487974258192,0.2919020715630885,0.11689291101055807,33.47741935483871,110,40.568060021436224,17.335843373493976,1109,2,0,233,44622,3.137090944141886,2.443548387096774,0.3719914304251026,0.43197003292841935
linkstate-mpr,2000,4,3967,1770,3007,960,0.24199647088479959,0.5886265380778184,0.44618099319384924,0.8912203594087832,0.2883675464320626,0.12181357705224907,34.828813559322036,115,43.78004535147392,18.2796697626419,1237,0,0,615,49673,3.1761587670358797,2.440677966101695,0.3829497096651911,0.39172319582101894
linkstate-mpr,3000,4,5951,2782,4561,1390,0.23357418921189715,0.6099539574654681,0.46748445639388336,0.8838981880281779,0.3008868699978369,0.1457460184409053,33.85873472322071,115,43.60750670241287,18.161856963613552,1779,0,0,1163,69228,3.148013012567609,2.3429187634795112,0.39870046099559064,0.3248981584183699
linkstate-mpr,100,5,199,16,125,74,0.37185929648241206,0.128,0.08040201005025126,0.994795363141708,0.7272727272727273,0.01,5.5,10,7.5625,4.666666666666667,109,0,0,0,4205,1.3773291925465838,0.375,0.023997370151216304,0.1796
linkstate-mpr,200,5,395,31,252,143,0.3620253164556962,0.12301587301587301,0.07848101265822785,0.993284771226952,0.5254237288135594,0.012109374999999999,8.35483870967742,25,11.838709677419354,5.375,221,0,0,0,8727,1.8250798722044728,0.8709677419354839,0.11980631052796001,0.309136109384711
linkstate-mpr,400,5,792,120,527,265,0.3345959595959596,0.22770398481973433,0.15151515151515152,0.9753682685341705,0.29411764705882354,0.039735099337748346,19.633333333333333,60,26.872549019607842,9.914285714285715,407,0,0,0,16156,3.1699406121516676,2.3916666666666666,0.2405658280030235,0.45727976725281305
linkstate-mpr,600,5,1191,261,831,360,0.3022670025188917,0.3140794223826715,0.21914357682619648,0.9598412629944356,0.280343716433942,0.054014900662251654,27.160919540229884,95,35.08571428571429,15.178137651821862,570,0,0,0,22252,3.1399791594303577,2.4559386973180075,0.2966261509758465,0.46394116320445034
linkstate-mpr,800,5,1588,419,1111,477,0.30037783375314864,0.3771377137713771,0.26385390428211586,0.948353267761061,0.2780358327803583,0.06261207411835028,26.966587112171837,85,37.38035264483627,16.369829683698295,691,1,0,0,27672,3.1727060817969908,2.5178997613365155,0.3321135404985853,0.48510588613044936
linkstate-mpr,1200,5,2381,853,1749,632,0.26543469130617386,0.48770726129216696,0.3582528349433011,0.9232238251309711,0.28672268907563025,0.09223615916955018,25.730363423212193,85,37.72931276297335,14.870967741935484,891,5,0,2,35772,3.2040176211453746,2.536928487690504,0.35521918074640507,0.45406186432469087
linkstate-mpr,1600,5,3184,1181,2325,859,0.269786432160804,0.5079569892473118,0.3709170854271357,0.9181645125738904,0.289177277179236,0.09558728308728309,30.864521591871295,100,42.742553191489364,16.43027888446215,1144,0,0,134,45687,3.1737557009716437,2.489415749364945,0.37411012239263536,0.42831230738146675
linkstate-mpr,2000,5,3972,1683,2963,1009,0.2540281973816717,0.5680053999325009,0.42371601208459214,0.895712934748345,0.2826196473551637,0.10838485316846985,35.963161021984554,110,44.73684210526316,16.672451193058567,1279,1,0,413,50734,3.2184954399637213,2.4824717765894238,0.38468413077851016,0.3898224268332785
linkstate-mpr,3000,5,5963,2723,4514,1449,0.2429984906926044,0.6032343819229065,0.45664933758175413,0.8837393369096825,0.29425113464447805,0.12499081962397181,33.35328681601175,120,42.996541786743514,16.810478654592497,1788,3,0,1446,68897,3.202156734596875,2.371648916636063,0.3984573955740867,0.3254087305555688
linkstate-mpr,100,6,198,0,122,76,0.3838383838383838,0,0,1,0,0,0,0,0,0,122,0,0,0,4813,0,0,0.04128575641403716,0.18528203212551364
linkstate-mpr,200,6,397,6,247,150,0.3778337531486146,0.024291497975708502,0.015113350125944584,0.99914693964598,0.75,0.009375,6.166666666666667,10,7.833333333333333,5.5,241,0,0,0,9370,1.3291139240506329,0.3333333333333333,0.17006927390682844,0.4018610255723658
linkstate-mpr,400,6,795,52,506,289,0.3635220125786163,0.10276679841897234,0.06540880503144654,0.9918482875742994,0.3611111111111111,0.019548872180451128,20.96153846153846,95,27.826923076923077,16.25,454,0,0,0,17521,2.2718700890518595,1.7692307692307692,0.2538926243216492,0.4811351376416217
linkstate-mpr,600,6,1195,151,791,404,0.33807531380753136,0.19089759797724398,0.12635983263598327,0.9792070973107846,0.2876190476190476,0.034850443131462336,22.350993377483444,80,31.37062937062937,12.3828125,640,0,0,0,24724,2.933424711180732,2.4834437086092715,0.29409605597779065,0.5129378502255288
linkstate-mpr,800,6,1594,411,1122,472,0.2961104140526976,0.3663101604278075,0.2578419071518193,0.9479391891891892,0.26670992861778064,0.07339285714285715,28.515815085158152,95,37.958333333333336,17.904761904761905,711,0,0,0,28059,3.2008232407187527,2.7712895377128954,0.32546628152690554,0.5231157738968888
linkstate-mpr,1200,6,2385,918,1781,604,0.25324947589098534,0.5154407636159462,0.3849056603773585,0.9108312611962247,0.2752623688155922,0.12531396745659057,31.20152505446623,100,43.25911949685535,17.143737166324435,859,4,0,36,34030,3.2663201039688095,2.6263616557734206,0.364137190838848,0.49988848744368614
linkstate-mpr,1600,6,3176,1394,2453,723,0.2276448362720403,0.5682837342030167,0.4389168765743073,0.8990755498884284,0.29353548115392714,0.1572653429602888,29.543758967001434,90,41.17490494296578,15.50447350309704,1059,0,0,21,42285,3.1868472730518613,2.5164992826398853,0.3779419772916937,0.46326673894365694
linkstate-mpr,2000,6,3975,1823,3068,907,0.22817610062893082,0.5941981747066493,0.45861635220125785,0.8923044270326677,0.2993923468549844,0.14730122818358113,33.91003839824465,110,44.946616541353386,18.13467492260062,1245,0,0,364,50086,3.1677200681163216,2.455842018650576,0.3898965491836125,0.41782479117025473
linkstate-mpr,3000,6,5961,2782,4586,1375,0.23066599563831572,0.6066288704753597,0.4667002180842141,0.8837039511947631,0.2960204298786976,0.1726320492454329,36.10603882099209,115,46.82137075013492,18.34719136781974,1803,1,0,1244,70169,3.1758782412175877,2.395039539899353,0.3983543684927245,0.3393851588757534
linkstate-mpr,100,7,197,0,129,68,0.34517766497461927,0,0,1,0,0,0,0,0,0,129,0,0,0,4761,0,0,0.07649609713790113,0.3012018641157714
linkstate-mpr,200,7,396,2,256,140,0.35353535353535354,0.0078125,0.005050505050505051,0.9997892518440463,1,0.009025270758122744,5,10,5,0,254,0,0,0,9488,1,0,0.16645001547508512,0.4244406196213425
linkstate-mpr,400,7,796,36,525,271,0.34045226130653267,0.06857142857142857,0.04522613065326633,0.9929998384578106,0.27692307692307694,0.056249999999999994,30.36111111111111,125,34.1764705882353,17.78787878787879,489,0,0,0,18441,3.0184534270650265,2.6944444444444446,0.2549704882602778,0.4539325500700067
linkstate-mpr,600,7,1193,139,809,384,0.32187761944677284,0.17181705809641531,0.1165129924559933,0.9808159956768441,0.2796780684104628,0.086875,20.73381294964029,75,33.20634920634921,13.311111111111112,670,0,0,0,25410,3.253350626891483,2.633093525179856,0.3011062921694262,0.5123339396946144
linkstate-mpr,800,7,1586,308,1110,476,0.30012610340479196,0.2774774774774775,0.19419924337957126,0.9668534080298786,0.2892018779342723,0.07790368271954674,28.73051948051948,100,38.01470588235294,15.845360824742269,802,0,0,0,31065,3.1247009880395216,2.616883116883117,0.32568163796433724,0.5375594833446635
linkstate-mpr,1200,7,2385,671,1708,677,0.28385744234800836,0.39285714285714285,0.2813417190775681,0.9442277328875267,0.2793505412156536,0.0948704897636014,25.833084947839048,90,34.984182776801404,15.086181277860327,1034,3,0,0,40666,3.224673611427012,2.6140089418777945,0.350502695877737,0.5001454916117473
linkstate-mpr,1600,7,3178,1185,2351,827,0.26022655758338575,0.5040408336877924,0.37287602265575837,0.9156488398750939,0.2776476101218369,0.13434155632142208,32.18396624472574,105,45.086446104589115,17.534117647058824,1166,0,0,99,46231,3.289247841530763,2.6202531645569622,0.3668674155676533,0.463528262977069
linkstate-mpr,2000,7,3969,1727,3022,947,0.23859914336104812,0.571475843812045,0.4351221970269589,0.897786280404482,0.28860294117647056,0.1471239691951203,34.34568616097278,115,44.30286599535244,18.50936329588015,1294,1,0,274,52286,3.2099947396107313,2.513607411696584,0.38109653414579214,0.4242494148325685
linkstate-mpr,3000,7,5964,2873,4607,1357,0.22753185781354796,0.6236162361623616,0.4817236753856472,0.8823418319169027,0.3074371321562333,0.15845614189904697,34.24260355029586,115,46.21117318435754,17.34823977164605,1734,0,0,1142,68938,3.1676180643111715,2.3846153846153846,0.39394606645324604,0.3397482835438076
linkstate-mpr,100,8,200,11,127,73,0.365,0.08661417322834646,0.055,0.996216336523481,0.6470588235294118,0.015260821309655937,14.727272727272727,95,17.454545454545453,4.833333333333333,116,0,0,0,4476,1.5748218527315914,0.5454545454545454,0.07529983300440261,0.1866879872076754
linkstate-mpr,200,8,400,21,249,151,0.3775,0.08433734939759036,0.0525,0.995712512693219,0.5526315789473685,0.018472906403940885,17.761904761904763,100,16.55,20.5,228,0,0,0,8825,1.8416988416988418,0.9047619047619048,0.11896378269617706,0.3199629565318053
linkstate-mpr,400,8,795,112,519,276,0.3471698113207547,0.21579961464354527,0.14088050314465408,0.9785779676533415,0.3190883190883191,0.04625041295011563,23.0625,100,32.81308411214953,15.584158415841584,407,0,0,0,16034,2.8623853211009176,2.1964285714285716,0.23994904391332184,0.4905125343147606
linkstate-mpr,600,8,1194,216,791,403,0.33752093802345057,0.27307206068268014,0.18090452261306533,0.9666936756364877,0.2765685019206146,0.07487520798668885,23.453703703703702,80,34.96585365853659,13.640552995391705,570,5,0,0,22668,3.341985549906342,2.5925925925925926,0.2920919831020946,0.5174973199227045
linkstate-mpr,800,8,1588,458,1123,465,0.29282115869017633,0.40783615316117544,0.2884130982367758,0.9421719232270196,0.2809815950920245,0.11904761904761904,27.436681222707424,85,38.63961813842482,15.825708061002178,665,0,0,0,26557,3.2240186339658834,2.631004366812227,0.32838518100709024,0.5078516188229125
linkstate-mpr,1200,8,2382,746,1670,712,0.2989084802686818,0.4467065868263473,0.3131821998320739,0.9347885742796558,0.28538638102524866,0.1742339312406577,27.847184986595174,90,41.61857379767827,16.115577889447238,920,4,0,0,37471,3.2107501772236353,2.579088471849866,0.3533501671215682,0.48238092575744485
linkstate-mpr,1600,8,3176,1348,2403,773,0.24338790931989923,0.5609654598418643,0.4244332493702771,0.9063928856076178,0.30203898722832173,0.1691257653317274,29.61646884272997,100,42.99512195121951,17.593617021276597,1055,0,0,30,43185,3.130013043993834,2.47106824925816,0.3715023806114697,0.44552848604070516
linkstate-mpr,2000,8,3965,1775,3038,927,0.23379571248423708,0.5842659644502962,0.44766708701134933,0.8980685380075998,0.3049304243257172,0.18147799770979878,30.062535211267605,105,45.23863636363637,17.69569779643232,1262,1,0,50,51236,3.117082600442347,2.428169014084507,0.3785481401724707,0.40253603304002916
linkstate-mpr,3000,8,5947,2809,4562,1385,0.23289053304186985,0.6157387110916265,0.4723389944509837,0.8889304273056937,0.31515763491529225,0.1709302891636647,32.27625489498042,110,45.70592020592021,17.29257216996432,1751,2,0,469,70865,3.1250415523975734,2.356354574581702,0.3956871641175149,0.3343326883531473
linkstate-mpr,100,9,198,6,129,69,0.3484848484848485,0.046511627906976744,0.030303030303030304,0.9982795698924731,0.75,0.009375,5.833333333333333,15,7.5,5,123,0,0,0,4642,1.3389830508474576,0.3333333333333333,0.0011691348402182386,0.17135549872122763
linkstate-mpr,200,9,398,23,259,139,0.3492462311557789,0.0888030888030888,0.05778894472361809,0.9953524399690162,0.5476190476190477,0.021170839469808543,9.91304347826087,15,13.782608695652174,8.75,236,0,0,0,8995,1.802555168408827,0.8260869565217391,0.1594124358243012,0.42275892080069627
linkstate-mpr,400,9,792,198,568,224,0.2828282828282828,0.3485915492957746,0.25,0.9514161810543434,0.27615062761506276,0.050192658689920906,22.01010101010101,60,31.333333333333332,11.544943820224718,370,0,0,0,14041,3.32040614863912,2.595959595959596,0.24017020359797478,0.4343719670302609
linkstate-mpr,600,9,1185,343,849,336,0.28354430379746837,0.4040047114252061,0.28945147679324895,0.9422328931572629,0.28512053200332504,0.060040610558745273,21.02915451895044,65,30.28,12.116564417177914,506,0,0,0,19622,3.1564636795109,2.457725947521866,0.3063003569482155,0.4729258556538452
linkstate-mpr,800,9,1579,526,1163,416,0.2634578847371754,0.4522785898538263,0.3331222292590247,0.9327942835652501,0.29434806939003916,0.08317520556609741,23.505703422053234,70,34.85425101214575,10.383858267716535,637,0,0,0,24803,3.189042713028547,2.4486692015209126,0.33258402353284794,0.4879409056755527
linkstate-mpr,1200,9,2375,916,1762,613,0.2581052631578947,0.5198637911464246,0.3856842105263158,0.9142081788381966,0.28687754462887566,0.11168552477565355,27.608078602620086,90,39.766490765171504,14.582718651211803,841,5,0,25,34000,3.1885418352484223,2.521834061135371,0.3524296309432214,0.4548320927564786
linkstate-mpr,1600,9,3173,1246,2342,831,0.26189725811534825,0.5320239111870196,0.39268830759533563,0.9145794240026107,0.29751671442215855,0.12389626919099515,29.107544141252006,95,41.52934898612593,15.888720666161998,1096,0,0,159,44681,3.113653154119301,2.414927768860353,0.37457463177907485,0.42341337962281267
linkstate-mpr,2000,9,3961,1893,3052,909,0.22948750315576874,0.6202490170380078,0.4779096187831356,0.88668430335097,0.30690661478599224,0.1299566124780316,28.455361859482302,90,40.225053078556265,15.029774127310061,1159,0,0,25,48239,3.1353647132169575,2.414685684099313,0.3836740838334274,0.3959733645301569
linkstate-mpr,3000,9,5950,2857,4607,1343,0.2257142857142857,0.620143260256132,0.48016806722689076,0.8841174692726174,0.3104759834818518,0.13123323411604748,31.639481974098704,105,43.45331246739698,16.84227330779055,1750,0,0,913,69293,3.086568596724908,2.303115155757788,0.396294284980434,0.33281258135366115
linkstate-mpr,100,10,200,0,130,70,0.35,0,0,1,0,0,0,0,0,0,130,0,0,0,4861,0,0,0.0580715059588299,0.2643225219763565
linkstate-mpr,200,10,400,8,256,144,0.36,0.03125,0.02,0.9987340436754932,0.6666666666666666,0.012499999999999999,6.25,10,9.125,4.25,248,0,0,0,9467,1.5078369905956113,0.5,0.1639183850976697,0.3353278327139888
linkstate-mpr,400,10,798,51,516,282,0.3533834586466165,0.09883720930232558,0.06390977443609022,0.9904830014303003,0.2947976878612717,0.053125000000000006,18.745098039215687,50,27.1,8.404255319148936,465,0,0,0,18005,3.1681842528119977,2.3529411764705883,0.24997256028666429,0.443255365050528
linkstate-mpr,600,10,1194,196,809,385,0.3224455611390285,0.242274412855377,0.16415410385259632,0.9726172527606862,0.2916666666666667,0.07218621096051857,23.627551020408163,85,35.67045454545455,12.711340206185566,613,0,0,0,23869,3.0975148960906846,2.4081632653061225,0.2927465287482328,0.4696918745343171
linkstate-mpr,800,10,1588,411,1132,456,0.2871536523929471,0.3630742049469965,0.258816120906801,0.9496067776015121,0.275284661754856,0.12168403600189485,29.476885644768856,95,42.82960893854749,17.00232558139535,721,0,0,1,28133,3.321558245083207,2.67639902676399,0.33084741403215934,0.49725363130971273
linkstate-mpr,1200,10,2388,868,1792,596,0.24958123953098826,0.484375,0.36348408710217756,0.9266602841882495,0.29817931982136725,0.15069444444444444,28.018433179723502,105,40.95538461538462,17.651735722284435,923,1,0,0,36781,3.2207692307692306,2.5506912442396312,0.35947091464717723,0.4773388931761651
linkstate-mpr,1600,10,3180,1340,2434,746,0.23459119496855346,0.5505341002465078,0.42138364779874216,0.9053564321176446,0.2965914121292607,0.16391036304922205,31.101492537313433,105,44.01322482197355,16.89757785467128,1088,6,0,125,43094,3.2108506363027463,2.4835820895522387,0.3713066489552282,0.438462691863167
linkstate-mpr,2000,10,3979,1753,3046,933,0.23448102538326213,0.5755088640840447,0.4405629555164614,0.9049611578893214,0.3163118007939372,0.1643108878224355,27.758699372504278,95,40.85540211210398,15.004407713498622,1293,0,0,110,52661,3.09851224300031,2.3776383342840846,0.38504058292564186,0.4012876408955131
linkstate-mpr,3000,10,5949,2678,4572,1377,0.2314674735249622,0.5857392825896763,0.45015969070432005,0.8991136446789175,0.31328965839962564,0.19844092714446618,30.386855862584017,105,43.312350119904075,16.339958875942425,1894,0,0,432,75749,3.1380203574921803,2.3483943241224794,0.3975755383496557,0.33224572199396357
linkstate-mpr,100,11,196,7,122,74,0.37755102040816324,0.05737704918032787,0.03571428571428571,0.9972683815160482,0.5833333333333334,0.010937500000000001,7.571428571428571,20,11.142857142857142,5,115,0,0,0,4381,1.7523219814241486,0.7142857142857143,0.033074417439238286,0.22825040128410914
linkstate-mpr,200,11,396,11,247,149,0.37626262626262624,0.044534412955465584,0.027777777777777776,0.9974619289340102,0.4782608695652174,0.013297872340425532,7.545454545454546,15,11.818181818181818,5,236,0,0,0,9039,1.871031746031746,0.9090909090909091,0.12522891776401848,0.33085606113720817
linkstate-mpr,400,11,794,25,498,296,0.37279596977329976,0.050200803212851405,0.031486146095717885,0.9967764847292794,0.423728813559322,0.021287465940054498,8.84,20,14.44,4.888888888888889,473,0,0,0,18244,2.5390693590869184,1.4,0.25512725981757606,0.47246858253157414
linkstate-mpr,600,11,1193,150,778,415,0.34786253143336127,0.1928020565552699,0.12573344509639564,0.9780228498889242,0.27075812274368233,0.06046436633344083,29.1,110,36.25,19.726666666666667,628,0,0,0,24654,3.2786127167630057,2.5933333333333333,0.3051550779379688,0.5151020030164316
linkstate-mpr,800,11,1594,393,1107,487,0.3055207026348808,0.35501355013550134,0.2465495608531995,0.9526227865018376,0.2771509167842031,0.08697769121813032,26.1323155216285,90,37.598853868194844,15.774936061381075,714,0,0,0,28512,3.315901328273245,2.6615776081424936,0.323320711669815,0.5135313888770707
linkstate-mpr,1200,11,2390,743,1676,714,0.298744769874477,0.44331742243436756,0.3108786610878661,0.935642474499156,0.282402128468263,0.10829640858208954,28.53028263795424,95,40.73255813953488,16.192457737321195,932,1,0,0,38250,3.2068438867332616,2.6150740242261103,0.3542412830199252,0.488081131589995
linkstate-mpr,1600,11,3180,1185,2313,867,0.27264150943396226,0.5123216601815823,0.37264150943396224,0.9189279798059478,0.2882510338117246,0.12549775480809963,30.79409282700422,105,42.17633410672854,16.356614626129826,1122,6,0,66,46531,3.19222074986359,2.557805907172996,0.3700940684945058,0.44825862483448636
linkstate-mpr,2000,11,3975,1727,2987,988,0.24855345911949686,0.5781720790090392,0.43446540880503143,0.8994147768836869,0.29904761904761906,0.14486310562340624,29.70874348581355,100,42.4946764946765,16.340785169029445,1259,1,0,302,51337,3.2074106063223353,2.4742327735958307,0.38458200383920554,0.4098131206837661
linkstate-mpr,3000,11,5956,2688,4526,1430,0.24009402283411685,0.5939019001325674,0.4513096037609134,0.8973197161488301,0.31379873920149426,0.15909090909090912,32.30357142857143,110,44.09892879647133,18.161541061169313,1836,2,0,883,73975,3.10710084482943,2.3273809523809526,0.39843303129916263,0.33451123383907994
linkstate-mpr,100,12,198,4,124,74,0.37373737373737376,0.03225806451612903,0.020202020202020204,0.9987445072190835,0.6666666666666666,0.012499999999999999,6.25,10,8.75,4,120,0,0,0,4773,1.4935897435897436,0.5,0.15740181268882175,0.2872444011684518
linkstate-mpr,200,12,395,10,247,148,0.37468354430379747,0.04048582995951417,0.02531645569620253,0.9983792544570502,0.6666666666666666,0.014518002322880372,6.5,15,9.6,4.833333333333333,237,0,0,0,9240,1.5714285714285714,0.6,0.13000555070969788,0.32263676783297895
linkstate-mpr,400,12,792,24,503,289,0.3648989898989899,0.04771371769383698,0.030303030303030304,0.9970955249569707,0.4444444444444444,0.026019080659150044,9.791666666666666,20,15.291666666666666,5.25,479,0,0,0,18538,2.2814885496183206,1.25,0.25379990889201137,0.5058819985238519
linkstate-mpr,600,12,1188,200,801,387,0.32575757575757575,0.24968789013732834,0.16835016835016836,0.9678219835652103,0.2528445006321112,0.0769941484447182,29.47,95,39.65405405405406,17.383084577114428,601,0,0,0,23791,3.3884502244929555,2.89,0.30817279385931967,0.5319734928074996
linkstate-mpr,800,12,1589,286,1068,521,0.3278791692888609,0.26779026217228463,0.17998741346758967,0.9665031665217931,0.26506024096385544,0.10179384965831435,29.157342657342657,95,39.48461538461538,14.013651877133105,782,0,0,0,31133,3.3542443284694854,2.7762237762237763,0.3325606144243222,0.5106302355611638
linkstate-mpr,1200,12,2382,711,1690,692,0.290512174643157,0.42071005917159765,0.29848866498740556,0.9370619299087855,0.2711670480549199,0.13241209773539928,31.454289732770746,110,44.18487394957983,18.57,979,0,0,82,38956,3.312020143647321,2.6258790436005626,0.3583613376876649,0.47093391327737266
linkstate-mpr,1600,12,3182,1120,2299,883,0.2774984286612194,0.4871683340582862,0.3519798868636078,0.9226760509211184,0.27853767719472766,0.16292330967066215,34.89107142857143,115,49.48941798941799,18.425670186839966,1179,0,0,246,47735,3.3270492484012957,2.6875,0.37243141928959134,0.43394165268365986
linkstate-mpr,2000,12,3971,1572,2919,1052,0.26492067489297405,0.538540596094553,0.3958700579199194,0.9070229283264127,0.27749338040600174,0.16304347826086957,38.225826972010175,115,49.81563706563706,19.820963172804532,1346,1,0,393,54871,3.2754525209844116,2.604961832061069,0.38447643846321333,0.4005352428050555
linkstate-mpr,3000,12,5946,2581,4421,1525,0.2564749411368988,0.5838045691020132,0.43407332660612175,0.8917219657626466,0.28655490174308873,0.18048951048951048,37.289035257652074,120,50.441651705565526,19.056028833551768,1837,3,0,1427,72750,3.2504946452686787,2.427741185586982,0.3998422721915554,0.33399989690388476
linkstate-mpr,100,13,197,15,127,70,0.3553299492385787,0.11811023622047244,0.07614213197969544,0.994732020155749,0.6521739130434783,0.021234428086070213,6.466666666666667,15,10.333333333333334,5.3,112,0,0,0,4343,1.6921739130434783,0.6666666666666666,0.0549171765408148,0.21100362756952842
linkstate-mpr,200,13,395,39,254,141,0.3569620253164557,0.15354330708661418,0.09873417721518987,0.9888680571830326,0.4105263157894737,0.022716682199440823,10.923076923076923,30,16.41025641025641,7.178571428571429,215,0,0,0,8439,2.350657894736842,1.435897435897436,0.1362623486592884,0.2644175317185698
linkstate-mpr,400,13,791,134,532,259,0.3274336283185841,0.2518796992481203,0.16940581542351454,0.9794073329984933,0.40853658536585363,0.039458186101295645,14.888059701492537,60,21.84732824427481,10.428571428571429,398,0,0,0,15600,2.4458804523424877,1.537313432835821,0.253754443360911,0.45079252256734664
linkstate-mpr,600,13,1188,272,831,357,0.3005050505050505,0.32731648616125153,0.22895622895622897,0.9572543455125931,0.2821576763485477,0.06628972509261065,23.481617647058822,75,32.23360655737705,15.830258302583026,559,0,0,0,21588,3.071946397188049,2.488970588235294,0.3057520365838536,0.5083811261730969
linkstate-mpr,800,13,1588,502,1151,437,0.2751889168765743,0.43614248479582973,0.3161209068010076,0.9368051280194112,0.28767908309455587,0.09066608871550354,29.633466135458168,105,37.325635103926096,18.05314960629921,648,1,0,5,25863,3.138425410950439,2.4641434262948207,0.32822295602922735,0.5113045081589379
linkstate-mpr,1200,13,2382,894,1774,608,0.25524769101595296,0.503945885005637,0.37531486146095716,0.9206638280408351,0.2890397672162949,0.126844494892168,29.460850111856825,100,41.32703488372093,18.497826086956522,880,0,0,1,35892,3.1643239386371746,2.548098434004474,0.3574840982461267,0.4801253288073883
linkstate-mpr,1600,13,3176,1215,2342,834,0.26259445843828716,0.5187873612297181,0.3825566750629723,0.9154062751407884,0.2888730385164051,0.1374932102118414,31.5440329218107,105,43.03801843317972,16.985485103132163,1127,0,0,196,45318,3.216849244882524,2.5078189300411524,0.371793597121016,0.43610125681130124
linkstate-mpr,2000,13,3974,1595,2971,1003,0.2523905385002516,0.5368562773476944,0.40135883241066933,0.9130929603483539,0.302713987473904,0.14318802068371156,31.302194357366773,100,43.069664902998234,18.505827505827504,1375,1,0,252,55107,3.1331797580252463,2.4031347962382443,0.3822874747153986,0.40376948992200745
linkstate-mpr,3000,13,5953,2765,4588,1365,0.2292961532000672,0.6026591107236269,0.46447169494372587,0.8880943296367866,0.3041135063792345,0.17541744911942345,33.43363471971067,110,44.763125763125764,19.488503937007874,1823,0,0,996,71159,3.1679780663310027,2.342857142857143,0.39553611870474287,0.33734909318155853
linkstate-mpr,100,14,196,8,128,68,0.3469387755102041,0.0625,0.04081632653061224,0.9974500637484063,0.6666666666666666,0.010266940451745381,6.125,15,8.625,4.75,120,0,0,0,4694,1.4453781512605042,0.5,0.031110207401382674,0.1154663518299882
linkstate-mpr,200,14,394,22,255,139,0.35279187817258884,0.08627450980392157,0.05583756345177665,0.9951154529307282,0.5,0.02133436772692009,8.136363636363637,15,13,4.8125,233,0,0,0,8964,2.096597145993414,1.0454545454545454,0.12629150020664004,0.38633495583198124
linkstate-mpr,400,14,787,128,532,255,0.3240152477763659,0.24060150375939848,0.16264294790343076,0.9732016925246827,0.2929061784897025,0.05714285714285715,19.6171875,65,30.66115702479339,13.38655462184874,404,0,0,0,15870,3.196826758147513,2.4609375,0.257450591451172,0.5020196848153837
linkstate-mpr,600,14,1187,297,842,345,0.2906486941870261,0.3527315914489311,0.2502106149957877,0.9531577305343851,0.2825880114176974,0.0928125,22.956228956228955,80,32.724409448818896,13.05084745762712,545,0,0,0,21386,3.193169690501601,2.589225589225589,0.29646331233620415,0.5107599528732036
linkstate-mpr,800,14,1586,592,1172,414,0.2610340479192938,0.5051194539249146,0.37326607818411095,0.9173391064751033,0.2819047619047619,0.11358403683806599,24.407094594594593,75,36.794285714285714,14.323181049069374,579,1,0,0,23305,3.243486668023611,2.6182432432432434,0.32297378732640547,0.49877478526499647
linkstate-mpr,1200,14,2378,979,1784,594,0.24978973927670312,0.5487668161434978,0.41169049621530696,0.90748679370523,0.2926756352765321,0.1257320456180006,25.699693564862105,80,39.84860557768924,12.96,805,0,0,0,32812,3.275983399494767,2.5812053115423903,0.35773644211320627,0.4823980740701494
linkstate-mpr,1600,14,3170,1319,2398,772,0.24353312302839117,0.5500417014178482,0.4160883280757098,0.9090871030541542,0.30370711489753627,0.1417304220751311,28.601213040181957,100,40.903030303030306,16.167397660818715,1079,0,0,25,43403,3.147472100483441,2.4435178165276725,0.37031857435142307,0.44824432477012505
linkstate-mpr,2000,14,3964,1684,3001,963,0.2429364278506559,0.5611462845718094,0.4248234106962664,0.9094002912193966,0.3147075313025603,0.17269669374025762,29.652612826603324,95,42.45628415300546,15.409714285714285,1317,0,0,35,53676,3.1157571209034702,2.4144893111638956,0.38469961386084006,0.404600161106702
linkstate-mpr,3000,14,5942,2750,4546,1396,0.23493773140356783,0.6049274087109547,0.4628071356445641,0.8895174997828811,0.308815272318922,0.14757652513630706,30.896727272727272,105,45.09331919406151,16.58754098360656,1796,0,0,796,70900,3.103312829613088,2.2901818181818183,0.3995908422326296,0.33031228877142926
linkstate-mpr,100,15,200,1,116,84,0.42,0.008620689655172414,0.005,0.9997865528281751,1,0.04807692307692307,127,130,127,0,115,0,0,0,4684,1,0,0.07977922729553437,0.2561576354679803
linkstate-mpr,200,15,397,12,244,153,0.3853904282115869,0.04918032786885246,0.030226700251889168,0.998242144583608,0.75,0.013333333333333332,11.416666666666666,55,14.416666666666666,6.833333333333333,232,0,0,0,9086,1.4920273348519362,0.5,0.13606145155178948,0.32478094038142147
linkstate-mpr,400,15,796,87,515,281,0.3530150753768844,0.16893203883495145,0.1092964824120603,0.9848270161766443,0.33852140077821014,0.04782321899736148,14.931034482758621,30,22.61627906976744,8.179487179487179,428,0,0,0,16681,2.9791485664639445,1.896551724137931,0.23994587387817642,0.41503788832033106
linkstate-mpr,600,15,1189,244,805,384,0.3229604709840202,0.3031055900621118,0.20521446593776282,0.95949345129673,0.26124197002141325,0.09407772979642195,24.934426229508198,85,33.25550660792952,11.875,561,0,0,0,22124,3.5347049781246307,2.889344262295082,0.2940314694455445,0.46739777975645225
linkstate-mpr,800,15,1585,410,1110,475,0.2996845425867508,0.36936936936936937,0.2586750788643533,0.9445680829938029,0.253242742433601,0.10737481667714226,28.13170731707317,100,38.41782729805014,16.69158878504673,700,0,0,16,27572,3.4235423542354235,2.851219512195122,0.32188676765261504,0.480481487349351
linkstate-mpr,1200,15,2387,767,1729,658,0.2756598240469208,0.44360902255639095,0.3213238374528697,0.9331380320523867,0.28240058910162,0.11636727758223084,30.164276401564535,105,43.36040609137056,17.121287128712872,962,0,0,72,37833,3.2691884925899255,2.5567144719687094,0.3588460543875285,0.4662256422617387
linkstate-mpr,1600,15,3174,1087,2279,895,0.2819785759294266,0.47696358051777094,0.3424700693131695,0.9242383182997174,0.2777210015329586,0.13482337765429647,34.44434222631095,105,47.3531746031746,16.87115544472153,1190,2,0,183,47565,3.284526682756771,2.5961361545538177,0.3774948797488549,0.42850812654671927
linkstate-mpr,2000,15,3966,1642,2963,1003,0.2528996469994957,0.5541680728990888,0.4140191628845184,0.9033347547974414,0.28974766190224105,0.1461894586894587,34.62911084043849,115,46.119491525423726,17.77777777777778,1321,0,0,305,52653,3.2279508904194043,2.4482338611449452,0.38743518663395615,0.3961779690981706
linkstate-mpr,3000,15,5959,2455,4418,1541,0.25860043631481794,0.5556813037573562,0.41198187615371706,0.9036472063079213,0.29851653696498054,0.1388511832043799,33.8704684317719,115,45.93005671077505,18.47342995169082,1961,2,0,1262,75867,3.128969319639158,2.29938900203666,0.40295439928651,0.32800931567403124
linkstate-mpr,100,16,199,4,124,75,0.3768844221105528,0.03225806451612903,0.020100502512562814,0.9987010175362633,0.6666666666666666,0.012499999999999999,5,10,7.25,4,120,0,0,0,4613,1.5,0.5,0.03588354773188896,0.11267605633802817
linkstate-mpr,200,16,397,4,251,146,0.3677581863979849,0.01593625498007968,0.010075566750629723,0.9993590428373037,0.6666666666666666,0.017421602787456445,5.75,10,8,5.5,247,0,0,0,9355,1.5,0.5,0.10361194171531635,0.23340441631698425
linkstate-mpr,400,16,796,24,517,279,0.35050251256281406,0.04642166344294004,0.03015075376884422,0.996703949856811,0.39344262295081966,0.025,10.041666666666666,20,15.9,5.052631578947368,493,0,0,0,18446,2.617821782178218,1.5,0.22929492207617283,0.4681141868512111
linkstate-mpr,600,16,1191,63,783,408,0.3425692695214106,0.08045977011494253,0.05289672544080604,0.9917953667953668,0.2850678733031674,0.044846241457858774,21.825396825396826,80,30.25423728813559,11.057971014492754,720,0,0,0,26715,3.16967908520841,2.1746031746031744,0.29393842476475834,0.5096314185498246
linkstate-mpr,800,16,1590,369,1120,470,0.29559748427672955,0.3294642857142857,0.2320754716981132,0.9515703351807865,0.2513623978201635,0.1333092485549133,34.05691056910569,110,44.13356164383562,19.744471744471745,751,0,0,4,28840,3.436651583710407,2.8401084010840107,0.3325939924680219,0.5102948155741595
linkstate-mpr,1200,16,2383,953,1784,599,0.25136382710868654,0.5341928251121076,0.39991607217792696,0.9056486149509405,0.27377190462510775,0.14890625,33.49108079748164,105,47.00924702774108,16.60019841269841,830,1,0,53,33360,3.3533765336666557,2.708289611752361,0.36456996794823415,0.48243524957889294
linkstate-mpr,1600,16,3177,1275,2370,807,0.25401322001888577,0.5379746835443038,0.40132200188857414,0.9095314020665521,0.2918287937743191,0.14343893438934388,32.23372549019608,110,44.23037190082645,16.683590875643855,1095,0,0,153,43771,3.201950494812259,2.4784313725490197,0.3775432706885853,0.43503209501437123
linkstate-mpr,2000,16,3967,1792,3034,933,0.23519032014116462,0.5906394199077126,0.4517267456516259,0.8899015481201398,0.2902964522922404,0.17679558011049726,33.04799107142857,105,47.35608999224205,18.216976393771972,1241,1,0,275,49620,3.2124218853875814,2.4815848214285716,0.3856919167956474,0.3967054042866259
linkstate-mpr,3000,16,5955,2994,4664,1291,0.21679261125104954,0.6419382504288165,0.5027707808564231,0.874318012324842,0.31168019987507806,0.16477347774402323,30.09185036740147,110,41.91989924433249,15.762093094006692,1670,0,0,889,65936,3.1312948477600364,2.3169672678690714,0.39718107523482477,0.32785101241607784
linkstate-mpr,100,17,199,4,126,73,0.36683417085427134,0.031746031746031744,0.020100502512562814,0.9991463935125907,1,0.0062499999999999995,4.75,10,4.75,0,122,0,0,0,4682,1,0,0.04706827309236948,0.29474384564204925
linkstate-mpr,200,17,397,14,253,144,0.36272040302267,0.05533596837944664,0.03526448362720403,0.9978471474703983,0.7,0.00875,6.285714285714286,15,7.3076923076923075,5.25,239,0,0,0,9270,1.4239713774597496,0.42857142857142855,0.1396906278434941,0.38028169014084506
linkstate-mpr,400,17,794,49,510,284,0.35768261964735515,0.09607843137254903,0.061712846347607056,0.9922235183025051,0.35,0.02382341501361338,13.795918367346939,45,19.022727272727273,9.170731707317072,461,0,0,0,17863,2.6305525460455037,1.7755102040816326,0.24652246889418927,0.46513793155231187
linkstate-mpr,600,17,1191,172,793,398,0.3341729638958858,0.21689785624211855,0.14441645675902604,0.9778337934621694,0.3104693140794224,0.043068910256410256,24.517441860465116,95,33.89171974522293,17.361290322580643,621,0,0,0,24439,2.9110840438489647,2.238372093023256,0.29289018901154024,0.4913265340789411
linkstate-mpr,800,17,1590,384,1113,477,0.3,0.3450134770889488,0.24150943396226415,0.9532057226122665,0.27176220806794055,0.0862843789322308,31.380208333333332,110,39.9533527696793,18.36082474226804,728,1,0,1,28782,3.204342581423402,2.6510416666666665,0.33258561629969147,0.4870834604344838
linkstate-mpr,1200,17,2388,797,1730,658,0.27554438860971525,0.46069364161849713,0.33375209380234505,0.9307069909714342,0.2837308650765397,0.12503137550200802,31.07151819322459,100,42.631975867269986,16.937129300118624,932,1,0,11,37718,3.201117746133823,2.564617314930991,0.3610848068684406,0.47156269196584744
linkstate-mpr,1600,17,3184,1314,2372,812,0.2550251256281407,0.5539629005059022,0.4126884422110553,0.9061852619118083,0.2960793150067598,0.1435249912617966,28.636225266362253,90,40.77222777222777,15.554073033707866,1057,1,0,43,42825,3.140405685850088,2.4086757990867578,0.3699341421166172,0.42797890018235574
linkstate-mpr,2000,17,3970,1760,2996,974,0.24534005037783374,0.5874499332443258,0.4433249370277078,0.8958963358885997,0.29724708664077015,0.17756255044390637,32.34375,110,42.70281456953642,17.123366440146366,1235,1,0,252,50703,3.1740994999576237,2.4732954545454544,0.38193356174346854,0.3935259064377929
linkstate-mpr,3000,17,5964,2815,4563,1401,0.23490945674044267,0.6169186938417708,0.4719986586183769,0.8810343069786409,0.3015532940546331,0.18690906193562093,31.39715808170515,110,45.28684807256236,16.32833957553059,1747,1,0,1312,67821,3.1993320323498287,2.3623445825932503,0.39723238258471305,0.33359362204514076
linkstate-mpr,100,18,198,4,122,76,0.3838383838383838,0.03278688524590164,0.020202020202020204,0.9991226146084667,1,0.008012820512820514,21.25,70,21.25,0,118,0,0,0,4555,1,0,0.013769363166953529,0.08749210360075806
linkstate-mpr,200,18,397,2,239,158,0.3979848866498741,0.008368200836820083,0.005037783375314861,0.9997865528281751,1,0.0062499999999999995,5,10,5,0,237,0,0,0,9368,1,0,0.10566623285614175,0.3344726174389953
linkstate-mpr,400,18,794,21,505,289,0.36397984886649876,0.041584158415841586,0.02644836272040302,0.9952913478516775,0.23863636363636365,0.046378091872791516,51.61904761904762,125,56.05555555555556,45.34782608695652,484,0,0,0,18601,3.1559139784946235,2.4761904761904763,0.21727648051882928,0.415739918898693
linkstate-mpr,600,18,1195,40,755,440,0.3682008368200837,0.052980132450331126,0.03347280334728033,0.9966051500595905,0.425531914893617,0.04496402877697842,19.975,95,26.18421052631579,13.696969696969697,715,0,0,0,27595,2.4193781634128704,1.425,0.2898939054108811,0.4756712832108536
linkstate-mpr,800,18,1593,282,1080,513,0.3220338983050847,0.2611111111111111,0.17702448210922786,0.9697083255262008,0.2907216494845361,0.08892532795156408,29.634751773049647,120,35.50819672131148,21.046666666666667,796,2,0,1,31051,3.0898259428097803,2.326241134751773,0.31594212834962654,0.5014418722890418
linkstate-mpr,1200,18,2387,739,1721,666,0.2790113112693758,0.42940151074956423,0.3095936321742773,0.9382939233976908,0.288671875,0.1140432098765432,28.90257104194858,100,40.74471544715447,16.984189723320156,982,0,0,1,38926,3.1737203724031384,2.499323410013532,0.34872206102653175,0.474134003030592
linkstate-mpr,1600,18,3185,1036,2301,884,0.27755102040816326,0.45023902651021297,0.3252747252747253,0.9353622106049291,0.29924898902368574,0.11653018986772248,31.352316602316602,115,41.13196814562002,17.457960644007155,1265,0,0,130,49968,3.031422661717621,2.3175675675675675,0.36377318389102414,0.44415737444772196
linkstate-mpr,2000,18,3975,1542,2948,1027,0.25836477987421386,0.5230664857530529,0.3879245283018868,0.9178475250064119,0.3008780487804878,0.16668107921134556,34.72243839169909,115,45.52253116011505,19.815191387559807,1406,0,0,187,57072,3.0744370646363195,2.439040207522698,0.37533649660790913,0.4129667468139095
linkstate-mpr,3000,18,5966,2617,4527,1439,0.24120013409319477,0.578087033355423,0.4386523633925578,0.8950835153160597,0.29444194419441944,0.18744269997708,36.46503630110814,120,48.98512089274644,19.876912840984698,1908,2,0,891,74936,3.238787569140547,2.419564386702331,0.3933598005890353,0.3338489162300725
linkstate-mpr,100,19,198,8,118,80,0.40404040404040403,0.06779661016949153,0.04040404040404041,0.996900597741864,0.5714285714285714,0.012499999999999999,7.5,20,10.75,6.25,110,0,0,0,4503,1.7421383647798743,0.75,0.06940533377505384,0.2739566332478433
linkstate-mpr,200,19,394,13,244,150,0.38071065989847713,0.05327868852459016,0.03299492385786802,0.9979111697449429,0.6842105263157895,0.01015625,6.3076923076923075,15,8.384615384615385,5.6,231,0,0,0,9077,1.45,0.46153846153846156,0.11075194335411376,0.30513398150343846
linkstate-mpr,400,19,794,19,487,307,0.3866498740554156,0.039014373716632446,0.02392947103274559,0.9983642311886587,0.6333333333333333,0.015224358974358974,7,15,9.894736842105264,5.090909090909091,468,0,0,0,18310,1.6125166444740346,0.5789473684210527,0.22639745746868573,0.4266370765793459
linkstate-mpr,600,19,1189,140,788,401,0.33725820016820857,0.17766497461928935,0.11774600504625736,0.9817344408140771,0.3017241379310345,0.05997258396161754,18.864285714285714,60,28.5,14.368794326241135,648,0,0,0,24939,2.975609756097561,2.2857142857142856,0.2788519291822784,0.48457714925791096
linkstate-mpr,800,19,1588,253,1073,515,0.3243073047858942,0.23578751164958062,0.15931989924433249,0.9735894357743097,0.2948717948717949,0.07845447779707267,20.857707509881422,60,31.70689655172414,12.51639344262295,820,0,0,0,31629,3.1755803368229403,2.5019762845849804,0.3160466465689119,0.4715785552463927
linkstate-mpr,1200,19,2379,673,1686,693,0.29129886506935687,0.39916963226571767,0.2828919714165616,0.9394648513213256,0.2627879734478719,0.12041941024906958,35.010401188707284,115,45.54816112084063,19.181571815718158,1013,0,0,10,39735,3.317589576547231,2.7057949479940566,0.3533312232574454,0.46988324141028975
linkstate-mpr,1600,19,3173,1230,2363,810,0.2552789158525055,0.520524756665256,0.3876457611093602,0.9134108558322939,0.2857806691449814,0.1417704011065007,30.03008130081301,90,43.979674796747965,16.357088122605365,1131,2,0,16,45386,3.207002566252509,2.5609756097560976,0.3675594246743187,0.43618657294881485
linkstate-mpr,2000,19,3970,1658,3002,968,0.24382871536523928,0.5522984676882079,0.41763224181360203,0.906272854198524,0.29402376307856004,0.15193167656330178,32.71049457177322,105,45.62969588550984,17.56457980823463,1344,0,0,183,54342,3.2249449030667514,2.5554885404101326,0.38176813886218064,0.4057511877876614
linkstate-mpr,3000,19,5951,2815,4596,1355,0.2276928247353386,0.6124891209747607,0.4730297429003529,0.8854520692489847,0.3015209940017138,0.17773259925244975,32.71971580817051,110,47.63792048929663,17.62892880051315,1781,0,0,400,71767,3.2189570818108626,2.458969804618117,0.39689690620491236,0.3340097142493982
linkstate-mpr,100,20,198,5,124,74,0.37373737373737376,0.04032258064516129,0.025252525252525252,0.9989035087719298,1,0.005208333333333334,5,10,5,0,119,0,0,0,4555,1,0,0.06570841889117043,0.20433506434861143
linkstate-mpr,200,20,398,29,256,142,0.35678391959798994,0.11328125,0.0728643216080402,0.9935359491948288,0.5087719298245614,0.01294642857142857,8.03448275862069,20,12.89655172413793,4.8125,227,0,0,0,8761,1.9472803347280334,1.0344827586206897,0.15464089875618564,0.2779325937220674
linkstate-mpr,400,20,794,106,532,262,0.32997481108312343,0.19924812030075187,0.13350125944584382,0.9836572175670054,0.38545454545454544,0.033125,16.358490566037737,90,23.557692307692307,10.098901098901099,426,0,0,0,16552,2.5344740815299445,1.5849056603773586,0.23692923360396154,0.41042560211151435
linkstate-mpr,600,20,1192,200,816,376,0.31543624161073824,0.24509803921568626,0.16778523489932887,0.9748731379931249,0.3257328990228013,0.052083333333333336,16.265,45,25.323076923076922,7.229050279329609,616,0,0,0,23822,2.97974143675863,2.15,0.28500407565982566,0.46734462663582155
linkstate-mpr,800,20,1590,355,1134,456,0.28679245283018867,0.31305114638447973,0.22327044025157233,0.9635683657349196,0.3141592920353982,0.06514239577216675,18.847887323943663,65,28.18918918918919,9.935975609756097,779,0,0,0,29887,3.0326483132997284,2.287323943661972,0.328201155053079,0.49070926507928725
linkstate-mpr,1200,20,2379,787,1727,652,0.2740647330811265,0.45570353213665316,0.33081126523749477,0.9291776192264364,0.27819017320607986,0.11680717169318451,31.949174078780178,115,43.627627627627625,15.144047619047619,940,0,0,111,37005,3.2008215254748267,2.5590851334180433,0.35450591961936073,0.4749487800335258
linkstate-mpr,1600,20,3174,1299,2404,770,0.24259609325771897,0.5403494176372712,0.40926275992438566,0.9080011494724742,0.2898259705488621,0.14557557826788597,32.354888375673596,115,44.18425925925926,16.960954446854664,1103,2,0,179,44057,3.203355363497712,2.51270207852194,0.3720619759410965,0.4387383313260755
linkstate-mpr,2000,20,3976,1725,3027,949,0.238682092555332,0.5698711595639246,0.43385311871227367,0.8965726470537246,0.2891384512236004,0.18374520664678315,32.537971014492754,105,45.601351351351354,17.009463722397477,1301,1,0,491,51226,3.263255313062646,2.526376811594203,0.38276322563049725,0.40345401810149345
linkstate-mpr,3000,20,5961,2776,4609,1352,0.2268075826203657,0.6022998481232371,0.46569367555779234,0.8897996023759864,0.30724958494742666,0.18149484805690674,32.997838616714695,105,47.16469893742621,16.02639392939624,1833,0,0,672,72280,3.1846449175683165,2.400936599423631,0.3955725616627951,0.33499135150812387
linkstate-mpr,100,21,199,4,133,66,0.3316582914572864,0.03007518796992481,0.020100502512562814,0.9991706406800747,1,0.0062499999999999995,5,10,5,0,129,0,0,0,4819,1,0,0.05998823760047049,0.2559203444564047
linkstate-mpr,200,21,398,6,261,137,0.3442211055276382,0.022988505747126436,0.01507537688442211,0.999171327946965,0.75,0.009375,5.5,10,7.166666666666667,4,255,0,0,0,9646,1.3291666666666666,0.3333333333333333,0.1405585413300801,0.38252711814717094
linkstate-mpr,400,21,797,126,556,241,0.30238393977415307,0.22661870503597123,0.15809284818067754,0.9756620053555489,0.3080684596577017,0.04132773550249279,19.1984126984127,70,28.479674796747968,11.415929203539823,430,0,0,0,16396,2.986005089058524,2.2936507936507935,0.24875700040978008,0.531066540138002
linkstate-mpr,600,21,1198,243,840,358,0.2988313856427379,0.2892857142857143,0.2028380634390651,0.9644615448264449,0.2828870779976717,0.0548681358381503,26.979423868312757,95,35.95652173913044,16.528384279475983,597,0,0,0,23312,3.2004315511867656,2.5308641975308643,0.2990430426948092,0.5474627637418669
linkstate-mpr,800,21,1595,455,1160,435,0.2727272727272727,0.3922413793103448,0.2852664576802508,0.9444558521560575,0.28034504004929145,0.0972388442468798,25.6,95,37.31773399014779,13.824444444444444,703,2,0,0,27597,3.2491658110882957,2.6527472527472526,0.3238691401410196,0.5273211526366057
linkstate-mpr,1200,21,2383,831,1747,636,0.2668904741921947,0.475672581568403,0.3487201007133865,0.9201236664048047,0.26364213197969544,0.14204156980719268,35.01564380264741,110,48.601236476043276,18.030139935414425,912,4,0,121,36188,3.3094266695297403,2.645006016847172,0.3529137181964807,0.4819773519012263
linkstate-mpr,1600,21,3173,1151,2343,830,0.2615820989599748,0.4912505335040546,0.36274818783485663,0.9211626362464351,0.285183349851338,0.14250693343898574,35.65595134665508,110,48.24642126789366,15.702466189339697,1191,1,0,403,46755,3.1902672516952535,2.4761077324066028,0.3737162823699802,0.44826611501925895
linkstate-mpr,2000,21,3963,1846,3057,906,0.22861468584405753,0.6038599934576382,0.4658087307595256,0.8860236680015084,0.29084606900898063,0.16693192505244883,32.443661971830984,105,45.431750741839764,17.002481389578165,1210,1,0,394,48946,3.2053006454895225,2.4729144095341278,0.38608365948969553,0.41455242924136776
linkstate-mpr,3000,21,5943,2814,4575,1368,0.23018677435638565,0.6150819672131147,0.4734982332155477,0.8776190656613496,0.29040247678018577,0.18878810648346933,35.72494669509595,115,49.508762322015336,17.412821306906164,1760,1,0,1325,68164,3.255737577865398,2.4438521677327647,0.39639106347151964,0.3360763098335085
linkstate-mpr,100,22,198,0,125,73,0.3686868686868687,0,0,1,0,0,0,0,0,0,125,0,0,0,4863,0,0,0.06771114712767873,0.2612116443745083
linkstate-mpr,200,22,396,8,249,147,0.3712121212121212,0.0321285140562249,0.020202020202020204,0.9987450324199958,0.6666666666666666,0.012499999999999999,6.75,15,9.375,5,241,0,0,0,9550,1.5015974440894568,0.5,0.12931919261033184,0.32243860084346315
linkstate-mpr,400,22,793,42,509,284,0.35813366960907944,0.0825147347740668,0.05296343001261034,0.9936764064544266,0.3620689655172414,0.026881720430107524,13.714285714285714,35,20.857142857142858,7.235294117647059,467,0,0,0,18228,2.768496420047733,1.7380952380952381,0.2380448582310622,0.4333151453737626
linkstate-mpr,600,22,1188,101,772,416,0.3501683501683502,0.13082901554404144,0.08501683501683502,0.9856250470384587,0.2643979057591623,0.06360201511335012,25.683168316831683,100,36.202127659574465,14.475247524752476,671,0,0,0,26192,3.3266129032258065,2.5841584158415842,0.30110723517838506,0.4501047455373383
linkstate-mpr,800,22,1582,457,1153,429,0.27117572692793934,0.396357328707719,0.2888748419721871,0.9456991664649119,0.2910828025477707,0.08859336228287841,24.387308533916848,80,35.03147699757869,13.8429203539823,695,1,0,0,27343,3.2249423783716438,2.4770240700218817,0.3239518480177952,0.4791556747302308
linkstate-mpr,1200,22,2379,910,1773,606,0.2547288776796974,0.5132543711223915,0.3825136612021858,0.9165161975570898,0.28944020356234096,0.13344673862036605,28.897802197802196,95,42.231190150478795,13.963791267305645,863,0,0,72,34444,3.264754832927922,2.5417582417582416,0.3556463090581094,0.47182226694486784
linkstate-mpr,1600,22,3170,1433,2450,720,0.22712933753943218,0.5848979591836735,0.45205047318611985,0.8941057624736473,0.29717959352965573,0.1470407158102118,25.921842288904397,85,39.18493150684932,14.124405166553364,1017,0,0,35,40679,3.2166438555016383,2.5205861828332172,0.37121227517856514,0.44016253367390556
linkstate-mpr,2000,22,3972,1913,3106,866,0.21802618328298087,0.6159047005795235,0.48162134944612284,0.883290828027815,0.3007388775349788,0.14129342944930276,28.370622059592264,100,41.197744360902256,14.539360081259522,1191,2,0,55,48087,3.209466945709713,2.50810245687402,0.3817983171901266,0.4044505425393772
linkstate-mpr,3000,22,5955,2915,4641,1314,0.22065491183879093,0.6280973928032751,0.489504617968094,0.8833812594215933,0.3166413208776885,0.14774155617726958,29.660720411663807,100,40.97339593114241,14.917209908735332,1726,0,0,347,69388,3.1145559130350007,2.3399656946826757,0.39786624361029843,0.33556474250230744
linkstate-mpr,100,23,198,8,127,71,0.35858585858585856,0.06299212598425197,0.04040404040404041,0.9973896019142919,0.6666666666666666,0.012499999999999999,6,10,8.25,5,119,0,0,0,4585,1.5047021943573669,0.5,0.11634078212290502,0.25569830087028594
linkstate-mpr,200,23,399,25,251,148,0.37092731829573933,0.099601593625498,0.06265664160401002,0.9938900203665988,0.46296296296296297,0.01953125,9.08,20,13.84,5.117647058823529,226,0,0,0,8784,2.1609907120743035,1.16,0.16205595724614902,0.34338660861254183
linkstate-mpr,400,23,794,74,519,275,0.34634760705289674,0.14258188824662812,0.09319899244332494,0.9878610056380164,0.35071090047393366,0.033035714285714286,22.77027027027027,95,28.970588235294116,18.952380952380953,445,0,0,0,17171,2.635215159889459,1.9189189189189189,0.2739463147669928,0.5029445743751585
linkstate-mpr,600,23,1193,240,808,385,0.32271584241408213,0.297029702970297,0.20117351215423301,0.9613176833447566,0.26578073089701,0.08066684592632428,24.204166666666666,75,34.64878048780488,14.953586497890296,567,1,0,0,22441,3.3177712759190943,2.779166666666667,0.31640849436456914,0.5041394388289657
linkstate-mpr,800,23,1588,425,1123,465,0.29282115869017633,0.3784505788067676,0.267632241813602,0.9486704408989535,0.2840909090909091,0.09486607142857144,25.141176470588235,95,36.66580976863753,13.355231143552311,698,0,0,0,27649,3.2038107471633483,2.6141176470588237,0.3374068458652413,0.5139744059562209
linkstate-mpr,1200,23,2383,937,1774,609,0.2555602182123374,0.528184892897407,0.3932018464120856,0.9132220385087204,0.28795328826060235,0.11130381070037061,28.503735325506938,100,38.58687258687259,17.850361197110423,837,0,0,3,34241,3.1519095230290115,2.513340448239061,0.36344849124822415,0.4868019410636716
linkstate-mpr,1600,23,3173,1320,2384,789,0.2486605735896628,0.5536912751677853,0.41601008509297194,0.9060968233110152,0.2932030208796091,0.11975613296559731,29.85,105,40.95722433460076,17.352813852813853,1062,2,0,67,43374,3.127756619307168,2.477272727272727,0.37574063584716083,0.43595533937001213
linkstate-mpr,2000,23,3964,1814,3030,934,0.23562058526740667,0.5986798679867987,0.4576185671039354,0.8908532447587414,0.29679319371727747,0.14970949425590915,29.568357221609702,100,42.163197335553704,14.873015873015873,1215,1,0,98,49788,3.2122827804107423,2.54244762954796,0.3879910716989936,0.4065575371888815
linkstate-mpr,3000,23,5955,2687,4495,1460,0.24517212426532325,0.5977753058954394,0.4512174643157011,0.8918695228821811,0.3024538496172895,0.17474376983507622,33.317082247860064,115,45.21130221130221,17.258086028676225,1807,1,0,429,72847,3.1701909995043085,2.3974692966133233,0.39927479335743143,0.33280766761164493
linkstate-mpr,100,24,198,2,116,82,0.41414141414141414,0.017241379310344827,0.010101010101010102,0.9995688726018539,1,0.0062499999999999995,5,10,5,0,114,0,0,0,4637,1,0,0.06771653543307087,0.19853372434017597
linkstate-mpr,200,24,397,31,251,146,0.3677581863979849,0.12350597609561753,0.07808564231738035,0.991941982272361,0.44285714285714284,0.016145833333333335,13,25,18.833333333333332,11.15,220,0,0,0,8617,2.1825259515570936,1.2580645161290323,0.1330209388720027,0.2745442708333333
linkstate-mpr,400,24,790,54,501,289,0.3658227848101266,0.10778443113772455,0.06835443037974684,0.9911595866819748,0.35064935064935066,0.02109375,13.333333333333334,35,26.91111111111111,6.761904761904762,447,0,0,0,17266,2.6247042120208235,1.8148148148148149,0.2336101001736149,0.3857183061040096
linkstate-mpr,600,24,1187,157,773,414,0.34877843302443134,0.20310478654592498,0.13226621735467564,0.9795073651746946,0.3108910891089109,0.03950281803542673,21.388535031847134,70,28.934640522875817,14.184397163120567,616,0,0,0,24138,2.9418686336494555,2.21656050955414,0.2963404942950621,0.5030214320244938
linkstate-mpr,800,24,1587,375,1090,497,0.313169502205419,0.3440366972477064,0.23629489603024575,0.9534408205678275,0.26997840172786175,0.08370535714285715,29.602666666666668,85,39.758426966292134,15.669398907103826,715,0,0,0,28444,3.3620074590562674,2.7466666666666666,0.32042613284161237,0.49557946575927064
linkstate-mpr,1200,24,2381,959,1772,609,0.25577488450230995,0.541196388261851,0.40277194456110876,0.9049782477008645,0.2778904665314402,0.11144942357753812,29.765380604796665,105,38.44907975460123,16.908722109533468,813,0,0,6,32861,3.1929954094571604,2.604796663190824,0.35761325765104485,0.47747399235010013
linkstate-mpr,1600,24,3175,1393,2398,777,0.2447244094488189,0.5809007506255213,0.438740157480315,0.8960863108237966,0.29277007145859607,0.12677466326902076,30.422828427853553,95,42.587037037037035,17.265571526351813,1005,0,0,105,40925,3.1415377207765207,2.4831299353912417,0.37264186865489207,0.4447263024930413
linkstate-mpr,2000,24,3969,1779,3020,949,0.23910304862685816,0.5890728476821192,0.4482237339380197,0.8934182135915405,0.2976409570018404,0.12925021795989536,30.488476672287803,100,42.489177489177486,16.940772078265468,1241,0,0,272,49830,3.143604835877799,2.4176503653738055,0.3821255780666611,0.40385158987173625
linkstate-mpr,3000,24,5946,2761,4490,1456,0.24487050117726203,0.6149220489977728,0.4643457786747393,0.8836104513064134,0.3013205282112845,0.16325685903500473,34.939514668598335,115,47.43825387708214,16.726749760306806,1728,1,0,1477,68087,3.183568051754168,2.382107931908729,0.3966472800380552,0.33173886589821094
linkstate-mpr,100,25,198,7,129,69,0.3484848484848485,0.05426356589147287,0.03535353535353535,0.9980785653287788,0.7777777777777778,0.008215962441314555,18.428571428571427,95,19.571428571428573,5,122,0,0,0,4675,1.2745762711864406,0.2857142857142857,0.09770687936191426,0.24535935268919562
linkstate-mpr,200,25,397,17,258,139,0.3501259445843829,0.06589147286821706,0.042821158690176324,0.9969752619639192,0.6071428571428571,0.013762953367875648,10.235294117647058,55,13.588235294117647,5.1,241,0,0,0,9229,1.6118326118326118,0.6470588235294118,0.1642261474817782,0.3610742896663017
linkstate-mpr,400,25,791,89,521,270,0.3413400758533502,0.1708253358925144,0.1125158027812895,0.984072143819172,0.3272058823529412,0.037294669795507884,16.60674157303371,50,25.114942528735632,8.85,432,0,0,0,16805,2.6705521472392637,2,0.2528403263480384,0.4983619607482931
linkstate-mpr,600,25,1192,313,850,342,0.28691275167785235,0.36823529411764705,0.2625838926174497,0.9497354497354498,0.2792149866190901,0.08776357110812023,23.00638977635783,65,33.22945205479452,12.152317880794701,537,0,0,0,21181,3.2771662432966413,2.623003194888179,0.2998541082496094,0.5224920530564385
linkstate-mpr,800,25,1588,453,1137,451,0.2840050377833753,0.39841688654353563,0.285264483627204,0.9439372822299652,0.2815413300186451,0.08861502347417842,24.381898454746135,85,34.274647887323944,12.957399103139014,684,0,0,0,27091,3.180669489282879,2.5783664459161146,0.3236104352241711,0.5102029081067405
linkstate-mpr,1200,25,2382,917,1776,606,0.25440806045340053,0.5163288288288288,0.38497061293031065,0.915875276986388,0.28755095641266853,0.11362509912767646,28.374045801526716,90,40.02214022140221,15.084835630965005,859,0,0,0,34719,3.1762923938096805,2.515812431842966,0.35172574042234167,0.481031799053085
linkstate-mpr,1600,25,3175,1406,2411,764,0.24062992125984253,0.5831605143094152,0.4428346456692913,0.8953651071272409,0.2937735060593397,0.12909504921404438,29.298719772403985,105,40.84196185286103,15.763210702341137,1005,0,0,129,40825,3.169849789872259,2.4601706970128023,0.3711931629476871,0.43731563491890074
linkstate-mpr,2000,25,3967,1778,3028,939,0.23670279808419462,0.5871862615587847,0.4481976304512226,0.8960881909635809,0.29988193624557263,0.1461113667740451,31.677727784026995,110,43.529626920263354,15.53870458135861,1249,1,0,285,50844,3.179954552047575,2.421259842519685,0.38414953207757474,0.4018894855713773
linkstate-mpr,3000,25,5951,2767,4531,1420,0.23861535876323306,0.6106819686603399,0.46496387161821545,0.8872917025623354,0.30214020528499674,0.15349709315226556,35.59342247921937,115,46.767353579175705,17.50668841761827,1763,1,0,894,71202,3.1510431436094795,2.3780267437658114,0.3954942677526722,0.3259620410222984
linkstate-mpr,100,26,198,10,128,70,0.35353535353535354,0.078125,0.050505050505050504,0.996900597741864,0.7142857142857143,0.011436413540713633,13.7,80,15.6,5.5,118,0,0,0,4503,1.4251968503937007,0.4,0.0320317979892448,0.1970887918486172
linkstate-mpr,200,26,396,33,259,137,0.34595959595959597,0.1274131274131274,0.08333333333333333,0.9903803131991051,0.38372093023255816,0.02578125,29.818181818181817,125,36.375,38.074074074074076,226,0,0,0,8854,2.2823418319169027,1.5454545454545454,0.12642162518542938,0.3362035657117624
linkstate-mpr,400,26,794,103,529,265,0.3337531486146096,0.1947069943289225,0.1297229219143577,0.9818934911242604,0.3366013071895425,0.03576388888888889,18.349514563106798,85,26.2,11.707865168539326,426,0,0,0,16594,2.749261744966443,1.9805825242718447,0.2423504890806076,0.467400933089234
linkstate-mpr,600,26,1188,259,825,363,0.3055555555555556,0.31393939393939396,0.21801346801346802,0.9656370824101829,0.3274336283185841,0.054093567251461985,24.216216216216218,80,31.899193548387096,12.680672268907562,566,0,0,0,22228,2.8404163052905465,2.0733590733590734,0.2947097463229004,0.4870605420557058
linkstate-mpr,800,26,1589,431,1119,470,0.29578351164254246,0.38516532618409294,0.2712397734424166,0.9508509237114832,0.3039492242595205,0.07065573770491802,22.303944315545245,75,32.59949622166247,12.74818401937046,688,0,0,0,27433,2.9567926317215223,2.3294663573085845,0.32276311372277156,0.47327177764667133
linkstate-mpr,1200,26,2379,878,1750,629,0.26439680538041194,0.5017142857142857,0.36906263135771333,0.9217165762791795,0.2938420348058902,0.0898706190632165,27.337129840546698,95,36.07661290322581,14.23868778280543,871,1,0,7,35174,3.086971362255521,2.449886104783599,0.35276105548876807,0.46622447766831593
linkstate-mpr,1600,26,3179,1305,2366,813,0.25574079899339414,0.55156382079459,0.4105064485687323,0.9072844908812998,0.29471544715447157,0.1298042492241585,29.0367816091954,95,40.807296538821326,14.983309143686503,1060,1,0,68,43263,3.1509344314222365,2.4551724137931035,0.3729187731345466,0.4388163546418627
linkstate-mpr,2000,26,3969,1842,3047,922,0.23230032753842278,0.604529044962258,0.46409674981103555,0.8918282103459355,0.30396039603960395,0.13797339405560885,30.10912052117264,105,40.48334624322231,17.436055469953775,1205,0,0,80,49882,3.1154136324870434,2.4337676438653637,0.3836376801706132,0.40943868748015805
linkstate-mpr,3000,26,5943,2746,4546,1397,0.23506646474844356,0.6040475142982842,0.4620562005721016,0.8927686580826265,0.31254268153881176,0.151598798692695,30.88747268754552,105,44.36754433100484,17.271158313972784,1800,0,0,502,72647,3.0923954333052337,2.3040786598689,0.39678687260091017,0.3361715784286211
linkstate-mpr,100,27,200,0,120,80,0.4,0,0,1,0,0,0,0,0,0,120,0,0,0,4813,0,0,0.09126304313969787,0.20577842444398253
linkstate-mpr,200,27,397,16,253,144,0.36272040302267,0.06324110671936758,0.04030226700251889,0.9970136518771331,0.5714285714285714,0.016666666666666666,9.5,45,13.0625,8.3,237,0,0,0,9348,1.7295081967213115,0.75,0.157346785445959,0.3874831849337006
linkstate-mpr,400,27,796,50,505,291,0.3655778894472362,0.09900990099009901,0.06281407035175879,0.9914124797858697,0.3246753246753247,0.03169371196754564,11.36,30,19.38,5.511627906976744,455,0,0,0,17779,2.853192559074912,1.96,0.24853445045237968,0.46084314922639347
linkstate-mpr,600,27,1191,122,775,416,0.3492863140218304,0.15741935483870967,0.10243492863140219,0.985435209802335,0.32275132275132273,0.04991816693944353,23.37704918032787,95,31.844827586206897,14.462962962962964,653,0,0,0,25575,2.932500600528465,2.180327868852459,0.30169632191134865,0.4759317703161663
linkstate-mpr,800,27,1588,366,1084,504,0.31738035264483627,0.3376383763837638,0.2304785894206549,0.9565783325545691,0.28132205995388165,0.07449926722032242,29.398907103825138,105,37.20057306590258,14.7289972899729,718,0,0,56,28605,3.091473608789109,2.5027322404371586,0.3355748256474853,0.49503105368742495
linkstate-mpr,1200,27,2387,672,1674,713,0.2987012987012987,0.4014336917562724,0.28152492668621704,0.9449356253371168,0.28620102214650767,0.13031337263419174,31.52827380952381,105,43.275415896487985,17.97194950911641,1002,0,0,53,40240,3.1411071411999445,2.5401785714285716,0.3599155110087994,0.45921175758242966
linkstate-mpr,1600,27,3179,1009,2265,914,0.2875117961623152,0.44547461368653424,0.3173954073608053,0.9310588191594079,0.2718211206896552,0.15249062991173984,36.10505450941526,110,48.71025641025641,19.537845057880677,1256,0,0,194,49937,3.2825046932719677,2.6154608523290386,0.3794110243842305,0.43078606301406014
linkstate-mpr,2000,27,3968,1481,2874,1094,0.2757056451612903,0.5153096729297146,0.3732358870967742,0.9164458376421923,0.286404950686521,0.1742025030582479,34.94463200540176,110,48.96555023923445,17.58711656441718,1393,0,0,261,56456,3.2528135373653955,2.549628629304524,0.3883552087284674,0.39320225336938003
linkstate-mpr,3000,27,5943,2833,4538,1405,0.2364125862359078,0.624283825473777,0.4766952717482753,0.8766237067541117,0.29185124137220564,0.22033661025385765,33.69784680550653,110,47.937021777516186,17.697421559490525,1702,3,0,622,68349,3.260932234357871,2.4895870102364985,0.3991335296121504,0.32754109419479344
linkstate-mpr,100,28,199,6,124,75,0.3768844221105528,0.04838709677419355,0.03015075376884422,0.998276604911676,0.75,0.009375,6.666666666666667,15,8.333333333333334,5,118,0,0,0,4634,1.3278008298755186,0.3333333333333333,0.0718513982445397,0.22947193807022395
linkstate-mpr,200,28,397,18,252,145,0.36523929471032746,0.07142857142857142,0.04534005037783375,0.9970709481449338,0.6666666666666666,0.009881422924901184,7.833333333333333,40,9.88888888888889,8.5,234,0,0,0,9191,1.4967658473479948,0.4444444444444444,0.10077190601408093,0.32822126975622823
linkstate-mpr,400,28,794,44,510,284,0.35768261964735515,0.08627450980392157,0.055415617128463476,0.993766745038001,0.38596491228070173,0.01865671641791045,15.954545454545455,35,21.86046511627907,11.96875,466,0,0,0,18175,2.521086077411901,1.5,0.2552141258530022,0.49475579705566436
linkstate-mpr,600,28,1192,133,777,415,0.34815436241610737,0.17117117117117117,0.1115771812080537,0.9821476873140385,0.2878787878787879,0.042292037649453065,22.015037593984964,80,30.48,12.647540983606557,644,0,0,0,25417,3.33954996959254,2.4511278195488724,0.30093160779553507,0.4974653249556863
linkstate-mpr,800,28,1592,325,1084,508,0.31909547738693467,0.29981549815498154,0.2041457286432161,0.9601472268054322,0.2587579617834395,0.07045612209503989,27.636923076923075,90,37.333333333333336,15.588235294117647,759,0,0,0,30260,3.3685641939416673,2.796923076923077,0.3205028475972984,0.49770641295629736
linkstate-mpr,1200,28,2379,774,1723,656,0.27574611181168557,0.4492164828786999,0.3253467843631778,0.9321185617103984,0.2770221904080172,0.11181093262452328,33.041343669250644,110,43.83565891472868,18.887931034482758,949,0,0,2,38364,3.2739187959976848,2.645994832041344,0.3548836509910183,0.48475971508747717
linkstate-mpr,1600,28,3175,1097,2331,844,0.2658267716535433,0.4706134706134706,0.34551181102362205,0.9264725260245091,0.2808499743983615,0.1253656975681112,33.284412032816775,105,45.802120141342755,17.496076721883174,1234,0,0,86,49131,3.2826800650889263,2.6472196900638103,0.3709452873459635,0.443323790963519
linkstate-mpr,2000,28,3971,1461,2903,1068,0.2689498866784185,0.5032724767481915,0.3679174011583984,0.9156607420080474,0.2744177310293013,0.13542825361512792,34.9192334017796,110,46.57102001906578,18.847087378640776,1441,1,0,200,57602,3.26285293093917,2.592060232717317,0.38207327481369896,0.40758918385016674
linkstate-mpr,3000,28,5961,2518,4493,1468,0.2462674047978527,0.5604273314044068,0.42241234692165747,0.9019657460978387,0.295435879385193,0.14235639981908638,36.256949960285944,115,48.802540415704385,17.429085673146147,1975,0,0,966,77450,3.1857733869873854,2.425337569499603,0.39554770559162616,0.33110401777902887
linkstate-mpr,100,29,200,4,119,81,0.405,0.03361344537815126,0.02,0.9986882378662003,0.6666666666666666,0.012499999999999999,6.25,10,9,5.5,115,0,0,0,4568,1.4968152866242037,0.5,0.001986754966887417,0.008958195089581952
linkstate-mpr,200,29,399,18,252,147,0.3684210526315789,0.07142857142857142,0.045112781954887216,0.9953448089206453,0.4186046511627907,0.025309336332958378,17.5,100,22.470588235294116,9.307692307692308,234,0,0,0,9194,2.4103703703703703,1.3888888888888888,0.16257668711656442,0.3708892396737701
linkstate-mpr,400,29,795,92,521,274,0.34465408805031444,0.1765834932821497,0.11572327044025157,0.9829762594093804,0.3129251700680272,0.03186478248822388,28.22826086956522,140,30.658823529411766,23.123456790123456,429,0,0,0,16976,2.9238124614435534,2.0869565217391304,0.26076889906126643,0.4433955284612994
linkstate-mpr,600,29,1192,144,775,417,0.3498322147651007,0.18580645161290324,0.12080536912751678,0.9807692307692307,0.29508196721311475,0.04637979902087091,16.59722222222222,50,24.928057553956833,9.648854961832061,631,0,0,0,24888,3.1432753888380605,2.3541666666666665,0.2946427827882846,0.4598363365287963
linkstate-mpr,800,29,1592,285,1054,538,0.3379396984924623,0.2703984819734345,0.17902010050251257,0.9650900900900901,0.2553763440860215,0.07466988052819117,29.378947368421052,95,38.57251908396947,16.974910394265233,769,0,0,0,30852,3.436518618214446,2.9543859649122806,0.30829603204979483,0.4727761042078992
linkstate-mpr,1200,29,2388,778,1696,692,0.2897822445561139,0.45872641509433965,0.3257956448911223,0.9271455595380327,0.2658011615989067,0.11868440322186968,34.50771208226221,110,45.662460567823345,18.19526627218935,917,1,0,52,37197,3.333956336739969,2.7005141388174807,0.3477985836973052,0.4793820804729978
linkstate-mpr,1600,29,3183,1200,2282,901,0.2830662896638391,0.5258545135845749,0.3770028275212064,0.9149087654346102,0.28687544824288785,0.14543339150668994,32.1975,105,44.79190101237345,17.043846153846154,1081,1,0,369,44607,3.225388018294969,2.52,0.36819350777205545,0.45355206423155076
linkstate-mpr,2000,29,3980,1858,3030,950,0.23869346733668342,0.6132013201320132,0.46683417085427137,0.8920398912058024,0.31205911991938196,0.1556531063601635,28.48600645855759,100,41.262175324675326,15.794725956566701,1171,1,0,125,49071,3.158876193302666,2.442411194833154,0.37736674148253496,0.4083889752402636
linkstate-mpr,3000,29,5949,2967,4620,1329,0.22339889056984366,0.6422077922077922,0.4987392839132627,0.8806004917820629,0.32159115543030564,0.16999358298574507,28.104145601617795,100,40.366463076068854,15.372816767227691,1653,0,0,389,67655,3.112389678236435,2.3586113919784295,0.3931206074830451,0.3322616968045119
linkstate-mpr,100,30,199,0,125,74,0.37185929648241206,0,0,1,0,0,0,0,0,0,125,0,0,0,4821,0,0,0.07328560663149962,0.2556287753981329
linkstate-mpr,200,30,397,4,253,144,0.36272040302267,0.015810276679841896,0.010075566750629723,0.9995822890559732,1,0.008488964346349746,24.5,85,24.5,0,249,0,0,0,9572,1,0,0.18326660223664226,0.3174314631030756
linkstate-mpr,400,30,792,42,525,267,0.3371212121212121,0.08,0.05303030303030303,0.9942786203918605,0.39622641509433965,0.04834254143646409,19.428571428571427,60,26.878048780487806,14.333333333333334,483,0,0,0,18421,2.689179875947622,1.6666666666666667,0.25692503176620074,0.43112476623029655
linkstate-mpr,600,30,1193,84,776,417,0.3495389773679799,0.10824742268041238,0.07041072925398156,0.9874302192317645,0.24705882352941178,0.0775480059084195,27.345238095238095,85,39.23170731707317,14.395061728395062,692,0,0,0,26709,3.344452501812908,2.9166666666666665,0.30533430671634276,0.48186966119589214
linkstate-mpr,800,30,1589,218,1075,514,0.3234738829452486,0.2027906976744186,0.13719320327249843,0.9753581324058245,0.2607655502392344,0.11600681140911027,36.018348623853214,120,47.92,19.692307692307693,857,0,0,0,33090,3.376331183440828,2.830275229357798,0.32569269143949314,0.4760541328094986
linkstate-mpr,1200,30,2385,737,1726,659,0.2763102725366876,0.42699884125144844,0.3090146750524109,0.9366126004716754,0.27980258162490507,0.1279691623836644,31.826322930800544,100,41.127272727272725,16.848984771573605,989,0,0,80,38840,3.157885934102693,2.5522388059701493,0.35733141782797095,0.4515661753956968
linkstate-mpr,1600,30,3173,1221,2377,796,0.25086668767727704,0.513672696676483,0.38480932871099904,0.915606936416185,0.28837978271138404,0.15650635767022153,31.972972972972972,100,44.34649122807018,15.795294117647058,1156,0,0,74,45862,3.2542793413698905,2.5986895986895986,0.3754409685905158,0.42022402424078376
linkstate-mpr,2000,30,3965,1596,2989,976,0.24615384615384617,0.5339578454332553,0.40252206809583857,0.9106269960242456,0.290975387420237,0.17733333333333334,32.36027568922306,105,45.41573033707865,17.48018648018648,1390,3,0,70,55817,3.2094946748243824,2.5150375939849625,0.38598737718469867,0.3941206034996035
linkstate-mpr,3000,30,5961,2603,4507,1454,0.24391880556953532,0.5775460394941203,0.4366716993792988,0.895148688183666,0.2916853428955625,0.19375632704102902,35.556281213983866,120,45.53658536585366,18.22128092172145,1902,2,0,976,75211,3.228922555588562,2.4437187860161353,0.3965650688790987,0.33015161399895404
linkstate-mpr,100,31,199,13,134,65,0.32663316582914576,0.09701492537313433,0.06532663316582915,0.9964927663305567,0.8125,0.008938393839383938,8.923076923076923,50,9.923076923076923,18,121,0,0,0,4546,1.189010989010989,0.23076923076923078,0.07035885843458604,0.2683743842364532
linkstate-mpr,200,31,397,31,261,136,0.3425692695214106,0.11877394636015326,0.07808564231738035,0.9946908527817719,0.6458333333333334,0.01294255177020708,9.612903225806452,20,12.166666666666666,10.1875,230,0,0,0,8993,1.546122448979592,0.5483870967741935,0.10500147318797878,0.2996792166132028
linkstate-mpr,400,31,791,166,546,245,0.30973451327433627,0.304029304029304,0.20986093552465235,0.9612477581347681,0.2743801652892562,0.051875,21.46385542168675,70,31.03267973856209,12.127388535031848,380,0,0,0,15007,3.141999293535853,2.6265060240963853,0.23951768869475984,0.4559281471656767
linkstate-mpr,600,31,1189,289,843,346,0.2910008410428932,0.3428232502965599,0.2430613961312027,0.9550098662573997,0.28167641325536064,0.07296505756412847,28.474048442906575,105,38.25925925925926,18.439446366782008,554,0,0,0,21779,3.0743759026201776,2.5294117647058822,0.2935583482567208,0.500446360672649
linkstate-mpr,800,31,1589,458,1134,455,0.28634361233480177,0.4038800705467372,0.2882315921963499,0.9426663840610429,0.28219346888478125,0.09345412993796932,27.155021834061134,100,38.5219512195122,15.200873362445416,675,1,0,0,26685,3.1918872812282806,2.572052401746725,0.32287054853809555,0.5024458238858119
linkstate-mpr,1200,31,2383,977,1800,583,0.24464960134284516,0.5427777777777778,0.40998741082668905,0.9110977377793583,0.3006153846153846,0.11069065530680686,25.031729785056296,80,37.60232558139535,15.529170931422723,823,0,0,0,33307,3.0882080138511006,2.442169907881269,0.3523993078042873,0.4759574690119778
linkstate-mpr,1600,31,3177,1497,2435,742,0.23355366698142901,0.6147843942505133,0.4711992445703494,0.8810642709053214,0.28994770482277743,0.13472892216862267,27.909819639278556,90,40.12645590682197,14.872040946896993,938,0,0,4,38243,3.196213660518912,2.5250501002004007,0.37165125303762137,0.4273623315583143
linkstate-mpr,2000,31,3970,1913,3080,890,0.22418136020151133,0.6211038961038962,0.4818639798488665,0.882481765371838,0.3021162349968414,0.1411099964593414,28.230005227391533,100,41.82776162790697,15.874074074074073,1165,2,0,243,47306,3.1511627906976742,2.4265551489806585,0.38422048964608424,0.3955320080087099
linkstate-mpr,3000,31,5958,2996,4620,1338,0.22457200402819738,0.6484848484848484,0.5028533064786841,0.8710509604699159,0.3073766287062686,0.16750905756586304,30.13384512683578,100,43.8258029395754,15.832722832722833,1624,0,0,722,65119,3.2046164252819245,2.402870493991989,0.40067526225965067,0.33385788561893187
linkstate-mpr,100,32,199,4,124,75,0.3768844221105528,0.03225806451612903,0.020100502512562814,0.9987373737373737,0.6666666666666666,0.012499999999999999,8,15,10.25,5.5,120,0,0,0,4746,1.5031847133757963,0.5,0.044717719396310786,0.1423455684870188
linkstate-mpr,200,32,397,11,245,152,0.38287153652392947,0.044897959183673466,0.027707808564231738,0.9980453903789771,0.6111111111111112,0.011458333333333334,7.363636363636363,20,10.272727272727273,5.6,234,0,0,0,9191,1.636568848758465,0.6363636363636364,0.13205020920502092,0.2563958216050541
linkstate-mpr,400,32,795,58,519,276,0.3471698113207547,0.11175337186897881,0.0729559748427673,0.991692685102587,0.38926174496644295,0.02589285714285714,11.155172413793103,20,17.719298245614034,6.478260869565218,461,0,0,0,17787,2.5325571366968522,1.5172413793103448,0.2332452576030079,0.42015641552938243
linkstate-mpr,600,32,1192,122,777,415,0.34815436241610737,0.15701415701415702,0.10234899328859061,0.9854972639957142,0.32189973614775724,0.044408852649970874,21.270491803278688,60,28.62037037037037,9.119266055045872,655,0,0,0,25754,2.980565752537249,2.1147540983606556,0.30362713477502246,0.4759670559643556
linkstate-mpr,800,32,1591,244,1075,516,0.32432432432432434,0.22697674418604652,0.15336266499057197,0.9742235368687936,0.2857142857142857,0.0693181818181818,26.811475409836067,90,37.228155339805824,13.891666666666667,831,0,0,16,32261,3.2105442176870747,2.487704918032787,0.33069061663544597,0.48968547052082007
linkstate-mpr,1200,32,2385,774,1731,654,0.2742138364779874,0.44714038128249567,0.32452830188679244,0.9335770721892329,0.28592537864794976,0.11307854137447404,29.065891472868216,95,39.475792988313856,17.17769607843137,956,1,0,22,38025,3.158428792262872,2.5025839793281652,0.35798265634256227,0.4788632501201817
linkstate-mpr,1600,32,3171,1260,2331,840,0.26490066225165565,0.5405405405405406,0.3973509933774834,0.9085450819672132,0.2823213085368586,0.1417004048582996,33.79206349206349,110,45.45481049562682,17.248704663212436,1068,3,0,198,44139,3.2436367969494757,2.55,0.37004804079614134,0.43660691864128914
linkstate-mpr,2000,32,3970,1727,3006,964,0.24282115869017631,0.5745176314038589,0.43501259445843826,0.8978705737860887,0.29251355013550134,0.1473750682687056,32.52576722640417,105,44.804897314375985,17.69017094017094,1279,0,0,369,51536,3.1889801100296236,2.4528083381586567,0.3817351326894821,0.4088564542922191
linkstate-mpr,3000,32,5958,2749,4500,1458,0.24471299093655588,0.6108888888888889,0.46139644175897954,0.8812565155682832,0.29077639094563146,0.1661951054362546,36.68788650418334,120,46.087671232876716,19.03516962340492,1751,0,0,1374,68789,3.177662764346716,2.3881411422335397,0.3987426061172246,0.3341682306499705
linkstate-mpr,100,33,198,4,123,75,0.3787878787878788,0.032520325203252036,0.020202020202020204,0.998693948628646,0.6666666666666666,0.009398496240601503,14,45,15.5,74.5,119,0,0,0,4588,1.2076923076923076,0.25,0.04688427299703264,0.11317254174397032
linkstate-mpr,200,33,394,6,249,145,0.3680203045685279,0.024096385542168676,0.015228426395939087,0.9991310959052895,0.75,0.009375,6,15,7.5,5.5,243,0,0,0,9199,1.3361344537815125,0.3333333333333333,0.10934428377965139,0.28748931694168695
linkstate-mpr,400,33,791,86,526,265,0.3350189633375474,0.1634980988593156,0.10872313527180784,0.9855574473081665,0.34959349593495936,0.03359375,13.895348837209303,30,21.627906976744185,7.905405405405405,440,0,0,0,16787,2.688023088023088,1.8255813953488371,0.23920793811652,0.4555817981420249
linkstate-mpr,600,33,1188,244,825,363,0.3055555555555556,0.2957575757575758,0.2053872053872054,0.963818487975476,0.2911694510739857,0.05334032878628891,20.59016393442623,60,28.467532467532468,11.907488986784141,581,0,0,0,22323,3.1544752908651077,2.4385245901639343,0.29613685887361013,0.5372277364212849
linkstate-mpr,800,33,1586,497,1155,431,0.2717528373266078,0.4303030303030303,0.3133669609079445,0.9372972184754474,0.288953488372093,0.08005798969072164,21.621730382293762,65,32.46,11.784232365145229,658,0,0,0,25711,3.2093832989082327,2.539235412474849,0.33032806250162167,0.5164179661269865
linkstate-mpr,1200,33,2376,867,1742,634,0.2668350168350168,0.49770378874856486,0.3648989898989899,0.9178049929345267,0.27602674307545366,0.10346062052505967,32.18454440599769,110,44.46498599439776,16.893013100436683,875,0,0,97,34976,3.2101369766042542,2.5951557093425603,0.35244731853514616,0.46920486548426
linkstate-mpr,1600,33,3172,1200,2317,855,0.26954602774274905,0.5179110919292188,0.37831021437578816,0.9146267202533187,0.28530670470756064,0.12628388617612393,32.73416666666667,100,44.24819773429454,17.148003132341426,1117,0,0,58,45002,3.1712381049310467,2.5108333333333333,0.37116744958776837,0.4354637912089456
linkstate-mpr,2000,33,3969,1592,2900,1069,0.2693373645754598,0.5489655172413793,0.40110859158478207,0.9065824637853848,0.29008746355685133,0.13299472031009824,35.643844221105525,115,46.63157894736842,18.003418803418803,1308,0,0,407,52852,3.199200446262551,2.46356783919598,0.3833281952769379,0.40161030829477457
linkstate-mpr,3000,33,5942,2876,4572,1370,0.2305621003029283,0.6290463692038495,0.4840121171322787,0.8751260354047811,0.2939493049877351,0.1758290130098797,34.76668984700974,115,46.795081967213115,18.020130071229485,1696,0,0,466,68101,3.203724570899652,2.4690542420027817,0.3980387558252685,0.33491460947290136
linkstate-mpr,100,34,198,0,122,76,0.3838383838383838,0,0,1,0,0,0,0,0,0,122,0,0,0,4638,0,0,0.07759856630824373,0.3574931880108992
linkstate-mpr,200,34,396,0,243,153,0.38636363636363635,0,0,1,0,0,0,0,0,0,243,0,0,0,9433,0,0,0.13063487461951007,0.34185990915610803
linkstate-mpr,400,34,790,37,511,279,0.3531645569620253,0.07240704500978473,0.04683544303797468,0.9949519890260631,0.40217391304347827,0.030915775401069517,33.513513513513516,135,36.27777777777778,24.866666666666667,474,0,0,0,18133,2.3902236951118474,1.5405405405405406,0.23008158426887942,0.4044825446306158
linkstate-mpr,600,34,1183,179,793,390,0.32967032967032966,0.2257250945775536,0.15131022823330514,0.9751410581404857,0.2944078947368421,0.0705390920554855,26.776536312849164,110,37.27485380116959,17.073863636363637,613,1,0,0,23850,3.2277436063450957,2.435754189944134,0.2726629336262392,0.45289148797920725
linkstate-mpr,800,34,1584,336,1091,493,0.31123737373737376,0.307974335472044,0.21212121212121213,0.9576733486690766,0.2608695652173913,0.09433962264150943,34.17261904761905,100,44.257425742574256,18.1994301994302,754,1,0,13,29129,3.2840258887534004,2.767857142857143,0.3067089831313026,0.4703418487256803
linkstate-mpr,1200,34,2367,770,1736,631,0.2665821715251373,0.4435483870967742,0.3253062948880439,0.9337377739259626,0.28774289985052315,0.1273316576266702,31.175324675324674,105,44.894295302013425,17.772289156626506,966,0,0,114,37595,3.1854549796990685,2.518181818181818,0.3473659098093244,0.4610440528929608
linkstate-mpr,1600,34,3163,1281,2379,784,0.24786595004742334,0.5384615384615384,0.4049952576667721,0.9039227802518591,0.28409846972721225,0.13034188034188035,31.950039032006245,115,43.077071290944126,15.9773851590106,1097,1,0,334,42088,3.1760815040063926,2.43871975019516,0.3691920840994602,0.4258537801892546
linkstate-mpr,2000,34,3959,1779,3029,930,0.23490780500126293,0.5873225486959393,0.4493558979540288,0.8848339483394834,0.2850048061518744,0.12005992873339813,32.18381112984823,110,45.14427860696517,17.460269865067467,1248,2,0,587,47371,3.1986603649566496,2.4311410905002813,0.37904196629061276,0.38505078824932437
linkstate-mpr,3000,34,5945,2908,4618,1327,0.22321278385197646,0.6297098310957124,0.48915054667788055,0.873491711704706,0.2979202950517365,0.1486525170735697,34.98177441540578,115,46.80371352785146,17.315499847141545,1709,1,0,924,66472,3.2016248715704556,2.3779229711141676,0.3975043209157228,0.32953704564519604
spray-l4,100,0,196,15,125,71,0.3622448979591837,0.12,0.07653061224489796,,,,6.933333333333334,15,,,110,,,0,,,,,
spray-l4,200,0,396,24,255,141,0.3560606060606061,0.09411764705882353,0.06060606060606061,,,,7.875,15,,,231,,,0,,,,,
spray-l4,400,0,792,55,499,293,0.369949494949495,0.11022044088176353,0.06944444444444445,,,,11.290909090909091,20,,,444,,,1,,,,,
spray-l4,600,0,1187,94,759,428,0.36057287278854255,0.12384716732542819,0.07919123841617523,,,,9.48936170212766,20,,,665,,,1,,,,,
spray-l4,800,0,1582,131,1011,571,0.3609355246523388,0.12957467853610286,0.08280657395701643,,,,8.49618320610687,20,,,880,,,5,,,,,
spray-l4,1200,0,2378,187,1530,848,0.3566021867115223,0.12222222222222222,0.07863751051303616,,,,10.540106951871659,20,,,1343,,,25,,,,,
spray-l4,1600,0,3173,273,2046,1127,0.3551843681058935,0.13343108504398826,0.08603844941695556,,,,10.16117216117216,20,,,1773,,,29,,,,,
spray-l4,2000,0,3956,280,2518,1438,0.36349848331648127,0.11119936457505956,0.07077856420626896,,,,8.792857142857143,20,,,2238,,,34,,,,,
spray-l4,3000,0,5952,389,3783,2169,0.3644153225806452,0.1028284430346286,0.06535618279569892,,,,8.902313624678664,20,,,3394,,,86,,,,,
spray-l4,100,1,195,10,134,61,0.3128205128205128,0.07462686567164178,0.05128205128205128,,,,5.6,15,,,124,,,0,,,,,
spray-l4,200,1,393,18,257,136,0.3460559796437659,0.07003891050583658,0.04580152671755725,,,,11.5,75,,,239,,,0,,,,,
spray-l4,400,1,795,48,506,289,0.3635220125786163,0.09486166007905138,0.06037735849056604,,,,8.583333333333334,20,,,458,,,0,,,,,
spray-l4,600,1,1192,83,769,423,0.3548657718120805,0.10793237971391417,0.06963087248322147,,,,9.518072289156626,20,,,686,,,1,,,,,
spray-l4,800,1,1587,86,1001,586,0.3692501575299307,0.08591408591408592,0.05419029615626969,,,,8.534883720930232,20,,,915,,,31,,,,,
spray-l4,1200,1,2380,175,1520,860,0.36134453781512604,0.11513157894736842,0.07352941176470588,,,,9.337142857142856,20,,,1345,,,30,,,,,
spray-l4,1600,1,3181,203,2010,1171,0.36812323168814837,0.1009950248756219,0.06381640993398302,,,,8.950738916256158,20,,,1807,,,47,,,,,
spray-l4,2000,1,3972,208,2511,1461,0.3678247734138973,0.08283552369573875,0.05236656596173213,,,,8.346153846153847,15,,,2303,,,35,,,,,
spray-l4,3000,1,5952,329,3775,2177,0.36575940860215056,0.08715231788079471,0.0552755376344086,,,,9.799392097264437,20,,,3446,,,112,,,,,
spray-l4,100,2,200,6,124,76,0.38,0.04838709677419355,0.03,,,,5.166666666666667,10,,,118,,,0,,,,,
spray-l4,200,2,396,17,247,149,0.37626262626262624,0.06882591093117409,0.04292929292929293,,,,13.117647058823529,105,,,230,,,0,,,,,
spray-l4,400,2,796,49,499,297,0.3731155778894472,0.09819639278557114,0.06155778894472362,,,,7.489795918367347,15,,,450,,,0,,,,,
spray-l4,600,2,1190,82,758,432,0.3630252100840336,0.10817941952506596,0.06890756302521009,,,,11.829268292682928,20,,,676,,,11,,,,,
spray-l4,800,2,1586,110,1017,569,0.3587641866330391,0.10816125860373647,0.06935687263556116,,,,9.1,20,,,907,,,13,,,,,
spray-l4,1200,2,2380,131,1504,876,0.3680672268907563,0.08710106382978723,0.05504201680672269,,,,10.65648854961832,20,,,1373,,,26,,,,,
spray-l4,1600,2,3172,144,2021,1151,0.3628625472887768,0.07125185551707075,0.04539722572509458,,,,9.159722222222221,20,,,1877,,,38,,,,,
spray-l4,2000,2,3967,225,2538,1429,0.36022183009831105,0.08865248226950355,0.056717922863624905,,,,9.457777777777778,20,,,2313,,,63,,,,,
spray-l4,3000,2,5956,350,3809,2147,0.3604768300873069,0.09188763454975059,0.05876427132303559,,,,10.414285714285715,20,,,3459,,,94,,,,,
spray-l4,100,3,197,6,123,74,0.3756345177664975,0.04878048780487805,0.030456852791878174,,,,9.666666666666666,35,,,117,,,0,,,,,
spray-l4,200,3,398,6,249,149,0.3743718592964824,0.024096385542168676,0.01507537688442211,,,,6.5,15,,,243,,,0,,,,,
spray-l4,400,3,792,26,496,296,0.37373737373737376,0.05241935483870968,0.03282828282828283,,,,7.461538461538462,20,,,470,,,0,,,,,
spray-l4,600,3,1191,44,757,434,0.36439966414777497,0.05812417437252312,0.036943744752308987,,,,8.795454545454545,20,,,713,,,1,,,,,
spray-l4,800,3,1582,92,1017,565,0.35714285714285715,0.09046214355948869,0.05815423514538559,,,,10.641304347826088,20,,,925,,,8,,,,,
spray-l4,1200,3,2378,164,1523,855,0.3595458368376787,0.1076822061720289,0.06896551724137931,,,,9.146341463414634,15,,,1359,,,34,,,,,
spray-l4,1600,3,3167,182,2017,1150,0.3631196716135144,0.090233019335647,0.057467634985790966,,,,9.648351648351648,20,,,1835,,,51,,,,,
spray-l4,2000,3,3964,225,2522,1442,0.363773965691221,0.08921490880253767,0.05676084762865792,,,,9.524444444444445,20,,,2297,,,56,,,,,
spray-l4,3000,3,5943,368,3817,2126,0.35773178529362276,0.09641079381713387,0.061921588423355205,,,,8.540760869565217,20,,,3449,,,101,,,,,
spray-l4,100,4,198,3,118,80,0.40404040404040403,0.025423728813559324,0.015151515151515152,,,,4.666666666666667,10,,,115,,,0,,,,,
spray-l4,200,4,396,19,249,147,0.3712121212121212,0.07630522088353414,0.047979797979797977,,,,18.36842105263158,120,,,230,,,0,,,,,
spray-l4,400,4,798,40,496,302,0.37844611528822053,0.08064516129032258,0.05012531328320802,,,,13.775,50,,,456,,,2,,,,,
spray-l4,600,4,1190,66,749,441,0.37058823529411766,0.08811748998664887,0.05546218487394958,,,,8,15,,,683,,,0,,,,,
spray-l4,800,4,1581,80,1003,578,0.3655913978494624,0.07976071784646062,0.05060088551549652,,,,8.5,20,,,923,,,17,,,,,
spray-l4,1200,4,2377,145,1514,863,0.36306268405553216,0.09577278731836196,0.06100126209507783,,,,8.613793103448275,15,,,1369,,,28,,,,,
spray-l4,1600,4,3166,217,2039,1127,0.3559696778269109,0.10642471799901913,0.06854074542008844,,,,9.870967741935484,20,,,1822,,,35,,,,,
spray-l4,2000,4,3961,292,2549,1412,0.35647563746528654,0.11455472734405649,0.07371875788942187,,,,9.64041095890411,20,,,2257,,,72,,,,,
spray-l4,3000,4,5953,381,3806,2147,0.36065849151688223,0.1001050972149238,0.06400134386023854,,,,9.94750656167979,20,,,3425,,,73,,,,,
spray-l4,100,5,199,16,125,74,0.37185929648241206,0.128,0.08040201005025126,,,,5.6875,15,,,109,,,0,,,,,
spray-l4,200,5,396,26,248,148,0.37373737373737376,0.10483870967741936,0.06565656565656566,,,,6.384615384615385,15,,,222,,,0,,,,,
spray-l4,400,5,792,44,498,294,0.3712121212121212,0.08835341365461848,0.05555555555555555,,,,7.704545454545454,15,,,454,,,5,,,,,
spray-l4,600,5,1189,83,765,424,0.3566021867115223,0.1084967320261438,0.06980656013456686,,,,14.457831325301205,50,,,682,,,12,,,,,
spray-l4,800,5,1588,109,1013,575,0.3620906801007557,0.10760118460019744,0.06863979848866499,,,,9.091743119266056,15,,,904,,,10,,,,,
spray-l4,1200,5,2384,171,1524,860,0.36073825503355705,0.11220472440944881,0.07172818791946309,,,,9.76608187134503,20,,,1353,,,28,,,,,
spray-l4,1600,5,3178,211,2017,1161,0.36532410320956576,0.10461080813088745,0.06639395846444304,,,,8.791469194312796,20,,,1806,,,67,,,,,
spray-l4,2000,5,3972,273,2543,1429,0.3597683786505539,0.10735351946519858,0.06873111782477341,,,,9.842490842490843,20,,,2270,,,52,,,,,
spray-l4,3000,5,5965,416,3828,2137,0.35825649622799666,0.10867293625914315,0.06974015088013412,,,,9.228365384615385,20,,,3412,,,66,,,,,
spray-l4,100,6,199,0,122,77,0.3869346733668342,0,0,,,,0,0,,,122,,,0,,,,,
spray-l4,200,6,398,6,246,152,0.38190954773869346,0.024390243902439025,0.01507537688442211,,,,5.333333333333333,10,,,240,,,0,,,,,
spray-l4,400,6,796,37,501,295,0.3706030150753769,0.07385229540918163,0.04648241206030151,,,,7.1891891891891895,15,,,464,,,0,,,,,
spray-l4,600,6,1194,70,760,434,0.36348408710217756,0.09210526315789473,0.05862646566164154,,,,9.157142857142857,20,,,690,,,3,,,,,
spray-l4,800,6,1591,95,1020,571,0.35889377749842866,0.09313725490196079,0.059710873664362035,,,,8.863157894736842,20,,,925,,,4,,,,,
spray-l4,1200,6,2382,149,1536,846,0.35516372795969775,0.09700520833333333,0.06255247691015953,,,,10.979865771812081,20,,,1387,,,21,,,,,
spray-l4,1600,6,3173,184,2042,1131,0.3564450047273873,0.0901077375122429,0.0579892845887173,,,,8.83695652173913,20,,,1858,,,38,,,,,
spray-l4,2000,6,3968,239,2559,1409,0.3550907258064516,0.0933958577569363,0.06023185483870968,,,,8.748953974895397,20,,,2320,,,48,,,,,
spray-l4,3000,6,5954,327,3825,2129,0.35757473967080955,0.08549019607843138,0.054921061471279814,,,,8.850152905198776,15,,,3498,,,81,,,,,
spray-l4,100,7,198,0,129,69,0.3484848484848485,0,0,,,,0,0,,,129,,,0,,,,,
spray-l4,200,7,397,2,255,142,0.35768261964735515,0.00784313725490196,0.005037783375314861,,,,5,10,,,253,,,0,,,,,
spray-l4,400,7,793,10,515,278,0.3505674653215637,0.019417475728155338,0.012610340479192938,,,,8.8,15,,,505,,,0,,,,,
spray-l4,600,7,1195,34,769,426,0.35648535564853556,0.044213263979193757,0.028451882845188285,,,,10.852941176470589,20,,,735,,,1,,,,,
spray-l4,800,7,1593,69,1030,563,0.3534212178279975,0.06699029126213592,0.04331450094161959,,,,10.217391304347826,20,,,961,,,18,,,,,
spray-l4,1200,7,2384,124,1530,854,0.35822147651006714,0.08104575163398693,0.05201342281879195,,,,8.758064516129032,15,,,1406,,,32,,,,,
spray-l4,1600,7,3176,153,2047,1129,0.3554785894206549,0.07474352711284807,0.048173803526448365,,,,8.261437908496733,15,,,1894,,,43,,,,,
spray-l4,2000,7,3978,229,2575,1403,0.3526897938662645,0.08893203883495146,0.0575666163901458,,,,10.305676855895197,20,,,2346,,,69,,,,,
spray-l4,3000,7,5959,387,3866,2093,0.35123342842758853,0.10010346611484738,0.06494378251384461,,,,10.304909560723514,20,,,3479,,,102,,,,,
spray-l4,100,8,200,11,128,72,0.36,0.0859375,0.055,,,,15,90,,,117,,,0,,,,,
spray-l4,200,8,400,16,246,154,0.385,0.06504065040650407,0.04,,,,10.0625,25,,,230,,,0,,,,,
spray-l4,400,8,796,46,498,298,0.3743718592964824,0.09236947791164658,0.05778894472361809,,,,11.173913043478262,20,,,452,,,0,,,,,
spray-l4,600,8,1192,56,746,446,0.37416107382550334,0.07506702412868632,0.04697986577181208,,,,11.678571428571429,20,,,690,,,18,,,,,
spray-l4,800,8,1590,83,998,592,0.3723270440251572,0.08316633266533066,0.05220125786163522,,,,13.55421686746988,35,,,915,,,5,,,,,
spray-l4,1200,8,2384,107,1466,918,0.3850671140939597,0.07298772169167804,0.04488255033557047,,,,10.63551401869159,20,,,1359,,,16,,,,,
spray-l4,1600,8,3174,172,2007,1167,0.3676748582230624,0.08570004982561036,0.05419029615626969,,,,10.55232558139535,20,,,1835,,,41,,,,,
spray-l4,2000,8,3968,240,2535,1433,0.3611391129032258,0.09467455621301775,0.06048387096774194,,,,13.75,50,,,2295,,,28,,,,,
spray-l4,3000,8,5949,344,3793,2156,0.3624138510674063,0.09069338254679674,0.057824844511682634,,,,10.787790697674419,20,,,3449,,,106,,,,,
spray-l4,100,9,199,6,130,69,0.34673366834170855,0.046153846153846156,0.03015075376884422,,,,6,15,,,124,,,0,,,,,
spray-l4,200,9,396,22,258,138,0.3484848484848485,0.08527131782945736,0.05555555555555555,,,,17.318181818181817,85,,,236,,,0,,,,,
spray-l4,400,9,791,63,512,279,0.3527180783817952,0.123046875,0.07964601769911504,,,,10.777777777777779,20,,,449,,,0,,,,,
spray-l4,600,9,1184,103,774,410,0.34628378378378377,0.1330749354005168,0.08699324324324324,,,,8.990291262135923,15,,,671,,,1,,,,,
spray-l4,800,9,1579,135,1046,533,0.337555414819506,0.12906309751434034,0.08549715009499684,,,,11.637037037037038,20,,,911,,,17,,,,,
spray-l4,1200,9,2376,173,1538,838,0.35269360269360267,0.11248374512353707,0.07281144781144781,,,,10.040462427745664,20,,,1365,,,25,,,,,
spray-l4,1600,9,3165,202,2022,1143,0.36113744075829385,0.09990108803165183,0.06382306477093207,,,,9.673267326732674,20,,,1820,,,27,,,,,
spray-l4,2000,9,3959,293,2553,1406,0.35514018691588783,0.11476694085389738,0.07400858802727961,,,,9.31740614334471,20,,,2260,,,42,,,,,
spray-l4,3000,9,5947,423,3849,2098,0.3527829157558433,0.10989867498051442,0.0711282999831848,,,,11.69739952718676,20,,,3426,,,66,,,,,
spray-l4,100,10,200,0,130,70,0.35,0,0,,,,0,0,,,130,,,0,,,,,
spray-l4,200,10,400,8,258,142,0.355,0.031007751937984496,0.02,,,,7.125,15,,,250,,,0,,,,,
spray-l4,400,10,799,19,501,298,0.37296620775969963,0.03792415169660679,0.023779724655819776,,,,8.105263157894736,20,,,482,,,0,,,,,
spray-l4,600,10,1198,60,766,432,0.3606010016694491,0.0783289817232376,0.05008347245409015,,,,10.65,20,,,706,,,1,,,,,
spray-l4,800,10,1589,64,1018,571,0.35934550031466334,0.06286836935166994,0.040276903713027064,,,,8.75,15,,,954,,,7,,,,,
spray-l4,1200,10,2387,130,1543,844,0.35358190196899875,0.08425145819831498,0.05446166736489317,,,,12.192307692307692,30,,,1413,,,22,,,,,
spray-l4,1600,10,3176,164,2054,1122,0.3532745591939547,0.0798442064264849,0.05163727959697733,,,,13.5,20,,,1890,,,31,,,,,
spray-l4,2000,10,3976,226,2566,1410,0.3546277665995976,0.08807482462977397,0.056841046277665994,,,,14.08849557522124,40,,,2340,,,42,,,,,
spray-l4,3000,10,5945,263,3814,2131,0.3584524810765349,0.06895647614053488,0.044238856181665266,,,,9.091254752851711,15,,,3551,,,81,,,,,
spray-l4,100,11,197,7,121,76,0.38578680203045684,0.05785123966942149,0.03553299492385787,,,,6.714285714285714,10,,,114,,,0,,,,,
spray-l4,200,11,396,11,249,147,0.3712121212121212,0.04417670682730924,0.027777777777777776,,,,8.454545454545455,15,,,238,,,0,,,,,
spray-l4,400,11,794,18,496,298,0.37531486146095716,0.036290322580645164,0.022670025188916875,,,,7.277777777777778,20,,,478,,,0,,,,,
spray-l4,600,11,1192,45,751,441,0.3699664429530201,0.05992010652463382,0.037751677852348994,,,,9.244444444444444,20,,,706,,,2,,,,,
spray-l4,800,11,1595,78,1010,585,0.3667711598746082,0.07722772277227723,0.04890282131661442,,,,10.807692307692308,20,,,932,,,10,,,,,
spray-l4,1200,11,2388,119,1501,887,0.3714405360134003,0.07928047968021319,0.04983249581239531,,,,8.647058823529411,20,,,1382,,,33,,,,,
spray-l4,1600,11,3183,151,1994,1189,0.3735469682689287,0.0757271815446339,0.04743952246308514,,,,10.172185430463577,20,,,1843,,,34,,,,,
spray-l4,2000,11,3977,217,2516,1461,0.3673623334171486,0.08624801271860096,0.054563741513703794,,,,9.68663594470046,20,,,2299,,,51,,,,,
spray-l4,3000,11,5956,329,3775,2181,0.36618535930154467,0.08715231788079471,0.05523841504365346,,,,10.31306990881459,20,,,3446,,,88,,,,,
spray-l4,100,12,196,4,125,71,0.3622448979591837,0.032,0.02040816326530612,,,,5.5,10,,,121,,,0,,,,,
spray-l4,200,12,393,10,246,147,0.37404580152671757,0.04065040650406504,0.02544529262086514,,,,6.9,15,,,236,,,0,,,,,
spray-l4,400,12,792,15,505,287,0.36237373737373735,0.0297029702970297,0.01893939393939394,,,,7.333333333333333,15,,,490,,,0,,,,,
spray-l4,600,12,1184,38,743,441,0.37246621621621623,0.05114401076716016,0.03209459459459459,,,,8.842105263157896,25,,,705,,,1,,,,,
spray-l4,800,12,1585,53,998,587,0.37034700315457414,0.0531062124248497,0.033438485804416405,,,,9.20754716981132,15,,,945,,,3,,,,,
spray-l4,1200,12,2380,109,1501,879,0.369327731092437,0.072618254497002,0.04579831932773109,,,,11.577981651376147,20,,,1392,,,24,,,,,
spray-l4,1600,12,3173,127,2008,1165,0.3671604160100851,0.06324701195219123,0.04002521273242988,,,,8.850393700787402,20,,,1881,,,40,,,,,
spray-l4,2000,12,3965,182,2526,1439,0.36292559899117277,0.07205067300079177,0.04590163934426229,,,,9.12087912087912,20,,,2344,,,55,,,,,
spray-l4,3000,12,5947,277,3779,2168,0.36455355641499915,0.07329981476581106,0.04657810660837397,,,,9.75812274368231,20,,,3502,,,52,,,,,
spray-l4,100,13,197,15,128,69,0.350253807106599,0.1171875,0.07614213197969544,,,,7.266666666666667,15,,,113,,,0,,,,,
spray-l4,200,13,396,29,253,143,0.3611111111111111,0.11462450592885376,0.07323232323232323,,,,9.931034482758621,20,,,224,,,0,,,,,
spray-l4,400,13,790,82,517,273,0.34556962025316457,0.15860735009671179,0.10379746835443038,,,,12.609756097560975,35,,,435,,,0,,,,,
spray-l4,600,13,1188,74,762,426,0.35858585858585856,0.09711286089238845,0.06228956228956229,,,,8.513513513513514,20,,,688,,,5,,,,,
spray-l4,800,13,1582,123,1041,541,0.3419721871049305,0.11815561959654179,0.0777496839443742,,,,12.520325203252032,35,,,918,,,8,,,,,
spray-l4,1200,13,2381,157,1532,849,0.35657286854262915,0.10248041775456919,0.06593868122637547,,,,13.184713375796179,25,,,1375,,,30,,,,,
spray-l4,1600,13,3176,217,2040,1136,0.35768261964735515,0.10637254901960784,0.06832493702770781,,,,9.815668202764977,20,,,1823,,,43,,,,,
spray-l4,2000,13,3970,256,2568,1402,0.3531486146095718,0.09968847352024922,0.06448362720403022,,,,11.109375,20,,,2312,,,43,,,,,
spray-l4,3000,13,5951,336,3827,2124,0.35691480423458244,0.08779723020642802,0.05646109897496219,,,,9.455357142857142,20,,,3491,,,94,,,,,
spray-l4,100,14,197,8,128,69,0.350253807106599,0.0625,0.04060913705583756,,,,7,15,,,120,,,0,,,,,
spray-l4,200,14,392,18,253,139,0.35459183673469385,0.07114624505928854,0.04591836734693878,,,,7.888888888888889,15,,,235,,,0,,,,,
spray-l4,400,14,788,35,499,289,0.366751269035533,0.07014028056112225,0.044416243654822336,,,,10.82857142857143,20,,,464,,,0,,,,,
spray-l4,600,14,1185,63,755,430,0.3628691983122363,0.08344370860927153,0.053164556962025315,,,,8.285714285714286,20,,,692,,,5,,,,,
spray-l4,800,14,1584,111,1011,573,0.36174242424242425,0.10979228486646884,0.07007575757575757,,,,9.837837837837839,15,,,900,,,2,,,,,
spray-l4,1200,14,2376,170,1533,843,0.3547979797979798,0.11089367253750815,0.07154882154882154,,,,10.547058823529412,20,,,1363,,,29,,,,,
spray-l4,1600,14,3166,208,2031,1135,0.35849652558433354,0.10241260462826195,0.065698041692988,,,,9.778846153846153,20,,,1823,,,36,,,,,
spray-l4,2000,14,3958,218,2537,1421,0.35901970692268825,0.08592826172644856,0.05507832238504295,,,,10.26605504587156,20,,,2319,,,56,,,,,
spray-l4,3000,14,5942,405,3840,2102,0.3537529451363177,0.10546875,0.06815886906765399,,,,9.718518518518518,20,,,3435,,,87,,,,,
spray-l4,100,15,199,1,117,82,0.4120603015075377,0.008547008547008548,0.005025125628140704,,,,134,135,,,116,,,0,,,,,
spray-l4,200,15,399,12,243,156,0.39097744360902253,0.04938271604938271,0.03007518796992481,,,,11.75,50,,,231,,,0,,,,,
spray-l4,400,15,797,45,504,293,0.36762860727728985,0.08928571428571429,0.056461731493099125,,,,8.6,15,,,459,,,1,,,,,
spray-l4,600,15,1193,57,744,449,0.3763621123218776,0.07661290322580645,0.04777870913663034,,,,9.157894736842104,20,,,687,,,3,,,,,
spray-l4,800,15,1586,95,1016,570,0.3593947036569987,0.09350393700787402,0.05989911727616646,,,,11.08421052631579,20,,,921,,,8,,,,,
spray-l4,1200,15,2383,147,1523,860,0.36088963491397397,0.09652002626395273,0.061686949223667645,,,,12.081632653061224,20,,,1376,,,22,,,,,
spray-l4,1600,15,3175,169,2012,1163,0.3662992125984252,0.08399602385685885,0.053228346456692915,,,,10.63905325443787,20,,,1843,,,44,,,,,
spray-l4,2000,15,3977,247,2559,1418,0.35655016343977874,0.0965220789370848,0.06210711591651999,,,,11.437246963562753,20,,,2312,,,34,,,,,
spray-l4,3000,15,5952,318,3808,2144,0.3602150537634409,0.08350840336134453,0.05342741935483871,,,,9.053459119496855,20,,,3490,,,95,,,,,
spray-l4,100,16,199,4,125,74,0.37185929648241206,0.032,0.020100502512562814,,,,7,15,,,121,,,0,,,,,
spray-l4,200,16,396,4,250,146,0.3686868686868687,0.016,0.010101010101010102,,,,6.5,10,,,246,,,0,,,,,
spray-l4,400,16,796,16,514,282,0.3542713567839196,0.0311284046692607,0.020100502512562814,,,,11.625,60,,,498,,,0,,,,,
spray-l4,600,16,1193,23,771,422,0.3537300922045264,0.029831387808041506,0.019279128248113998,,,,9.08695652173913,15,,,748,,,2,,,,,
spray-l4,800,16,1590,63,1032,558,0.35094339622641507,0.061046511627906974,0.03962264150943396,,,,10.492063492063492,20,,,969,,,5,,,,,
spray-l4,1200,16,2381,141,1559,822,0.34523309533809327,0.09044259140474663,0.059218815623687526,,,,9.191489361702128,15,,,1418,,,37,,,,,
spray-l4,1600,16,3175,183,2053,1122,0.35338582677165353,0.08913784705309304,0.05763779527559055,,,,10.349726775956285,20,,,1870,,,31,,,,,
spray-l4,2000,16,3974,222,2570,1404,0.3532964267740312,0.08638132295719844,0.05586311021640664,,,,10.792792792792794,20,,,2348,,,61,,,,,
spray-l4,3000,16,5961,406,3878,2083,0.3494380137560812,0.10469314079422383,0.06810937762120449,,,,9.758620689655173,20,,,3472,,,80,,,,,
spray-l4,100,17,198,4,126,72,0.36363636363636365,0.031746031746031744,0.020202020202020204,,,,4.75,10,,,122,,,0,,,,,
spray-l4,200,17,398,14,252,146,0.36683417085427134,0.05555555555555555,0.035175879396984924,,,,6.571428571428571,15,,,238,,,0,,,,,
spray-l4,400,17,794,24,500,294,0.3702770780856423,0.048,0.030226700251889168,,,,7.875,15,,,476,,,0,,,,,
spray-l4,600,17,1195,64,754,441,0.36903765690376567,0.08488063660477453,0.05355648535564853,,,,14.109375,25,,,690,,,13,,,,,
spray-l4,800,17,1589,81,1011,578,0.36375078665827565,0.08011869436201781,0.050975456261799876,,,,10.444444444444445,20,,,930,,,8,,,,,
spray-l4,1200,17,2391,128,1520,871,0.3642827268925136,0.08421052631578947,0.053534086156419906,,,,10.0078125,20,,,1392,,,12,,,,,
spray-l4,1600,17,3178,174,2017,1161,0.36532410320956576,0.08626673277144274,0.05475141598489616,,,,9.89080459770115,20,,,1843,,,47,,,,,
spray-l4,2000,17,3972,206,2529,1443,0.3632930513595166,0.08145512060102808,0.051863041289023165,,,,9.08252427184466,20,,,2323,,,42,,,,,
spray-l4,3000,17,5961,352,3816,2145,0.3598389531957725,0.09224318658280922,0.05905049488340883,,,,9.5625,20,,,3464,,,88,,,,,
spray-l4,100,18,199,4,123,76,0.38190954773869346,0.032520325203252036,0.020100502512562814,,,,21.75,75,,,119,,,0,,,,,
spray-l4,200,18,398,2,239,159,0.39949748743718594,0.008368200836820083,0.005025125628140704,,,,4.5,10,,,237,,,0,,,,,
spray-l4,400,18,799,6,493,306,0.3829787234042553,0.012170385395537525,0.007509386733416771,,,,11.5,40,,,487,,,0,,,,,
spray-l4,600,18,1195,26,750,445,0.3723849372384937,0.034666666666666665,0.021757322175732216,,,,15.73076923076923,75,,,724,,,4,,,,,
spray-l4,800,18,1593,83,1009,584,0.36660389202762084,0.08225966303270565,0.052102950408035156,,,,17,80,,,926,,,33,,,,,
spray-l4,1200,18,2390,138,1524,866,0.3623430962343096,0.09055118110236221,0.05774058577405858,,,,9.405797101449275,20,,,1386,,,33,,,,,
spray-l4,1600,18,3185,193,2049,1136,0.3566718995290424,0.09419228892142509,0.06059654631083203,,,,11.82901554404145,20,,,1856,,,32,,,,,
spray-l4,2000,18,3981,206,2559,1422,0.3571966842501884,0.08050019538882376,0.051745792514443605,,,,10.320388349514563,20,,,2353,,,30,,,,,
spray-l4,3000,18,5963,302,3816,2147,0.3600536642629549,0.07914046121593292,0.050645648163676005,,,,10.83774834437086,20,,,3514,,,92,,,,,
spray-l4,100,19,200,8,118,82,0.41,0.06779661016949153,0.04,,,,6.75,15,,,110,,,0,,,,,
spray-l4,200,19,396,13,242,154,0.3888888888888889,0.05371900826446281,0.03282828282828283,,,,6.3076923076923075,10,,,229,,,0,,,,,
spray-l4,400,19,793,19,490,303,0.38209331651954603,0.03877551020408163,0.02395964691046658,,,,6.7894736842105265,15,,,471,,,0,,,,,
spray-l4,600,19,1191,52,753,438,0.3677581863979849,0.06905710491367861,0.0436607892527288,,,,10.403846153846153,25,,,701,,,6,,,,,
spray-l4,800,19,1582,69,994,588,0.37168141592920356,0.06941649899396378,0.04361567635903919,,,,10.18840579710145,20,,,925,,,9,,,,,
spray-l4,1200,19,2380,110,1520,860,0.36134453781512604,0.07236842105263158,0.046218487394957986,,,,9.118181818181819,20,,,1410,,,26,,,,,
spray-l4,1600,19,3172,195,2043,1129,0.35592686002522067,0.09544787077826726,0.06147540983606557,,,,11.21025641025641,20,,,1848,,,31,,,,,
spray-l4,2000,19,3969,240,2551,1418,0.35726883345930965,0.09408075264602117,0.06046863189720333,,,,9.141666666666667,20,,,2311,,,42,,,,,
spray-l4,3000,19,5953,326,3822,2131,0.35797077103981184,0.08529565672422815,0.05476230472030909,,,,10.38036809815951,20,,,3496,,,76,,,,,
spray-l4,100,20,199,5,123,76,0.38190954773869346,0.04065040650406504,0.02512562814070352,,,,4.6,10,,,118,,,0,,,,,
spray-l4,200,20,399,25,256,143,0.3583959899749373,0.09765625,0.06265664160401002,,,,14.16,55,,,231,,,0,,,,,
spray-l4,400,20,794,52,516,278,0.3501259445843829,0.10077519379844961,0.0654911838790932,,,,11.51923076923077,25,,,464,,,0,,,,,
spray-l4,600,20,1190,69,776,414,0.34789915966386553,0.08891752577319588,0.05798319327731093,,,,8.333333333333334,20,,,707,,,13,,,,,
spray-l4,800,20,1591,93,1051,540,0.33940917661847897,0.08848715509039011,0.05845380263984915,,,,9.193548387096774,20,,,958,,,3,,,,,
spray-l4,1200,20,2376,128,1543,833,0.35058922558922556,0.0829552819183409,0.05387205387205387,,,,9.34375,20,,,1415,,,30,,,,,
spray-l4,1600,20,3173,196,2096,1077,0.3394264103372203,0.09351145038167939,0.06177119445319887,,,,9.576530612244898,20,,,1900,,,35,,,,,
spray-l4,2000,20,3972,218,2602,1370,0.34491440080563945,0.08378170637970792,0.05488418932527694,,,,10,20,,,2384,,,34,,,,,
spray-l4,3000,20,5954,312,3879,2075,0.3485052065838092,0.08043310131477185,0.05240174672489083,,,,10.740384615384615,20,,,3567,,,66,,,,,
spray-l4,100,21,200,4,133,67,0.335,0.03007518796992481,0.02,,,,5.5,10,,,129,,,0,,,,,
spray-l4,200,21,399,6,263,136,0.3408521303258145,0.022813688212927757,0.015037593984962405,,,,6.333333333333333,10,,,257,,,0,,,,,
spray-l4,400,21,797,50,529,268,0.33626097867001253,0.0945179584120983,0.06273525721455459,,,,10.6,20,,,479,,,1,,,,,
spray-l4,600,21,1196,75,794,402,0.33612040133779264,0.09445843828715365,0.06270903010033445,,,,15.92,105,,,719,,,0,,,,,
spray-l4,800,21,1590,87,1037,553,0.34779874213836476,0.08389585342333655,0.05471698113207547,,,,12.183908045977011,20,,,950,,,4,,,,,
spray-l4,1200,21,2386,127,1552,834,0.3495389773679799,0.0818298969072165,0.05322715842414082,,,,12.464566929133857,20,,,1425,,,24,,,,,
spray-l4,1600,21,3176,162,2067,1109,0.34918136020151136,0.0783744557329463,0.05100755667506297,,,,9.320987654320987,20,,,1905,,,39,,,,,
spray-l4,2000,21,3966,240,2586,1380,0.34795763993948564,0.09280742459396751,0.060514372163388806,,,,10.329166666666667,20,,,2346,,,41,,,,,
spray-l4,3000,21,5946,333,3864,2082,0.3501513622603431,0.08618012422360248,0.05600403632694248,,,,10.741741741741741,20,,,3531,,,77,,,,,
spray-l4,100,22,199,0,124,75,0.3768844221105528,0,0,,,,0,0,,,124,,,0,,,,,
spray-l4,200,22,395,8,251,144,0.36455696202531646,0.03187250996015936,0.020253164556962026,,,,6,15,,,243,,,0,,,,,
spray-l4,400,22,791,21,506,285,0.36030341340075855,0.041501976284584984,0.02654867256637168,,,,14.333333333333334,75,,,485,,,0,,,,,
spray-l4,600,22,1190,30,756,434,0.36470588235294116,0.03968253968253968,0.025210084033613446,,,,8.933333333333334,20,,,726,,,0,,,,,
spray-l4,800,22,1582,94,1035,547,0.34576485461441214,0.09082125603864734,0.05941845764854614,,,,11.542553191489361,30,,,941,,,9,,,,,
spray-l4,1200,22,2382,148,1541,841,0.35306465155331657,0.09604153147306943,0.06213266162888329,,,,12.466216216216216,20,,,1393,,,34,,,,,
spray-l4,1600,22,3167,193,2052,1115,0.3520682033470161,0.09405458089668615,0.06094095358383328,,,,8.82901554404145,20,,,1859,,,54,,,,,
spray-l4,2000,22,3959,247,2547,1412,0.35665572114170246,0.09697683549273656,0.062389492296034355,,,,9.728744939271255,20,,,2300,,,49,,,,,
spray-l4,3000,22,5949,373,3829,2120,0.3563624138510674,0.09741446852964221,0.06269961338040007,,,,9.268096514745308,20,,,3456,,,76,,,,,
spray-l4,100,23,200,8,126,74,0.37,0.06349206349206349,0.04,,,,6.625,10,,,118,,,0,,,,,
spray-l4,200,23,398,18,248,150,0.3768844221105528,0.07258064516129033,0.04522613065326633,,,,6.888888888888889,15,,,230,,,0,,,,,
spray-l4,400,23,793,31,500,293,0.3694829760403531,0.062,0.03909205548549811,,,,12.612903225806452,85,,,469,,,0,,,,,
spray-l4,600,23,1189,56,748,441,0.3708999158957107,0.0748663101604278,0.04709840201850295,,,,12.714285714285714,45,,,692,,,3,,,,,
spray-l4,800,23,1583,92,1015,568,0.35881238155401135,0.09064039408866995,0.05811749842072015,,,,8.793478260869565,15,,,923,,,13,,,,,
spray-l4,1200,23,2374,184,1540,834,0.35130581297388375,0.11948051948051948,0.07750631844987363,,,,12.576086956521738,20,,,1356,,,24,,,,,
spray-l4,1600,23,3174,212,2038,1136,0.3579080025204789,0.10402355250245339,0.06679269061121614,,,,10.05188679245283,20,,,1826,,,36,,,,,
spray-l4,2000,23,3970,245,2532,1438,0.36221662468513854,0.09676145339652449,0.061712846347607056,,,,9.06938775510204,20,,,2287,,,42,,,,,
spray-l4,3000,23,5943,336,3783,2160,0.36345280161534577,0.08881839809674862,0.05653710247349823,,,,10.220238095238095,20,,,3447,,,91,,,,,
spray-l4,100,24,198,2,117,81,0.4090909090909091,0.017094017094017096,0.010101010101010102,,,,5,10,,,115,,,0,,,,,
spray-l4,200,24,396,17,245,151,0.3813131313131313,0.06938775510204082,0.04292929292929293,,,,6.0588235294117645,15,,,228,,,0,,,,,
spray-l4,400,24,792,23,490,302,0.3813131313131313,0.04693877551020408,0.02904040404040404,,,,6.782608695652174,15,,,467,,,10,,,,,
spray-l4,600,24,1186,61,746,440,0.37099494097807756,0.08176943699731903,0.05143338954468803,,,,10,20,,,685,,,24,,,,,
spray-l4,800,24,1583,75,1000,583,0.36828806064434616,0.075,0.047378395451674035,,,,9.32,20,,,925,,,8,,,,,
spray-l4,1200,24,2379,169,1526,853,0.35855401429171924,0.1107470511140236,0.07103825136612021,,,,10.31360946745562,20,,,1357,,,30,,,,,
spray-l4,1600,24,3172,225,2044,1128,0.35561160151324084,0.11007827788649706,0.07093316519546028,,,,8.911111111111111,20,,,1819,,,50,,,,,
spray-l4,2000,24,3968,288,2557,1411,0.3555947580645161,0.11263199061400078,0.07258064516129033,,,,9.552083333333334,20,,,2269,,,75,,,,,
spray-l4,3000,24,5952,358,3800,2152,0.36155913978494625,0.09421052631578947,0.060147849462365593,,,,9.70949720670391,20,,,3442,,,77,,,,,
spray-l4,100,25,199,7,129,70,0.35175879396984927,0.05426356589147287,0.035175879396984924,,,,18,90,,,122,,,0,,,,,
spray-l4,200,25,398,16,255,143,0.3592964824120603,0.06274509803921569,0.04020100502512563,,,,10.25,55,,,239,,,0,,,,,
spray-l4,400,25,795,47,509,286,0.35974842767295595,0.09233791748526522,0.05911949685534591,,,,11.191489361702128,20,,,462,,,0,,,,,
spray-l4,600,25,1191,72,764,427,0.35852225020990763,0.09424083769633508,0.060453400503778336,,,,9.472222222222221,20,,,692,,,0,,,,,
spray-l4,800,25,1588,101,1027,561,0.3532745591939547,0.09834469328140215,0.06360201511335013,,,,10.009900990099009,20,,,926,,,15,,,,,
spray-l4,1200,25,2383,171,1538,845,0.3545950482584977,0.11118335500650195,0.07175828787242972,,,,11.263157894736842,20,,,1367,,,49,,,,,
spray-l4,1600,25,3178,243,2053,1125,0.3539962240402769,0.11836337067705796,0.0764631843926998,,,,11.05761316872428,20,,,1810,,,34,,,,,
spray-l4,2000,25,3972,260,2552,1420,0.35750251762336355,0.10188087774294671,0.06545820745216516,,,,9.476923076923077,20,,,2292,,,64,,,,,
spray-l4,3000,25,5953,384,3840,2113,0.35494708550310766,0.1,0.06450529144968924,,,,9.625,20,,,3456,,,74,,,,,
spray-l4,100,26,198,10,128,70,0.35353535353535354,0.078125,0.050505050505050504,,,,14.1,90,,,118,,,0,,,,,
spray-l4,200,26,396,16,251,145,0.3661616161616162,0.06374501992031872,0.04040404040404041,,,,6.875,20,,,235,,,0,,,,,
spray-l4,400,26,793,42,516,277,0.3493064312736444,0.08139534883720931,0.05296343001261034,,,,9.523809523809524,20,,,474,,,0,,,,,
spray-l4,600,26,1191,96,771,420,0.3526448362720403,0.1245136186770428,0.08060453400503778,,,,14.71875,65,,,675,,,5,,,,,
spray-l4,800,26,1587,129,1024,563,0.35475740390674226,0.1259765625,0.08128544423440454,,,,12.085271317829458,25,,,895,,,14,,,,,
spray-l4,1200,26,2385,163,1521,864,0.3622641509433962,0.1071663379355687,0.06834381551362684,,,,8.987730061349692,15,,,1358,,,16,,,,,
spray-l4,1600,26,3176,187,2017,1159,0.3649244332493703,0.09271194843827467,0.05887909319899244,,,,8.775401069518717,20,,,1830,,,33,,,,,
spray-l4,2000,26,3961,270,2557,1404,0.3544559454683161,0.10559249120062573,0.0681646048977531,,,,10.314814814814815,20,,,2287,,,50,,,,,
spray-l4,3000,26,5947,358,3818,2129,0.35799562804775514,0.09376636982713463,0.060198419371111485,,,,8.695530726256983,20,,,3460,,,75,,,,,
spray-l4,100,27,198,0,121,77,0.3888888888888889,0,0,,,,0,0,,,121,,,0,,,,,
spray-l4,200,27,399,13,253,146,0.3659147869674185,0.05138339920948617,0.03258145363408521,,,,11,50,,,240,,,0,,,,,
spray-l4,400,27,796,23,499,297,0.3731155778894472,0.04609218436873747,0.028894472361809045,,,,8.782608695652174,20,,,476,,,0,,,,,
spray-l4,600,27,1190,49,749,441,0.37058823529411766,0.06542056074766354,0.041176470588235294,,,,13.10204081632653,20,,,700,,,10,,,,,
spray-l4,800,27,1586,90,1000,586,0.3694829760403531,0.09,0.05674653215636822,,,,11.366666666666667,20,,,910,,,15,,,,,
spray-l4,1200,27,2383,125,1510,873,0.3663449433487201,0.08278145695364239,0.05245488879563575,,,,12.288,25,,,1385,,,29,,,,,
spray-l4,1600,27,3178,133,1990,1188,0.3738200125865324,0.06683417085427136,0.04185022026431718,,,,8.75187969924812,20,,,1857,,,32,,,,,
spray-l4,2000,27,3966,181,2497,1469,0.370398386283409,0.0724869843812575,0.04563792233988906,,,,9.160220994475138,20,,,2316,,,41,,,,,
spray-l4,3000,27,5948,289,3737,2211,0.3717215870880968,0.07733476050307733,0.048587760591795565,,,,9.474048442906575,20,,,3448,,,79,,,,,
spray-l4,100,28,199,6,124,75,0.3768844221105528,0.04838709677419355,0.03015075376884422,,,,5.833333333333333,15,,,118,,,0,,,,,
spray-l4,200,28,395,19,252,143,0.3620253164556962,0.07539682539682539,0.04810126582278481,,,,8,40,,,233,,,0,,,,,
spray-l4,400,28,794,31,503,291,0.36649874055415615,0.061630218687872766,0.03904282115869018,,,,14.709677419354838,135,,,472,,,0,,,,,
spray-l4,600,28,1192,40,741,451,0.3783557046979866,0.05398110661268556,0.03355704697986577,,,,15.05,80,,,701,,,0,,,,,
spray-l4,800,28,1589,66,1011,578,0.36375078665827565,0.06528189910979229,0.04153555695405916,,,,9.257575757575758,20,,,945,,,18,,,,,
spray-l4,1200,28,2384,123,1506,878,0.36828859060402686,0.08167330677290836,0.051593959731543626,,,,12.861788617886178,30,,,1383,,,14,,,,,
spray-l4,1600,28,3181,161,2037,1144,0.35963533480037724,0.07903780068728522,0.050613014775227914,,,,9.20496894409938,20,,,1876,,,37,,,,,
spray-l4,2000,28,3970,195,2530,1440,0.36272040302267,0.07707509881422925,0.0491183879093199,,,,9.912820512820513,20,,,2335,,,42,,,,,
spray-l4,3000,28,5952,345,3843,2109,0.3543346774193548,0.0897736143637783,0.05796370967741935,,,,9.904347826086957,20,,,3498,,,65,,,,,
spray-l4,100,29,200,4,119,81,0.405,0.03361344537815126,0.02,,,,5.75,10,,,115,,,0,,,,,
spray-l4,200,29,397,10,246,151,0.380352644836272,0.04065040650406504,0.02518891687657431,,,,21,95,,,236,,,0,,,,,
spray-l4,400,29,799,46,503,296,0.3704630788485607,0.09145129224652088,0.057571964956195244,,,,19.152173913043477,105,,,457,,,1,,,,,
spray-l4,600,29,1192,54,747,445,0.3733221476510067,0.07228915662650602,0.04530201342281879,,,,11.277777777777779,20,,,693,,,0,,,,,
spray-l4,800,29,1593,70,991,602,0.37790332705586943,0.07063572149344097,0.04394224733207784,,,,8.228571428571428,15,,,921,,,8,,,,,
spray-l4,1200,29,2390,133,1497,893,0.37364016736401673,0.08884435537742151,0.05564853556485356,,,,10.962406015037594,20,,,1364,,,31,,,,,
spray-l4,1600,29,3184,174,2010,1174,0.3687185929648241,0.08656716417910448,0.05464824120603015,,,,9.706896551724139,20,,,1836,,,47,,,,,
spray-l4,2000,29,3977,254,2510,1467,0.36887100829771186,0.10119521912350597,0.06386723661051044,,,,9.366141732283465,20,,,2256,,,68,,,,,
spray-l4,3000,29,5959,366,3792,2167,0.3636516193992281,0.09651898734177215,0.06141970129216311,,,,9.937158469945356,20,,,3426,,,88,,,,,
spray-l4,100,30,198,0,123,75,0.3787878787878788,0,0,,,,0,0,,,123,,,0,,,,,
spray-l4,200,30,398,4,254,144,0.36180904522613067,0.015748031496062992,0.010050251256281407,,,,23.5,80,,,250,,,0,,,,,
spray-l4,400,30,794,22,513,281,0.353904282115869,0.042884990253411304,0.027707808564231738,,,,12,30,,,491,,,0,,,,,
spray-l4,600,30,1190,18,754,436,0.3663865546218487,0.023872679045092837,0.015126050420168067,,,,8.333333333333334,15,,,736,,,8,,,,,
spray-l4,800,30,1584,40,1013,571,0.36047979797979796,0.039486673247778874,0.025252525252525252,,,,15.175,75,,,973,,,10,,,,,
spray-l4,1200,30,2382,123,1535,847,0.35558354324097396,0.08013029315960912,0.05163727959697733,,,,11.008130081300813,20,,,1412,,,33,,,,,
spray-l4,1600,30,3170,154,2050,1120,0.35331230283911674,0.07512195121951219,0.04858044164037855,,,,8.53896103896104,15,,,1896,,,34,,,,,
spray-l4,2000,30,3972,195,2565,1407,0.3542296072507553,0.07602339181286549,0.04909365558912387,,,,10.41025641025641,20,,,2370,,,77,,,,,
spray-l4,3000,30,5956,287,3828,2128,0.3572867696440564,0.07497387669801463,0.04818670248488919,,,,11.041811846689896,20,,,3541,,,69,,,,,
spray-l4,100,31,200,13,132,68,0.34,0.09848484848484848,0.065,,,,9.23076923076923,45,,,119,,,0,,,,,
spray-l4,200,31,397,30,260,137,0.345088161209068,0.11538461538461539,0.07556675062972293,,,,10.8,35,,,230,,,0,,,,,
spray-l4,400,31,791,55,511,280,0.35398230088495575,0.10763209393346379,0.0695322376738306,,,,9.854545454545455,20,,,456,,,0,,,,,
spray-l4,600,31,1193,83,773,420,0.3520536462699078,0.1073738680465718,0.06957250628667226,,,,10.939759036144578,20,,,690,,,4,,,,,
spray-l4,800,31,1593,117,1032,561,0.352165725047081,0.11337209302325581,0.07344632768361582,,,,11.264957264957266,20,,,915,,,7,,,,,
spray-l4,1200,31,2378,184,1549,829,0.34861227922624055,0.11878631375080698,0.07737594617325484,,,,10.103260869565217,20,,,1365,,,39,,,,,
spray-l4,1600,31,3179,239,2056,1123,0.3532557407989934,0.11624513618677043,0.07518087448883297,,,,9.347280334728033,20,,,1817,,,56,,,,,
spray-l4,2000,31,3974,282,2553,1421,0.3575742325113236,0.11045828437132785,0.07096124811273276,,,,9.641843971631205,20,,,2271,,,65,,,,,
spray-l4,3000,31,5948,346,3807,2141,0.35995292535305984,0.09088521145258734,0.05817081371889711,,,,9.410404624277456,20,,,3461,,,97,,,,,
spray-l4,100,32,199,4,124,75,0.3768844221105528,0.03225806451612903,0.020100502512562814,,,,6,10,,,120,,,0,,,,,
spray-l4,200,32,398,11,247,151,0.3793969849246231,0.044534412955465584,0.02763819095477387,,,,6.7272727272727275,20,,,236,,,0,,,,,
spray-l4,400,32,795,28,505,290,0.36477987421383645,0.055445544554455446,0.03522012578616352,,,,7.892857142857143,20,,,477,,,1,,,,,
spray-l4,600,32,1188,37,748,440,0.37037037037037035,0.04946524064171123,0.031144781144781145,,,,7.756756756756757,15,,,711,,,1,,,,,
spray-l4,800,32,1587,65,1020,567,0.3572778827977316,0.06372549019607843,0.04095778197857593,,,,8.061538461538461,15,,,955,,,10,,,,,
spray-l4,1200,32,2379,135,1541,838,0.35224884405212276,0.08760545100584036,0.05674653215636822,,,,11.74074074074074,20,,,1406,,,30,,,,,
spray-l4,1600,32,3173,185,2048,1125,0.35455404979514654,0.09033203125,0.058304443744090766,,,,10.313513513513513,20,,,1863,,,42,,,,,
spray-l4,2000,32,3970,219,2551,1419,0.3574307304785894,0.08584868678949431,0.055163727959697734,,,,9.333333333333334,20,,,2332,,,53,,,,,
spray-l4,3000,32,5961,326,3847,2114,0.35463848347592686,0.08474135690148167,0.05468881060224794,,,,9.095092024539877,20,,,3521,,,82,,,,,
spray-l4,100,33,199,5,122,77,0.3869346733668342,0.040983606557377046,0.02512562814070352,,,,39.8,145,,,117,,,0,,,,,
spray-l4,200,33,391,6,249,142,0.3631713554987212,0.024096385542168676,0.015345268542199489,,,,5.833333333333333,10,,,243,,,0,,,,,
spray-l4,400,33,790,38,516,274,0.3468354430379747,0.07364341085271318,0.04810126582278481,,,,11,20,,,478,,,0,,,,,
spray-l4,600,33,1189,73,766,423,0.35576114381833474,0.09530026109660575,0.061396131202691336,,,,9.178082191780822,20,,,693,,,6,,,,,
spray-l4,800,33,1586,117,1028,558,0.35182849936948296,0.11381322957198443,0.07377049180327869,,,,10.854700854700855,20,,,911,,,1,,,,,
spray-l4,1200,33,2375,152,1532,843,0.3549473684210526,0.09921671018276762,0.064,,,,9.052631578947368,20,,,1380,,,21,,,,,
spray-l4,1600,33,3171,194,2024,1147,0.36171554714601073,0.0958498023715415,0.06117943866288237,,,,10.587628865979381,20,,,1830,,,44,,,,,
spray-l4,2000,33,3961,248,2525,1436,0.3625347134561979,0.09821782178217822,0.06261045190608432,,,,9.858870967741936,20,,,2277,,,49,,,,,
spray-l4,3000,33,5945,324,3779,2166,0.36433978132884776,0.0857369674517068,0.054499579478553405,,,,9.623456790123457,20,,,3455,,,74,,,,,
spray-l4,100,34,196,0,120,76,0.3877551020408163,0,0,,,,0,0,,,120,,,0,,,,,
spray-l4,200,34,395,0,242,153,0.38734177215189874,0,0,,,,0,0,,,242,,,0,,,,,
spray-l4,400,34,791,23,501,290,0.3666245259165613,0.04590818363273453,0.029077117572692796,,,,20.91304347826087,120,,,478,,,0,,,,,
spray-l4,600,34,1188,52,749,439,0.36952861952861954,0.06942590120160214,0.04377104377104377,,,,13.538461538461538,80,,,697,,,4,,,,,
spray-l4,800,34,1579,69,1002,577,0.3654211526282457,0.0688622754491018,0.04369854338188727,,,,9.695652173913043,20,,,933,,,12,,,,,
spray-l4,1200,34,2372,111,1523,849,0.3579258010118044,0.07288246881155613,0.046795952782462055,,,,10.243243243243244,20,,,1412,,,29,,,,,
spray-l4,1600,34,3159,205,2067,1092,0.345679012345679,0.09917755200774069,0.06489395378284267,,,,9.2,20,,,1862,,,37,,,,,
spray-l4,2000,34,3959,272,2590,1369,0.34579439252336447,0.10501930501930502,0.06870421823692852,,,,9.514705882352942,20,,,2318,,,27,,,,,
spray-l4,3000,34,5944,360,3858,2086,0.3509421265141319,0.09331259720062209,0.06056527590847914,,,,9.222222222222221,20,,,3498,,,67,,,,,
spray-l16,100,0,198,15,124,74,0.37373737373737376,0.12096774193548387,0.07575757575757576,,,,16.733333333333334,145,,,109,,,0,,,,,
spray-l16,200,0,395,23,256,139,0.3518987341772152,0.08984375,0.05822784810126582,,,,10,20,,,233,,,0,,,,,
spray-l16,400,0,791,77,508,283,0.3577749683944374,0.1515748031496063,0.09734513274336283,,,,29.766233766233768,135,,,431,,,40,,,,,
spray-l16,600,0,1186,179,772,414,0.3490725126475548,0.23186528497409326,0.15092748735244518,,,,32.63687150837989,140,,,593,,,62,,,,,
spray-l16,800,0,1575,288,1055,520,0.33015873015873015,0.2729857819905213,0.18285714285714286,,,,26.756944444444443,110,,,767,,,1037,,,,,
spray-l16,1200,0,2336,448,1593,743,0.3180650684931507,0.2812303829252982,0.1917808219178082,,,,26.859375,105,,,1145,,,7555,,,,,
spray-l16,1600,0,3090,609,2101,989,0.3200647249190938,0.28986197049024276,0.1970873786407767,,,,25.40394088669951,80,,,1492,,,17935,,,,,
spray-l16,2000,0,3827,751,2619,1208,0.3156519466945388,0.28675066819396716,0.19623726156258164,,,,25.649800266311583,80,,,1868,,,30970,,,,,
spray-l16,3000,0,5684,995,3831,1853,0.32600281491907107,0.25972330984077263,0.17505277973258268,,,,25.947738693467336,75,,,2836,,,57106,,,,,
spray-l16,100,1,198,10,133,65,0.3282828282828283,0.07518796992481203,0.050505050505050504,,,,4.9,10,,,123,,,0,,,,,
spray-l16,200,1,393,18,254,139,0.35368956743002544,0.07086614173228346,0.04580152671755725,,,,11,70,,,236,,,0,,,,,
spray-l16,400,1,790,53,503,287,0.3632911392405063,0.10536779324055666,0.0670886075949367,,,,20.18867924528302,110,,,450,,,1,,,,,
spray-l16,600,1,1192,133,780,412,0.34563758389261745,0.17051282051282052,0.1115771812080537,,,,26.293233082706767,115,,,647,,,169,,,,,
spray-l16,800,1,1580,152,1018,562,0.3556962025316456,0.14931237721021612,0.09620253164556962,,,,27.05921052631579,135,,,866,,,1235,,,,,
spray-l16,1200,1,2339,363,1565,774,0.3309106455750321,0.2319488817891374,0.15519452757588714,,,,26.713498622589533,100,,,1202,,,9015,,,,,
spray-l16,1600,1,3091,465,2057,1034,0.33451957295373663,0.22605736509479826,0.15043675186023941,,,,26.313978494623655,90,,,1592,,,19573,,,,,
spray-l16,2000,1,3828,563,2533,1295,0.3382967607105538,0.22226608764311093,0.14707419017763845,,,,27.29662522202487,85,,,1970,,,33727,,,,,
spray-l16,3000,1,5678,912,3815,1863,0.32810848890454386,0.23905635648754914,0.16061993659739346,,,,29.041666666666668,85,,,2903,,,57884,,,,,
spray-l16,100,2,200,6,124,76,0.38,0.04838709677419355,0.03,,,,5,10,,,118,,,0,,,,,
spray-l16,200,2,399,22,248,151,0.37844611528822053,0.08870967741935484,0.05513784461152882,,,,22.681818181818183,105,,,226,,,0,,,,,
spray-l16,400,2,795,78,506,289,0.3635220125786163,0.1541501976284585,0.09811320754716982,,,,28.641025641025642,125,,,428,,,0,,,,,
spray-l16,600,2,1190,139,772,418,0.35126050420168065,0.1800518134715026,0.11680672268907563,,,,32.84172661870504,145,,,633,,,73,,,,,
spray-l16,800,2,1582,230,1044,538,0.34007585335018964,0.22030651340996169,0.14538558786346398,,,,37.63478260869565,140,,,814,,,1215,,,,,
spray-l16,1200,2,2344,302,1542,802,0.34215017064846415,0.19584954604409857,0.128839590443686,,,,29.162251655629138,120,,,1240,,,8631,,,,,
spray-l16,1600,2,3087,375,2024,1063,0.34434726271460964,0.18527667984189725,0.12147716229348883,,,,25.424,85,,,1649,,,20101,,,,,
spray-l16,2000,2,3834,548,2552,1282,0.33437663015127805,0.21473354231974923,0.1429316640584246,,,,27.523722627737225,80,,,2004,,,32434,,,,,
spray-l16,3000,2,5703,910,3822,1881,0.3298264071541294,0.23809523809523808,0.1595651411537787,,,,28.473626373626374,85,,,2912,,,57794,,,,,
spray-l16,100,3,199,6,123,76,0.38190954773869346,0.04878048780487805,0.03015075376884422,,,,10,35,,,117,,,0,,,,,
spray-l16,200,3,396,6,248,148,0.37373737373737376,0.024193548387096774,0.015151515151515152,,,,6.333333333333333,15,,,242,,,0,,,,,
spray-l16,400,3,795,39,500,295,0.3710691823899371,0.078,0.04905660377358491,,,,31.46153846153846,145,,,461,,,0,,,,,
spray-l16,600,3,1190,74,761,429,0.36050420168067226,0.09724047306176084,0.06218487394957983,,,,26.91891891891892,115,,,687,,,123,,,,,
spray-l16,800,3,1585,156,1030,555,0.3501577287066246,0.15145631067961166,0.09842271293375394,,,,32.51282051282051,135,,,874,,,994,,,,,
spray-l16,1200,3,2334,357,1555,779,0.3337617823479006,0.22958199356913184,0.15295629820051415,,,,30.837535014005603,125,,,1198,,,7271,,,,,
spray-l16,1600,3,3076,440,2046,1030,0.33485045513654094,0.21505376344086022,0.14304291287386217,,,,28.797727272727272,105,,,1606,,,19552,,,,,
spray-l16,2000,3,3830,533,2539,1291,0.33707571801566577,0.20992516738873573,0.1391644908616188,,,,25.894934333958723,75,,,2006,,,32393,,,,,
spray-l16,3000,3,5691,895,3835,1856,0.32612897557547005,0.2333767926988266,0.15726585837286944,,,,27.67932960893855,85,,,2940,,,57683,,,,,
spray-l16,100,4,197,3,118,79,0.4010152284263959,0.025423728813559324,0.015228426395939087,,,,4.666666666666667,10,,,115,,,0,,,,,
spray-l16,200,4,396,21,249,147,0.3712121212121212,0.08433734939759036,0.05303030303030303,,,,25.476190476190474,115,,,228,,,0,,,,,
spray-l16,400,4,795,53,501,294,0.36981132075471695,0.10578842315369262,0.06666666666666667,,,,26.18867924528302,135,,,448,,,1,,,,,
spray-l16,600,4,1189,102,758,431,0.36248948696383515,0.1345646437994723,0.08578637510513036,,,,26.65686274509804,120,,,656,,,91,,,,,
spray-l16,800,4,1581,143,1013,568,0.3592662871600253,0.14116485686080948,0.09044908285895004,,,,28.53846153846154,125,,,870,,,742,,,,,
spray-l16,1200,4,2332,346,1543,789,0.338336192109777,0.22423849643551522,0.1483704974271012,,,,26.476878612716764,100,,,1197,,,8686,,,,,
spray-l16,1600,4,3092,475,2070,1022,0.33053040103492887,0.22946859903381642,0.1536222509702458,,,,27.277894736842104,100,,,1595,,,20437,,,,,
spray-l16,2000,4,3836,647,2580,1256,0.32742440041710114,0.2507751937984496,0.1686652763295099,,,,25.871715610510048,90,,,1933,,,32227,,,,,
spray-l16,3000,4,5699,959,3849,1850,0.32461835409721,0.24915562483762016,0.16827513598876995,,,,28.250260688216894,80,,,2890,,,57855,,,,,
spray-l16,100,5,199,16,124,75,0.3768844221105528,0.12903225806451613,0.08040201005025126,,,,5.5,10,,,108,,,0,,,,,
spray-l16,200,5,396,27,248,148,0.37373737373737376,0.10887096774193548,0.06818181818181818,,,,16,130,,,221,,,0,,,,,
spray-l16,400,5,792,54,502,290,0.3661616161616162,0.10756972111553785,0.06818181818181818,,,,15.11111111111111,85,,,448,,,17,,,,,
spray-l16,600,5,1189,123,772,417,0.3507148864592094,0.15932642487046633,0.10344827586206896,,,,28.504065040650406,135,,,649,,,338,,,,,
spray-l16,800,5,1578,181,1027,551,0.34917617237008874,0.1762414800389484,0.114702154626109,,,,25.066298342541437,100,,,846,,,1824,,,,,
spray-l16,1200,5,2347,336,1552,795,0.3387302939923306,0.21649484536082475,0.14316148274392843,,,,28.324404761904763,120,,,1216,,,8898,,,,,
spray-l16,1600,5,3091,441,2042,1049,0.33937237140084114,0.21596474045053868,0.1426722743448722,,,,25.480725623582767,85,,,1601,,,21385,,,,,
spray-l16,2000,5,3852,637,2582,1270,0.3296988577362409,0.24670797831138652,0.1653686396677051,,,,26.031397174254316,85,,,1945,,,31751,,,,,
spray-l16,3000,5,5707,984,3857,1850,0.3241633082179779,0.2551205600207415,0.17241983528999474,,,,26.692073170731707,80,,,2873,,,57036,,,,,
spray-l16,100,6,199,0,122,77,0.3869346733668342,0,0,,,,0,0,,,122,,,0,,,,,
spray-l16,200,6,399,6,249,150,0.37593984962406013,0.024096385542168676,0.015037593984962405,,,,5.5,10,,,243,,,0,,,,,
spray-l16,400,6,796,38,500,296,0.37185929648241206,0.076,0.04773869346733668,,,,20.18421052631579,115,,,462,,,1,,,,,
spray-l16,600,6,1193,87,761,432,0.36211232187761944,0.11432325886990802,0.07292539815590947,,,,18.64367816091954,95,,,674,,,142,,,,,
spray-l16,800,6,1580,168,1033,547,0.34620253164556963,0.16263310745401743,0.10632911392405063,,,,28.74404761904762,135,,,865,,,1075,,,,,
spray-l16,1200,6,2357,309,1561,796,0.33771743742044974,0.1979500320307495,0.13109885447602884,,,,27.585760517799354,115,,,1252,,,7732,,,,,
spray-l16,1600,6,3102,473,2089,1013,0.32656350741457124,0.22642412637625658,0.1524822695035461,,,,30.748414376321353,110,,,1616,,,19939,,,,,
spray-l16,2000,6,3842,615,2598,1244,0.3237896928682978,0.23672055427251731,0.16007287870900572,,,,27.229268292682928,80,,,1983,,,34159,,,,,
spray-l16,3000,6,5710,906,3861,1849,0.32381786339754814,0.23465423465423466,0.1586690017513135,,,,30.335540838852097,90,,,2955,,,59166,,,,,
spray-l16,100,7,196,0,128,68,0.3469387755102041,0,0,,,,0,0,,,128,,,0,,,,,
spray-l16,200,7,397,2,256,141,0.35516372795969775,0.0078125,0.005037783375314861,,,,5.5,10,,,254,,,0,,,,,
spray-l16,400,7,794,17,516,278,0.3501259445843829,0.03294573643410853,0.021410579345088162,,,,32.8235294117647,150,,,499,,,0,,,,,
spray-l16,600,7,1192,60,775,417,0.3498322147651007,0.07741935483870968,0.050335570469798654,,,,34.3,130,,,715,,,235,,,,,
spray-l16,800,7,1583,137,1041,542,0.34238787113076435,0.13160422670509125,0.08654453569172457,,,,33.51094890510949,130,,,904,,,1101,,,,,
spray-l16,1200,7,2353,263,1556,797,0.33871653208669783,0.16902313624678664,0.11177220569485763,,,,27.163498098859314,110,,,1293,,,7518,,,,,
spray-l16,1600,7,3102,382,2076,1026,0.3307543520309478,0.18400770712909442,0.12314635718891039,,,,30.51832460732984,110,,,1694,,,19506,,,,,
spray-l16,2000,7,3850,582,2593,1257,0.3264935064935065,0.22445044350173543,0.15116883116883117,,,,27.70274914089347,85,,,2011,,,32600,,,,,
spray-l16,3000,7,5734,906,3882,1852,0.3229856993372864,0.23338485316846985,0.15800488315312172,,,,28.10927152317881,85,,,2976,,,58282,,,,,
spray-l16,100,8,200,11,129,71,0.355,0.08527131782945736,0.055,,,,18.90909090909091,90,,,118,,,0,,,,,
spray-l16,200,8,399,21,249,150,0.37593984962406013,0.08433734939759036,0.05263157894736842,,,,27.333333333333332,130,,,228,,,0,,,,,
spray-l16,400,8,795,69,505,290,0.36477987421383645,0.13663366336633664,0.08679245283018867,,,,25.420289855072465,110,,,436,,,1,,,,,
spray-l16,600,8,1190,98,758,432,0.3630252100840336,0.12928759894459102,0.08235294117647059,,,,34.56122448979592,130,,,660,,,151,,,,,
spray-l16,800,8,1577,199,1028,549,0.3481293595434369,0.193579766536965,0.12618896639188332,,,,31.748743718592966,120,,,829,,,1643,,,,,
spray-l16,1200,8,2337,251,1490,847,0.36243046640992727,0.16845637583892617,0.10740265297389816,,,,29.609561752988046,105,,,1239,,,8438,,,,,
spray-l16,1600,8,3067,481,2048,1019,0.3322464949462015,0.23486328125,0.15683077926312358,,,,30.153846153846153,105,,,1567,,,21027,,,,,
spray-l16,2000,8,3816,624,2570,1246,0.32651991614255765,0.24280155642023346,0.16352201257861634,,,,28.982371794871796,90,,,1946,,,32795,,,,,
spray-l16,3000,8,5702,925,3828,1874,0.3286566117151877,0.2416405433646813,0.16222378112942826,,,,29.95243243243243,90,,,2903,,,58730,,,,,
spray-l16,100,9,197,6,130,67,0.3401015228426396,0.046153846153846156,0.030456852791878174,,,,6.833333333333333,15,,,124,,,0,,,,,
spray-l16,200,9,394,23,260,134,0.3401015228426396,0.08846153846153847,0.0583756345177665,,,,15.73913043478261,70,,,237,,,0,,,,,
spray-l16,400,9,793,95,523,270,0.34047919293820933,0.18164435946462715,0.11979823455233292,,,,35.126315789473686,145,,,428,,,0,,,,,
spray-l16,600,9,1184,163,787,397,0.33530405405405406,0.2071156289707751,0.13766891891891891,,,,24.460122699386503,125,,,624,,,328,,,,,
spray-l16,800,9,1577,228,1064,513,0.3253012048192771,0.21428571428571427,0.14457831325301204,,,,26.12719298245614,120,,,836,,,1584,,,,,
spray-l16,1200,9,2338,360,1577,761,0.325491873396065,0.22828154724159797,0.15397775876817793,,,,24.925,95,,,1217,,,8288,,,,,
spray-l16,1600,9,3079,485,2067,1012,0.32867814225397857,0.23463957426221577,0.15751867489444624,,,,24.721649484536083,75,,,1582,,,20057,,,,,
spray-l16,2000,9,3823,677,2594,1229,0.3214752811927805,0.2609868928296068,0.17708605806957886,,,,26.025110782865582,80,,,1917,,,33052,,,,,
spray-l16,3000,9,5702,1034,3870,1832,0.3212907751666082,0.26718346253229974,0.18133988074359875,,,,28.895551257253384,85,,,2836,,,56793,,,,,
spray-l16,100,10,200,0,130,70,0.35,0,0,,,,0,0,,,130,,,0,,,,,
spray-l16,200,10,400,8,254,146,0.365,0.031496062992125984,0.02,,,,6.5,10,,,246,,,0,,,,,
spray-l16,400,10,798,28,505,293,0.36716791979949875,0.055445544554455446,0.03508771929824561,,,,38.92857142857143,135,,,477,,,0,,,,,
spray-l16,600,10,1195,92,770,425,0.35564853556485354,0.11948051948051948,0.07698744769874477,,,,32.16304347826087,140,,,678,,,68,,,,,
spray-l16,800,10,1580,148,1035,545,0.3449367088607595,0.14299516908212562,0.09367088607594937,,,,31.945945945945947,120,,,887,,,1216,,,,,
spray-l16,1200,10,2350,315,1580,770,0.3276595744680851,0.19936708860759494,0.13404255319148936,,,,32.79365079365079,125,,,1265,,,8858,,,,,
spray-l16,1600,10,3105,445,2109,996,0.3207729468599034,0.2110004741583689,0.143317230273752,,,,29.701123595505617,100,,,1664,,,21602,,,,,
spray-l16,2000,10,3839,594,2597,1242,0.32352175045584786,0.22872545244512898,0.15472779369627507,,,,29.67845117845118,95,,,2003,,,33549,,,,,
spray-l16,3000,10,5704,819,3832,1872,0.3281907433380084,0.21372651356993738,0.1435834502103787,,,,31.67887667887668,95,,,3013,,,60055,,,,,
spray-l16,100,11,198,7,122,76,0.3838383838383838,0.05737704918032787,0.03535353535353535,,,,20.857142857142858,110,,,115,,,0,,,,,
spray-l16,200,11,396,11,248,148,0.37373737373737376,0.04435483870967742,0.027777777777777776,,,,7.454545454545454,15,,,237,,,0,,,,,
spray-l16,400,11,796,19,498,298,0.3743718592964824,0.03815261044176707,0.02386934673366834,,,,13,110,,,479,,,33,,,,,
spray-l16,600,11,1192,71,758,434,0.3640939597315436,0.09366754617414248,0.05956375838926174,,,,32.929577464788736,130,,,687,,,131,,,,,
spray-l16,800,11,1589,158,1032,557,0.35053492762743865,0.15310077519379844,0.09943360604153556,,,,25.664556962025316,120,,,874,,,1205,,,,,
spray-l16,1200,11,2359,274,1519,840,0.3560830860534125,0.1803818301514154,0.11615091140313692,,,,26.613138686131386,105,,,1245,,,7964,,,,,
spray-l16,1600,11,3086,401,2015,1071,0.34705119896305897,0.1990074441687345,0.12994167206740118,,,,28.965087281795512,95,,,1614,,,20516,,,,,
spray-l16,2000,11,3844,560,2529,1315,0.34209157127991674,0.22143139580862,0.14568158168574402,,,,29.364285714285714,95,,,1969,,,32742,,,,,
spray-l16,3000,11,5700,889,3847,1853,0.3250877192982456,0.23108916038471536,0.15596491228070175,,,,31.741282339707535,95,,,2958,,,58515,,,,,
spray-l16,100,12,198,4,123,75,0.3787878787878788,0.032520325203252036,0.020202020202020204,,,,6,15,,,119,,,0,,,,,
spray-l16,200,12,392,10,248,144,0.3673469387755102,0.04032258064516129,0.025510204081632654,,,,7.5,15,,,238,,,0,,,,,
spray-l16,400,12,793,22,496,297,0.3745271122320303,0.04435483870967742,0.027742749054224466,,,,23.681818181818183,110,,,474,,,11,,,,,
spray-l16,600,12,1187,83,760,427,0.35973041280539175,0.10921052631578948,0.06992417860151642,,,,34.566265060240966,115,,,677,,,324,,,,,
spray-l16,800,12,1574,95,1006,568,0.36086404066073696,0.09443339960238568,0.06035578144853875,,,,27.989473684210527,115,,,911,,,2088,,,,,
spray-l16,1200,12,2329,239,1517,812,0.34864748819235725,0.15754779169413316,0.10261914984972091,,,,29.355648535564853,120,,,1278,,,9411,,,,,
spray-l16,1600,12,3085,312,2010,1075,0.34846029173419774,0.15522388059701492,0.10113452188006483,,,,28.349358974358974,95,,,1698,,,21155,,,,,
spray-l16,2000,12,3820,452,2528,1292,0.3382198952879581,0.1787974683544304,0.11832460732984293,,,,28.778761061946902,95,,,2076,,,33678,,,,,
spray-l16,3000,12,5694,758,3764,1930,0.33895328415876363,0.2013815090329437,0.1331225851773797,,,,31.478891820580476,95,,,3006,,,59060,,,,,
spray-l16,100,13,198,15,128,70,0.35353535353535354,0.1171875,0.07575757575757576,,,,8.866666666666667,20,,,113,,,0,,,,,
spray-l16,200,13,395,33,253,142,0.3594936708860759,0.13043478260869565,0.08354430379746836,,,,21.87878787878788,140,,,220,,,0,,,,,
spray-l16,400,13,790,106,519,271,0.3430379746835443,0.20423892100192678,0.1341772151898734,,,,22.89622641509434,95,,,413,,,8,,,,,
spray-l16,600,13,1181,128,773,408,0.3454699407281964,0.16558861578266496,0.10838272650296359,,,,27.6015625,125,,,645,,,265,,,,,
spray-l16,800,13,1584,241,1058,526,0.33207070707070707,0.2277882797731569,0.15214646464646464,,,,35.232365145228215,130,,,817,,,1401,,,,,
spray-l16,1200,13,2340,348,1565,775,0.3311965811965812,0.22236421725239616,0.14871794871794872,,,,31.10632183908046,120,,,1217,,,8589,,,,,
spray-l16,1600,13,3098,434,2059,1039,0.3353776630083925,0.21078193297717338,0.14009038089089734,,,,25.889400921658986,100,,,1625,,,20514,,,,,
spray-l16,2000,13,3845,630,2605,1240,0.32249674902470743,0.2418426103646833,0.16384915474642392,,,,27.93968253968254,90,,,1975,,,31903,,,,,
spray-l16,3000,13,5721,968,3884,1837,0.32109771019052613,0.24922760041194644,0.169201188603391,,,,29.609504132231404,90,,,2916,,,57928,,,,,
spray-l16,100,14,196,8,128,68,0.3469387755102041,0.0625,0.04081632653061224,,,,7.25,15,,,120,,,0,,,,,
spray-l16,200,14,396,19,253,143,0.3611111111111111,0.07509881422924901,0.047979797979797977,,,,9.210526315789474,25,,,234,,,0,,,,,
spray-l16,400,14,783,74,512,271,0.34610472541507026,0.14453125,0.09450830140485313,,,,35.62162162162162,140,,,438,,,6,,,,,
spray-l16,600,14,1187,122,779,408,0.34372367312552654,0.15661103979460847,0.10278011794439765,,,,26.368852459016395,105,,,657,,,108,,,,,
spray-l16,800,14,1582,238,1048,534,0.33754740834386854,0.22709923664122136,0.1504424778761062,,,,28.19747899159664,110,,,810,,,1062,,,,,
spray-l16,1200,14,2337,378,1569,768,0.3286264441591784,0.24091778202676864,0.16174582798459564,,,,28.727513227513228,105,,,1191,,,8342,,,,,
spray-l16,1600,14,3082,486,2059,1023,0.3319273199221285,0.23603691112190384,0.15768981181051264,,,,28.11111111111111,95,,,1573,,,20380,,,,,
spray-l16,2000,14,3812,580,2548,1264,0.3315844700944386,0.22762951334379905,0.1521511017838405,,,,28.631034482758622,85,,,1968,,,34104,,,,,
spray-l16,3000,14,5708,958,3839,1869,0.32743517869656624,0.2495441521229487,0.16783461807988787,,,,27.75365344467641,80,,,2881,,,56520,,,,,
spray-l16,100,15,200,1,116,84,0.42,0.008620689655172414,0.005,,,,133,135,,,115,,,0,,,,,
spray-l16,200,15,398,12,243,155,0.38944723618090454,0.04938271604938271,0.03015075376884422,,,,12.833333333333334,50,,,231,,,0,,,,,
spray-l16,400,15,794,57,507,287,0.3614609571788413,0.11242603550295859,0.07178841309823678,,,,27.736842105263158,130,,,450,,,3,,,,,
spray-l16,600,15,1188,104,759,429,0.3611111111111111,0.1370223978919631,0.08754208754208755,,,,32.15384615384615,125,,,655,,,218,,,,,
spray-l16,800,15,1583,168,1026,557,0.35186355022109916,0.16374269005847952,0.10612760581174985,,,,30.25,125,,,858,,,1501,,,,,
spray-l16,1200,15,2341,298,1549,792,0.33831695856471594,0.1923821820529374,0.12729602733874412,,,,27.889261744966444,110,,,1251,,,8448,,,,,
spray-l16,1600,15,3093,369,2029,1064,0.34400258648561266,0.1818629866929522,0.11930164888457807,,,,26.59620596205962,95,,,1660,,,20716,,,,,
spray-l16,2000,15,3832,563,2540,1292,0.33716075156576203,0.22165354330708661,0.1469206680584551,,,,28.69804618117229,105,,,1977,,,33224,,,,,
spray-l16,3000,15,5717,911,3841,1876,0.3281441315375197,0.2371778182764905,0.15934930907818787,,,,27.631174533479694,80,,,2930,,,58389,,,,,
spray-l16,100,16,199,4,125,74,0.37185929648241206,0.032,0.020100502512562814,,,,7.25,15,,,121,,,0,,,,,
spray-l16,200,16,397,4,249,148,0.37279596977329976,0.01606425702811245,0.010075566750629723,,,,6.25,10,,,245,,,0,,,,,
spray-l16,400,16,798,18,516,282,0.3533834586466165,0.03488372093023256,0.022556390977443608,,,,20.444444444444443,125,,,498,,,0,,,,,
spray-l16,600,16,1191,31,773,418,0.3509655751469353,0.040103492884864166,0.026028547439126783,,,,21.096774193548388,125,,,742,,,104,,,,,
spray-l16,800,16,1585,133,1053,532,0.3356466876971609,0.12630579297245964,0.08391167192429022,,,,27.165413533834588,120,,,920,,,1300,,,,,
spray-l16,1200,16,2352,318,1599,753,0.3201530612244898,0.19887429643527205,0.13520408163265307,,,,25.79874213836478,90,,,1281,,,8212,,,,,
spray-l16,1600,16,3105,450,2099,1006,0.3239935587761675,0.21438780371605526,0.14492753623188406,,,,27.08,95,,,1649,,,20185,,,,,
spray-l16,2000,16,3838,597,2595,1243,0.3238665971860344,0.2300578034682081,0.1555497655028661,,,,30.77721943048576,100,,,1998,,,32876,,,,,
spray-l16,3000,16,5724,1026,3899,1825,0.31883298392732357,0.2631443959989741,0.1792452830188679,,,,29.67543859649123,90,,,2873,,,56310,,,,,
spray-l16,100,17,199,4,126,73,0.36683417085427134,0.031746031746031744,0.020100502512562814,,,,5.25,10,,,122,,,0,,,,,
spray-l16,200,17,398,14,250,148,0.37185929648241206,0.056,0.035175879396984924,,,,6.428571428571429,20,,,236,,,0,,,,,
spray-l16,400,17,794,33,504,290,0.36523929471032746,0.06547619047619048,0.041561712846347604,,,,24.09090909090909,135,,,471,,,0,,,,,
spray-l16,600,17,1191,94,761,430,0.3610411418975651,0.12352168199737187,0.07892527287993283,,,,32.680851063829785,140,,,667,,,351,,,,,
spray-l16,800,17,1582,163,1030,552,0.34892541087231355,0.15825242718446603,0.10303413400758533,,,,35.85889570552147,135,,,867,,,1863,,,,,
spray-l16,1200,17,2358,317,1550,808,0.3426632739609839,0.20451612903225808,0.1344359626802375,,,,35.646687697160885,130,,,1233,,,8801,,,,,
spray-l16,1600,17,3100,478,2070,1030,0.33225806451612905,0.23091787439613526,0.15419354838709678,,,,30.640167364016737,110,,,1592,,,20567,,,,,
spray-l16,2000,17,3848,567,2564,1284,0.33367983367983367,0.22113884555382216,0.14734927234927234,,,,27.901234567901234,90,,,1997,,,31868,,,,,
spray-l16,3000,17,5735,908,3853,1882,0.32816041848299915,0.2356605242668051,0.15832606800348736,,,,29.878854625550662,85,,,2945,,,58106,,,,,
spray-l16,100,18,198,4,123,75,0.3787878787878788,0.032520325203252036,0.020202020202020204,,,,21.75,75,,,119,,,0,,,,,
spray-l16,200,18,398,2,241,157,0.3944723618090452,0.008298755186721992,0.005025125628140704,,,,5.5,10,,,239,,,0,,,,,
spray-l16,400,18,794,9,497,297,0.37405541561712846,0.018108651911468814,0.011335012594458438,,,,20.11111111111111,80,,,488,,,1,,,,,
spray-l16,600,18,1190,34,755,435,0.36554621848739494,0.045033112582781455,0.02857142857142857,,,,33.470588235294116,120,,,721,,,288,,,,,
spray-l16,800,18,1586,134,1022,564,0.35561160151324084,0.13111545988258316,0.08448928121059268,,,,34.24626865671642,130,,,888,,,1650,,,,,
spray-l16,1200,18,2364,281,1552,812,0.34348561759729274,0.18105670103092783,0.1188663282571912,,,,28.412811387900355,120,,,1271,,,7321,,,,,
spray-l16,1600,18,3119,449,2088,1031,0.33055466495671687,0.21503831417624522,0.14395639628085924,,,,26.984409799554566,110,,,1639,,,18602,,,,,
spray-l16,2000,18,3847,560,2586,1261,0.3277878866649337,0.21655065738592422,0.14556797504549,,,,28.623214285714287,100,,,2026,,,33296,,,,,
spray-l16,3000,18,5721,813,3814,1907,0.3333333333333333,0.21316203460933403,0.14210802307288936,,,,30.846248462484624,85,,,3001,,,58729,,,,,
spray-l16,100,19,198,8,118,80,0.40404040404040403,0.06779661016949153,0.04040404040404041,,,,8.125,15,,,110,,,0,,,,,
spray-l16,200,19,398,13,243,155,0.38944723618090454,0.053497942386831275,0.032663316582914576,,,,7.538461538461538,25,,,230,,,0,,,,,
spray-l16,400,19,793,19,488,305,0.38461538461538464,0.0389344262295082,0.02395964691046658,,,,7.2631578947368425,15,,,469,,,6,,,,,
spray-l16,600,19,1186,67,754,432,0.3642495784148398,0.08885941644562334,0.05649241146711636,,,,24.238805970149254,120,,,687,,,167,,,,,
spray-l16,800,19,1579,112,1006,573,0.3628879037365421,0.11133200795228629,0.07093096896770108,,,,27.6875,120,,,894,,,1314,,,,,
spray-l16,1200,19,2350,232,1532,818,0.34808510638297874,0.1514360313315927,0.09872340425531916,,,,28.70258620689655,125,,,1300,,,8260,,,,,
spray-l16,1600,19,3084,438,2058,1026,0.3326848249027237,0.21282798833819241,0.14202334630350194,,,,26.883561643835616,100,,,1620,,,20489,,,,,
spray-l16,2000,19,3844,545,2562,1282,0.33350676378772115,0.21272443403590943,0.14177939646201873,,,,28.607339449541286,100,,,2017,,,33786,,,,,
spray-l16,3000,19,5709,888,3852,1857,0.32527588018917497,0.23052959501557632,0.1555438780872307,,,,29.11373873873874,80,,,2964,,,58417,,,,,
spray-l16,100,20,197,5,123,74,0.3756345177664975,0.04065040650406504,0.025380710659898477,,,,5.8,10,,,118,,,0,,,,,
spray-l16,200,20,398,26,254,144,0.36180904522613067,0.10236220472440945,0.06532663316582915,,,,20.76923076923077,110,,,228,,,0,,,,,
spray-l16,400,20,793,74,522,271,0.3417402269861286,0.1417624521072797,0.09331651954602774,,,,29.7027027027027,115,,,448,,,5,,,,,
spray-l16,600,20,1192,109,785,407,0.3414429530201342,0.13885350318471337,0.09144295302013423,,,,26.220183486238533,135,,,676,,,157,,,,,
spray-l16,800,20,1577,170,1058,519,0.32910589727330375,0.16068052930056712,0.10779961953075459,,,,31.01764705882353,135,,,888,,,1308,,,,,
spray-l16,1200,20,2343,300,1569,774,0.33034571062740076,0.19120458891013384,0.12804097311139565,,,,28.036666666666665,115,,,1269,,,8184,,,,,
spray-l16,1600,20,3110,478,2125,985,0.3167202572347267,0.22494117647058823,0.1536977491961415,,,,28.476987447698743,95,,,1647,,,20482,,,,,
spray-l16,2000,20,3871,561,2617,1254,0.32394730043916303,0.21436759648452428,0.14492379230173083,,,,29.67023172905526,85,,,2056,,,32627,,,,,
spray-l16,3000,20,5727,862,3862,1865,0.3256504277981491,0.22320041429311238,0.1505151038938362,,,,30.281902552204176,90,,,3000,,,60070,,,,,
spray-l16,100,21,199,4,133,66,0.3316582914572864,0.03007518796992481,0.020100502512562814,,,,4.25,10,,,129,,,0,,,,,
spray-l16,200,21,398,6,261,137,0.3442211055276382,0.022988505747126436,0.01507537688442211,,,,6.5,15,,,255,,,0,,,,,
spray-l16,400,21,798,77,536,262,0.3283208020050125,0.14365671641791045,0.09649122807017543,,,,30.25974025974026,150,,,459,,,2,,,,,
spray-l16,600,21,1196,121,803,393,0.3285953177257525,0.1506849315068493,0.10117056856187291,,,,35.413223140495866,140,,,682,,,139,,,,,
spray-l16,800,21,1585,201,1069,516,0.32555205047318614,0.1880261927034612,0.12681388012618297,,,,35.09452736318408,135,,,868,,,1155,,,,,
spray-l16,1200,21,2363,298,1576,787,0.3330512060939484,0.18908629441624367,0.12611087600507828,,,,30.65771812080537,115,,,1278,,,7725,,,,,
spray-l16,1600,21,3112,409,2079,1033,0.3319408740359897,0.19672919672919673,0.131426735218509,,,,29.78239608801956,95,,,1670,,,20743,,,,,
spray-l16,2000,21,3866,628,2628,1238,0.32022762545266426,0.2389649923896499,0.16244180031039834,,,,31.53184713375796,100,,,2000,,,33306,,,,,
spray-l16,3000,21,5744,862,3858,1886,0.3283426183844011,0.22343182996371178,0.15006963788300837,,,,30.484918793503482,90,,,2996,,,58650,,,,,
spray-l16,100,22,199,0,124,75,0.3768844221105528,0,0,,,,0,0,,,124,,,0,,,,,
spray-l16,200,22,397,8,250,147,0.3702770780856423,0.032,0.020151133501259445,,,,6.25,15,,,242,,,0,,,,,
spray-l16,400,22,795,27,508,287,0.3610062893081761,0.0531496062992126,0.033962264150943396,,,,27.11111111111111,130,,,481,,,0,,,,,
spray-l16,600,22,1188,45,755,433,0.36447811447811446,0.059602649006622516,0.03787878787878788,,,,26.77777777777778,115,,,710,,,235,,,,,
spray-l16,800,22,1577,194,1049,528,0.3348129359543437,0.18493803622497618,0.12301838934686113,,,,30.47422680412371,135,,,855,,,1434,,,,,
spray-l16,1200,22,2339,323,1566,773,0.3304831124412142,0.2062579821200511,0.13809320222317228,,,,29.56656346749226,100,,,1243,,,8840,,,,,
spray-l16,1600,22,3102,491,2080,1022,0.329464861379755,0.2360576923076923,0.1582849774339136,,,,30.670061099796335,105,,,1589,,,19512,,,,,
spray-l16,2000,22,3830,640,2593,1237,0.32297650130548305,0.24681835711531044,0.1671018276762402,,,,28.3125,85,,,1953,,,31806,,,,,
spray-l16,3000,22,5712,1009,3875,1837,0.32160364145658266,0.2603870967741935,0.17664565826330533,,,,28.806739345887017,85,,,2866,,,57063,,,,,
spray-l16,100,23,199,8,126,73,0.36683417085427134,0.06349206349206349,0.04020100502512563,,,,6.375,10,,,118,,,0,,,,,
spray-l16,200,23,397,20,250,147,0.3702770780856423,0.08,0.05037783375314862,,,,16.65,90,,,230,,,0,,,,,
spray-l16,400,23,795,44,502,293,0.36855345911949683,0.08764940239043825,0.055345911949685536,,,,29.204545454545453,120,,,458,,,1,,,,,
spray-l16,600,23,1187,101,757,430,0.36225779275484415,0.1334214002642008,0.08508845829823083,,,,33.82178217821782,130,,,656,,,473,,,,,
spray-l16,800,23,1580,175,1027,553,0.35,0.17039922103213243,0.11075949367088607,,,,28.84,125,,,852,,,1919,,,,,
spray-l16,1200,23,2331,381,1575,756,0.32432432432432434,0.2419047619047619,0.16344916344916344,,,,27.73490813648294,115,,,1194,,,8930,,,,,
spray-l16,1600,23,3078,544,2084,994,0.32293697205977906,0.26103646833013433,0.17673814165042234,,,,28.027573529411764,100,,,1540,,,20558,,,,,
spray-l16,2000,23,3820,637,2592,1228,0.32146596858638743,0.24575617283950618,0.1667539267015707,,,,28.28885400313972,85,,,1955,,,33008,,,,,
spray-l16,3000,23,5703,913,3829,1874,0.32859898299140805,0.2384434578218856,0.1600911800806593,,,,29.54435925520263,85,,,2916,,,57198,,,,,
spray-l16,100,24,197,2,117,80,0.40609137055837563,0.017094017094017096,0.01015228426395939,,,,6,10,,,115,,,0,,,,,
spray-l16,200,24,396,23,248,148,0.37373737373737376,0.09274193548387097,0.05808080808080808,,,,24.652173913043477,125,,,225,,,0,,,,,
spray-l16,400,24,786,32,495,291,0.3702290076335878,0.06464646464646465,0.04071246819338423,,,,16.3125,90,,,463,,,31,,,,,
spray-l16,600,24,1187,82,752,435,0.36647009267059816,0.10904255319148937,0.06908171861836562,,,,30.25609756097561,120,,,670,,,275,,,,,
spray-l16,800,24,1578,127,1006,572,0.36248415716096327,0.12624254473161034,0.08048162230671736,,,,28.79527559055118,120,,,879,,,1343,,,,,
spray-l16,1200,24,2335,376,1574,761,0.3259100642398287,0.2388818297331639,0.16102783725910064,,,,31.25531914893617,125,,,1198,,,8038,,,,,
spray-l16,1600,24,3093,516,2073,1020,0.3297769156159069,0.24891461649782923,0.16682832201745879,,,,27.593023255813954,95,,,1557,,,20638,,,,,
spray-l16,2000,24,3829,647,2590,1239,0.3235831809872029,0.2498069498069498,0.16897362235570645,,,,26.131375579598146,80,,,1943,,,32568,,,,,
spray-l16,3000,24,5700,918,3810,1890,0.33157894736842103,0.2409448818897638,0.16105263157894736,,,,29.507625272331154,85,,,2892,,,57511,,,,,
spray-l16,100,25,198,7,129,69,0.3484848484848485,0.05426356589147287,0.03535353535353535,,,,18.571428571428573,90,,,122,,,0,,,,,
spray-l16,200,25,396,16,254,142,0.35858585858585856,0.06299212598425197,0.04040404040404041,,,,10.5625,60,,,238,,,0,,,,,
spray-l16,400,25,794,61,514,280,0.3526448362720403,0.11867704280155641,0.07682619647355164,,,,33.16393442622951,140,,,453,,,29,,,,,
spray-l16,600,25,1190,140,779,411,0.3453781512605042,0.1797175866495507,0.11764705882352941,,,,30.95,125,,,639,,,255,,,,,
spray-l16,800,25,1580,195,1051,529,0.3348101265822785,0.18553758325404376,0.12341772151898735,,,,28.497435897435896,115,,,856,,,1615,,,,,
spray-l16,1200,25,2357,367,1591,766,0.32498939329656346,0.23067253299811438,0.15570640644887568,,,,25.735694822888284,110,,,1224,,,7939,,,,,
spray-l16,1600,25,3089,570,2120,969,0.3136937520233085,0.2688679245283019,0.18452573648429912,,,,26.79824561403509,95,,,1550,,,18987,,,,,
spray-l16,2000,25,3861,668,2594,1267,0.32815332815332815,0.25751734772552043,0.173012173012173,,,,27.35928143712575,90,,,1926,,,32593,,,,,
spray-l16,3000,25,5724,935,3860,1864,0.3256464011180992,0.2422279792746114,0.16334730957372467,,,,27.00427807486631,80,,,2925,,,57743,,,,,
spray-l16,100,26,197,10,128,69,0.350253807106599,0.078125,0.050761421319796954,,,,14.2,90,,,118,,,0,,,,,
spray-l16,200,26,395,23,252,143,0.3620253164556962,0.09126984126984126,0.05822784810126582,,,,30.695652173913043,140,,,229,,,0,,,,,
spray-l16,400,26,793,66,520,273,0.3442622950819672,0.12692307692307692,0.0832282471626734,,,,25.21212121212121,115,,,454,,,0,,,,,
spray-l16,600,26,1191,158,786,405,0.34005037783375314,0.2010178117048346,0.13266162888329136,,,,29.29113924050633,125,,,628,,,77,,,,,
spray-l16,800,26,1581,214,1043,538,0.3402909550917141,0.20517737296260785,0.13535736875395318,,,,27.83644859813084,130,,,829,,,1138,,,,,
spray-l16,1200,26,2355,382,1567,788,0.3346072186836518,0.24377791959157627,0.162208067940552,,,,26.23560209424084,105,,,1185,,,7888,,,,,
spray-l16,1600,26,3080,454,2042,1038,0.337012987012987,0.22233104799216455,0.1474025974025974,,,,26.66740088105727,95,,,1588,,,21431,,,,,
spray-l16,2000,26,3828,640,2590,1238,0.3234064785788924,0.2471042471042471,0.1671891327063741,,,,26.896875,80,,,1950,,,32690,,,,,
spray-l16,3000,26,5729,956,3855,1874,0.3271076976784779,0.24798962386511025,0.1668703089544423,,,,29.3755230125523,85,,,2899,,,58411,,,,,
spray-l16,100,27,199,0,120,79,0.3969849246231156,0,0,,,,0,0,,,120,,,0,,,,,
spray-l16,200,27,399,15,252,147,0.3684210526315789,0.05952380952380952,0.03759398496240601,,,,16.666666666666668,115,,,237,,,0,,,,,
spray-l16,400,27,793,36,501,292,0.3682219419924338,0.0718562874251497,0.04539722572509458,,,,24.583333333333332,105,,,465,,,0,,,,,
spray-l16,600,27,1192,73,756,436,0.36577181208053694,0.09656084656084656,0.061241610738255035,,,,20.136986301369863,100,,,683,,,246,,,,,
spray-l16,800,27,1578,151,1010,568,0.35994930291508237,0.1495049504950495,0.09569074778200254,,,,23.721854304635762,100,,,859,,,1653,,,,,
spray-l16,1200,27,2344,245,1517,827,0.3528156996587031,0.16150296638101516,0.1045221843003413,,,,26.824489795918367,115,,,1272,,,9125,,,,,
spray-l16,1600,27,3089,323,1998,1091,0.3531887342181936,0.16166166166166165,0.10456458400776951,,,,27.851393188854487,85,,,1675,,,21227,,,,,
spray-l16,2000,27,3828,479,2516,1312,0.34273772204806685,0.19038155802861687,0.12513061650992685,,,,28.542797494780793,90,,,2037,,,34125,,,,,
spray-l16,3000,27,5674,837,3778,1896,0.3341557983785689,0.22154579142403388,0.14751498061332394,,,,28.81600955794504,80,,,2941,,,59342,,,,,
spray-l16,100,28,199,6,123,76,0.38190954773869346,0.04878048780487805,0.03015075376884422,,,,5.333333333333333,10,,,117,,,0,,,,,
spray-l16,200,28,396,19,252,144,0.36363636363636365,0.07539682539682539,0.047979797979797977,,,,9,40,,,233,,,0,,,,,
spray-l16,400,28,793,33,503,290,0.3656998738965952,0.06560636182902585,0.0416141235813367,,,,26.03030303030303,135,,,470,,,2,,,,,
spray-l16,600,28,1190,64,745,445,0.3739495798319328,0.08590604026845637,0.05378151260504202,,,,30.515625,135,,,681,,,214,,,,,
spray-l16,800,28,1585,120,1013,572,0.3608832807570978,0.11846001974333663,0.07570977917981073,,,,31.325,125,,,893,,,955,,,,,
spray-l16,1200,28,2354,294,1538,816,0.3466440101954121,0.19115734720416125,0.12489379779099405,,,,37.39795918367347,140,,,1244,,,7059,,,,,
spray-l16,1600,28,3101,371,2055,1046,0.33731054498548857,0.1805352798053528,0.11963882618510158,,,,27.431266846361186,100,,,1684,,,19928,,,,,
spray-l16,2000,28,3849,474,2554,1295,0.336451026240582,0.1855912294440094,0.12314886983632112,,,,30.5,110,,,2080,,,33207,,,,,
spray-l16,3000,28,5746,839,3847,1899,0.3304907761921337,0.21809201975565376,0.1460146188652976,,,,27.909415971394516,85,,,3008,,,58079,,,,,
spray-l16,100,29,200,4,119,81,0.405,0.03361344537815126,0.02,,,,7.25,15,,,115,,,0,,,,,
spray-l16,200,29,399,16,252,147,0.3684210526315789,0.06349206349206349,0.040100250626566414,,,,34.5,145,,,236,,,0,,,,,
spray-l16,400,29,799,64,500,299,0.3742177722152691,0.128,0.08010012515644556,,,,42.203125,145,,,436,,,0,,,,,
spray-l16,600,29,1192,83,749,443,0.3716442953020134,0.11081441922563418,0.06963087248322147,,,,25.6144578313253,120,,,666,,,329,,,,,
spray-l16,800,29,1587,99,991,596,0.3755513547574039,0.09989909182643794,0.062381852551984876,,,,26.494949494949495,130,,,892,,,1602,,,,,
spray-l16,1200,29,2344,245,1514,830,0.35409556313993173,0.1618229854689564,0.1045221843003413,,,,25.979591836734695,115,,,1269,,,7389,,,,,
spray-l16,1600,29,3092,385,2011,1081,0.3496119016817594,0.1914470412729985,0.12451487710219922,,,,26.70909090909091,85,,,1626,,,19916,,,,,
spray-l16,2000,29,3837,616,2558,1279,0.3333333333333333,0.24081313526192338,0.1605420901746156,,,,29.212662337662337,105,,,1942,,,32286,,,,,
spray-l16,3000,29,5688,959,3866,1822,0.32032348804500704,0.2480600103466115,0.16860056258790437,,,,28.768508863399376,85,,,2907,,,57667,,,,,
spray-l16,100,30,199,0,125,74,0.37185929648241206,0,0,,,,0,0,,,125,,,0,,,,,
spray-l16,200,30,396,4,252,144,0.36363636363636365,0.015873015873015872,0.010101010101010102,,,,23.25,80,,,248,,,0,,,,,
spray-l16,400,30,793,31,517,276,0.3480453972257251,0.059961315280464215,0.03909205548549811,,,,38.70967741935484,140,,,486,,,25,,,,,
spray-l16,600,30,1191,38,757,434,0.36439966414777497,0.05019815059445178,0.03190596137699412,,,,37.73684210526316,125,,,719,,,321,,,,,
spray-l16,800,30,1586,80,1020,566,0.35687263556116017,0.0784313725490196,0.05044136191677175,,,,31.55,130,,,940,,,1434,,,,,
spray-l16,1200,30,2350,290,1573,777,0.33063829787234045,0.18436109345200255,0.12340425531914893,,,,26.713793103448275,100,,,1283,,,8899,,,,,
spray-l16,1600,30,3101,427,2070,1031,0.3324733956788133,0.20628019323671498,0.13769751693002258,,,,29.007025761124122,100,,,1643,,,21126,,,,,
spray-l16,2000,30,3843,561,2583,1260,0.32786885245901637,0.21718931475029035,0.14597970335675253,,,,31.967914438502675,90,,,2022,,,34170,,,,,
spray-l16,3000,30,5723,800,3820,1903,0.33251791018696486,0.2094240837696335,0.1397868250917351,,,,32.04125,90,,,3020,,,58910,,,,,
spray-l16,100,31,198,13,133,65,0.3282828282828283,0.09774436090225563,0.06565656565656566,,,,9.307692307692308,50,,,120,,,0,,,,,
spray-l16,200,31,397,30,263,134,0.33753148614609574,0.11406844106463879,0.07556675062972293,,,,10.166666666666666,25,,,233,,,0,,,,,
spray-l16,400,31,792,85,520,272,0.3434343434343434,0.16346153846153846,0.10732323232323232,,,,28.129411764705882,125,,,435,,,1,,,,,
spray-l16,600,31,1187,147,789,398,0.33529907329401853,0.18631178707224336,0.12384161752316765,,,,32.17006802721088,140,,,642,,,239,,,,,
spray-l16,800,31,1581,209,1047,534,0.3377609108159393,0.19961795606494748,0.13219481340923467,,,,30.473684210526315,125,,,838,,,1033,,,,,
spray-l16,1200,31,2347,401,1603,744,0.3170004260758415,0.25015595757953835,0.17085641244141458,,,,28.261845386533665,115,,,1202,,,8807,,,,,
spray-l16,1600,31,3083,555,2106,977,0.31689912422964645,0.26353276353276356,0.18001946156341225,,,,27.216216216216218,100,,,1551,,,19168,,,,,
spray-l16,2000,31,3824,721,2620,1204,0.3148535564853556,0.27519083969465646,0.1885460251046025,,,,27.69764216366158,85,,,1899,,,32086,,,,,
spray-l16,3000,31,5697,998,3855,1842,0.3233280674038968,0.2588845654993515,0.17517991925574863,,,,29.01302605210421,85,,,2857,,,57586,,,,,
spray-l16,100,32,198,4,125,73,0.3686868686868687,0.032,0.020202020202020204,,,,6.5,15,,,121,,,0,,,,,
spray-l16,200,32,398,10,247,151,0.3793969849246231,0.04048582995951417,0.02512562814070352,,,,20.8,145,,,237,,,0,,,,,
spray-l16,400,32,796,43,510,286,0.3592964824120603,0.08431372549019608,0.05402010050251256,,,,32.906976744186046,130,,,467,,,1,,,,,
spray-l16,600,32,1190,61,758,432,0.3630252100840336,0.08047493403693931,0.05126050420168067,,,,16.24590163934426,35,,,697,,,199,,,,,
spray-l16,800,32,1585,105,1024,561,0.35394321766561515,0.1025390625,0.06624605678233439,,,,26.876190476190477,120,,,919,,,1606,,,,,
spray-l16,1200,32,2348,310,1586,762,0.32453151618398635,0.19546027742749053,0.13202725724020442,,,,26.774193548387096,100,,,1276,,,7967,,,,,
spray-l16,1600,32,3100,434,2062,1038,0.33483870967741935,0.2104752667313288,0.14,,,,29.034562211981566,100,,,1628,,,20355,,,,,
spray-l16,2000,32,3848,589,2575,1273,0.33082120582120583,0.2287378640776699,0.15306652806652807,,,,28.103565365025467,95,,,1986,,,33142,,,,,
spray-l16,3000,32,5721,906,3863,1858,0.3247683971333683,0.2345327465700233,0.15836392239119035,,,,30.071743929359823,90,,,2957,,,58460,,,,,
spray-l16,100,33,198,5,122,76,0.3838383838383838,0.040983606557377046,0.025252525252525252,,,,39.2,145,,,117,,,0,,,,,
spray-l16,200,33,396,6,249,147,0.3712121212121212,0.024096385542168676,0.015151515151515152,,,,6.333333333333333,15,,,243,,,0,,,,,
spray-l16,400,33,793,55,514,279,0.35182849936948296,0.10700389105058365,0.06935687263556116,,,,20.181818181818183,100,,,459,,,1,,,,,
spray-l16,600,33,1186,124,782,404,0.3406408094435076,0.1585677749360614,0.1045531197301855,,,,30.088709677419356,135,,,658,,,137,,,,,
spray-l16,800,33,1587,226,1061,526,0.3314429741650914,0.21300659754948162,0.14240705734089476,,,,27.74778761061947,120,,,835,,,1214,,,,,
spray-l16,1200,33,2342,328,1567,775,0.3309137489325363,0.20931716656030633,0.14005123825789922,,,,28.945121951219512,120,,,1239,,,7728,,,,,
spray-l16,1600,33,3077,433,2060,1017,0.330516737081573,0.21019417475728155,0.14072148196295092,,,,25.84064665127021,85,,,1627,,,20586,,,,,
spray-l16,2000,33,3813,561,2544,1269,0.33280881195908735,0.2205188679245283,0.14712824547600314,,,,26.518716577540108,80,,,1983,,,32224,,,,,
spray-l16,3000,33,5694,880,3812,1882,0.3305233579206182,0.23084994753410285,0.15454864769933263,,,,29.245454545454546,85,,,2932,,,56619,,,,,
spray-l16,100,34,196,0,121,75,0.3826530612244898,0,0,,,,0,0,,,121,,,0,,,,,
spray-l16,200,34,394,0,242,152,0.38578680203045684,0,0,,,,0,0,,,242,,,0,,,,,
spray-l16,400,34,788,29,503,285,0.3616751269035533,0.05765407554671968,0.03680203045685279,,,,28.655172413793103,120,,,474,,,11,,,,,
spray-l16,600,34,1182,88,755,427,0.36125211505922167,0.11655629139072848,0.07445008460236886,,,,35.375,130,,,667,,,56,,,,,
spray-l16,800,34,1581,132,1014,567,0.3586337760910816,0.1301775147928994,0.08349146110056926,,,,28.272727272727273,105,,,882,,,853,,,,,
spray-l16,1200,34,2344,277,1550,794,0.3387372013651877,0.17870967741935484,0.1181740614334471,,,,26.653429602888085,95,,,1273,,,7298,,,,,
spray-l16,1600,34,3103,489,2089,1014,0.3267805349661618,0.2340832934418382,0.15758942958427327,,,,24.987730061349694,75,,,1600,,,19530,,,,,
spray-l16,2000,34,3852,675,2624,1228,0.31879543094496365,0.2572408536585366,0.17523364485981308,,,,26.915555555555557,85,,,1949,,,30284,,,,,
spray-l16,3000,34,5754,969,3889,1865,0.3241223496697949,0.24916430959115454,0.1684045881126173,,,,28.067079463364294,80,,,2920,,,56258,,,,,
