wind,seed,protocol,nBalloons,rounds,meanDegree,groundedPct,believedGroundedPct,originated,delivered,resolved,completionRate,satellite,acked,ackLost,droppedLoop,droppedTtl,blocked,stallNoBelief,stallStaleNextHop,beliefHopsMean,deliveredHopsMean
none,0,dv-dtn,1200,400,6.1875,97.75,97.75,2376,1608,1931,0.8327,263,1040,475,58,2,734,1250,41,6.512,4.209
none,10,dv-dtn,1200,400,6.3000,98.25,98.25,2389,1424,1881,0.7570,333,734,622,118,6,950,837,34,7.937,4.963
none,0,dv-dtn-digest-batch,1200,400,6.1875,97.75,97.75,2377,2026,2169,0.9341,95,1850,0,41,7,2133,1250,31,6.512,5.227
none,10,dv-dtn-digest-batch,1200,400,6.3000,98.25,98.25,2388,1936,2105,0.9197,60,1682,0,79,30,2570,837,27,7.937,6.409
none,0,dv-dtn-reactive,1200,400,6.1875,97.75,41.83,2378,1174,1829,0.6419,519,918,195,136,0,34,20721,69,5.275,3.982
none,10,dv-dtn-reactive,1200,400,6.3000,98.25,25.33,2388,955,1791,0.5332,710,651,243,126,0,39,24498,72,6.078,4.222
none,0,dv-dtn-link-state,1200,400,6.1875,97.75,39.83,2378,1127,1852,0.6085,725,987,80,0,0,14,29522,0,3.098,2.422
none,10,dv-dtn-link-state,1200,400,6.3000,98.25,28.42,2388,865,1805,0.4792,940,704,123,0,0,0,37186,0,3.176,2.524
none,0,spray-4,1200,400,6.1875,97.75,0.00,2372,188,1523,0.1234,1335,NaN,NaN,NaN,NaN,33,NaN,NaN,NaN,NaN
none,10,spray-4,1200,400,6.3000,98.25,0.00,2384,135,1544,0.0874,1409,NaN,NaN,NaN,NaN,27,NaN,NaN,NaN,NaN
none,0,spray-16,1200,400,6.1875,97.75,0.00,2335,452,1590,0.2843,1138,NaN,NaN,NaN,NaN,7180,NaN,NaN,NaN,NaN
none,10,spray-16,1200,400,6.3000,98.25,0.00,2336,310,1573,0.1971,1263,NaN,NaN,NaN,NaN,8893,NaN,NaN,NaN,NaN
none,1,dv-dtn,1200,400,6.2650,98.17,98.17,2384,1298,1802,0.7203,425,944,291,79,0,1810,1163,47,6.917,4.198
none,11,dv-dtn,1200,400,6.1375,99.00,99.17,2387,1071,1723,0.6216,535,676,350,115,2,1545,674,24,8.454,4.637
none,1,dv-dtn-digest-batch,1200,400,6.2650,98.17,98.17,2385,2114,2194,0.9635,26,1983,0,53,1,261,1163,46,6.917,5.802
none,11,dv-dtn-digest-batch,1200,400,6.1375,99.00,99.17,2387,1961,2116,0.9267,22,1676,0,90,43,1026,674,20,8.454,7.236
none,1,dv-dtn-reactive,1200,400,6.2650,98.17,31.58,2384,1027,1781,0.5766,616,755,207,138,0,24,22438,71,5.828,4.069
none,11,dv-dtn-reactive,1200,400,6.1375,99.00,19.33,2390,779,1664,0.4681,743,567,176,142,0,40,27651,59,6.212,4.288
none,1,dv-dtn-link-state,1200,400,6.2650,98.17,32.92,2384,902,1766,0.5108,864,824,36,0,0,7,35204,0,3.149,2.508
none,11,dv-dtn-link-state,1200,400,6.1375,99.00,19.83,2390,713,1677,0.4252,959,632,51,5,0,0,39102,0,3.171,2.505
none,1,spray-4,1200,400,6.2650,98.17,0.00,2384,164,1528,0.1073,1364,NaN,NaN,NaN,NaN,31,NaN,NaN,NaN,NaN
none,11,spray-4,1200,400,6.1375,99.00,0.00,2388,116,1498,0.0774,1382,NaN,NaN,NaN,NaN,46,NaN,NaN,NaN,NaN
none,1,spray-16,1200,400,6.2650,98.17,0.00,2347,352,1558,0.2259,1206,NaN,NaN,NaN,NaN,9065,NaN,NaN,NaN,NaN
none,11,spray-16,1200,400,6.1375,99.00,0.00,2350,280,1521,0.1841,1241,NaN,NaN,NaN,NaN,8039,NaN,NaN,NaN,NaN
none,2,dv-dtn,1200,400,6.4283,97.58,97.67,2383,1185,1782,0.6650,515,752,380,77,5,1821,1273,54,7.611,4.111
none,12,dv-dtn,1200,400,6.3208,98.17,98.33,2381,1102,1734,0.6355,565,633,422,67,0,1934,896,32,8.060,4.493
none,2,dv-dtn-digest-batch,1200,400,6.4283,97.58,97.67,2385,1990,2113,0.9418,57,1795,0,41,25,2204,1273,46,7.611,6.305
none,12,dv-dtn-digest-batch,1200,400,6.3208,98.17,98.33,2381,2098,2183,0.9611,23,1859,0,39,23,1198,896,32,8.060,6.951
none,2,dv-dtn-reactive,1200,400,6.4283,97.58,28.42,2380,906,1711,0.5295,697,649,207,108,0,69,25585,53,5.617,3.902
none,12,dv-dtn-reactive,1200,400,6.3208,98.17,31.42,2382,816,1706,0.4783,742,560,211,148,0,136,26151,76,6.278,4.151
none,2,dv-dtn-link-state,1200,400,6.4283,97.58,31.17,2380,863,1749,0.4934,886,712,114,0,0,0,35754,0,3.215,2.508
none,12,dv-dtn-link-state,1200,400,6.3208,98.17,26.08,2382,758,1716,0.4417,958,636,86,0,0,56,38292,0,3.304,2.690
none,2,spray-4,1200,400,6.4283,97.58,0.00,2389,134,1508,0.0889,1374,NaN,NaN,NaN,NaN,44,NaN,NaN,NaN,NaN
none,12,spray-4,1200,400,6.3208,98.17,0.00,2386,102,1502,0.0679,1400,NaN,NaN,NaN,NaN,39,NaN,NaN,NaN,NaN
none,2,spray-16,1200,400,6.4283,97.58,0.00,2341,312,1535,0.2033,1223,NaN,NaN,NaN,NaN,9329,NaN,NaN,NaN,NaN
none,12,spray-16,1200,400,6.3208,98.17,0.00,2336,230,1515,0.1518,1285,NaN,NaN,NaN,NaN,9777,NaN,NaN,NaN,NaN
none,3,dv-dtn,1200,400,5.9567,98.50,98.58,2369,1199,1777,0.6747,501,794,354,75,2,1954,785,58,7.439,4.280
none,13,dv-dtn,1200,400,6.3433,97.92,97.92,2388,1363,1850,0.7368,408,772,532,78,1,1462,1182,37,7.184,4.375
none,3,dv-dtn-digest-batch,1200,400,5.9567,98.50,98.58,2372,2002,2085,0.9602,28,1800,0,53,2,1678,785,49,7.439,6.266
none,13,dv-dtn-digest-batch,1200,400,6.3433,97.92,97.92,2388,2061,2171,0.9493,53,1857,0,53,4,1621,1182,25,7.184,5.960
none,3,dv-dtn-reactive,1200,400,5.9567,98.50,30.00,2372,950,1743,0.5450,696,744,154,97,0,33,24292,72,5.796,4.008
none,13,dv-dtn-reactive,1200,400,6.3433,97.92,29.00,2382,1001,1782,0.5617,638,688,255,143,0,78,23389,47,5.932,4.215
none,3,dv-dtn-link-state,1200,400,5.9567,98.50,31.83,2372,850,1753,0.4849,903,762,53,0,0,0,36297,0,3.140,2.478
none,13,dv-dtn-link-state,1200,400,6.3433,97.92,31.33,2382,919,1789,0.5137,870,730,157,0,0,0,35574,0,3.193,2.580
none,3,spray-4,1200,400,5.9567,98.50,0.00,2372,155,1521,0.1019,1366,NaN,NaN,NaN,NaN,21,NaN,NaN,NaN,NaN
none,13,spray-4,1200,400,6.3433,97.92,0.00,2380,154,1527,0.1009,1373,NaN,NaN,NaN,NaN,15,NaN,NaN,NaN,NaN
none,3,spray-16,1200,400,5.9567,98.50,0.00,2338,355,1559,0.2277,1204,NaN,NaN,NaN,NaN,6778,NaN,NaN,NaN,NaN
none,13,spray-16,1200,400,6.3433,97.92,0.00,2357,339,1561,0.2172,1222,NaN,NaN,NaN,NaN,9213,NaN,NaN,NaN,NaN
none,4,dv-dtn,1200,400,6.3025,99.00,99.25,2376,1343,1799,0.7465,379,901,377,77,0,1727,587,29,6.919,4.179
none,14,dv-dtn,1200,400,6.2850,98.25,98.42,2375,1347,1882,0.7157,447,831,447,87,1,1526,998,38,7.548,4.016
none,4,dv-dtn-digest-batch,1200,400,6.3025,99.00,99.25,2377,2112,2186,0.9661,12,1930,0,61,1,441,587,26,6.919,5.895
none,14,dv-dtn-digest-batch,1200,400,6.2850,98.25,98.42,2376,2088,2188,0.9543,20,1842,0,62,18,254,998,32,7.548,6.388
none,4,dv-dtn-reactive,1200,400,6.3025,99.00,28.75,2377,1019,1736,0.5870,566,734,229,151,0,17,22513,61,5.832,4.191
none,14,dv-dtn-reactive,1200,400,6.2850,98.25,34.83,2378,1027,1792,0.5731,634,749,227,131,0,75,22861,91,5.738,4.041
none,4,dv-dtn-link-state,1200,400,6.3025,99.00,34.25,2377,949,1769,0.5365,820,796,118,0,0,0,33729,0,3.209,2.545
none,14,dv-dtn-link-state,1200,400,6.2850,98.25,33.08,2378,967,1789,0.5405,822,806,118,0,0,0,33403,0,3.182,2.549
none,4,spray-4,1200,400,6.3025,99.00,0.00,2376,162,1517,0.1068,1355,NaN,NaN,NaN,NaN,15,NaN,NaN,NaN,NaN
none,14,spray-4,1200,400,6.2850,98.25,0.00,2379,183,1537,0.1191,1354,NaN,NaN,NaN,NaN,23,NaN,NaN,NaN,NaN
none,4,spray-16,1200,400,6.3025,99.00,0.00,2334,333,1546,0.2154,1213,NaN,NaN,NaN,NaN,8980,NaN,NaN,NaN,NaN
none,14,spray-16,1200,400,6.2850,98.25,0.00,2330,384,1561,0.2460,1177,NaN,NaN,NaN,NaN,8810,NaN,NaN,NaN,NaN
none,5,dv-dtn,1200,400,6.4658,99.50,99.58,2383,1124,1794,0.6265,589,793,269,80,1,2252,761,36,8.010,3.963
none,15,dv-dtn,1200,400,6.2917,98.75,98.08,2382,1178,1805,0.6526,540,749,369,86,1,1990,1061,42,8.111,4.438
none,5,dv-dtn-digest-batch,1200,400,6.4658,99.50,99.58,2385,2083,2159,0.9648,16,1881,0,58,2,631,761,33,8.010,6.822
none,15,dv-dtn-digest-batch,1200,400,6.2917,98.75,98.08,2383,2051,2151,0.9535,25,1812,0,47,28,880,1061,35,8.111,6.822
none,5,dv-dtn-reactive,1200,400,6.4658,99.50,26.33,2381,871,1699,0.5127,716,678,155,112,0,63,26395,83,5.728,3.886
none,15,dv-dtn-reactive,1200,400,6.2917,98.75,27.42,2387,876,1718,0.5099,733,624,214,109,0,101,26384,89,5.821,4.110
none,5,dv-dtn-link-state,1200,400,6.4658,99.50,27.33,2381,834,1751,0.4763,913,726,76,4,0,11,36631,0,3.146,2.487
none,15,dv-dtn-link-state,1200,400,6.2917,98.75,27.00,2387,762,1736,0.4389,974,648,79,0,0,5,38231,0,3.206,2.535
none,5,spray-4,1200,400,6.4658,99.50,0.00,2389,169,1530,0.1105,1361,NaN,NaN,NaN,NaN,27,NaN,NaN,NaN,NaN
none,15,spray-4,1200,400,6.2917,98.75,0.00,2383,134,1523,0.0880,1389,NaN,NaN,NaN,NaN,12,NaN,NaN,NaN,NaN
none,5,spray-16,1200,400,6.4658,99.50,0.00,2348,336,1552,0.2165,1216,NaN,NaN,NaN,NaN,8807,NaN,NaN,NaN,NaN
none,15,spray-16,1200,400,6.2917,98.75,0.00,2342,301,1558,0.1932,1257,NaN,NaN,NaN,NaN,8610,NaN,NaN,NaN,NaN
none,6,dv-dtn,1200,400,6.0358,97.25,97.25,2378,1462,1871,0.7814,319,929,454,90,0,1267,734,41,7.002,4.728
none,16,dv-dtn,1200,400,6.2267,98.08,97.08,2385,1387,1839,0.7542,398,870,452,54,0,1762,1346,40,6.836,4.367
none,6,dv-dtn-digest-batch,1200,400,6.0358,97.25,97.25,2382,2142,2214,0.9675,15,1976,0,52,5,86,734,41,7.002,5.934
none,16,dv-dtn-digest-batch,1200,400,6.2267,98.08,97.08,2386,2144,2214,0.9684,31,1981,0,37,2,168,1346,35,6.836,5.799
none,6,dv-dtn-reactive,1200,400,6.0358,97.25,27.17,2385,1008,1781,0.5660,640,759,186,133,0,46,22740,68,5.903,4.195
none,16,dv-dtn-reactive,1200,400,6.2267,98.08,28.08,2383,1006,1787,0.5630,641,709,232,140,0,60,22609,85,6.003,4.348
none,6,dv-dtn-link-state,1200,400,6.0358,97.25,26.92,2385,937,1794,0.5223,855,800,97,2,0,4,34361,0,3.223,2.623
none,16,dv-dtn-link-state,1200,400,6.2267,98.08,30.67,2383,930,1793,0.5187,863,768,117,0,0,44,34422,0,3.253,2.644
none,6,spray-4,1200,400,6.0358,97.25,0.00,2385,147,1537,0.0956,1390,NaN,NaN,NaN,NaN,26,NaN,NaN,NaN,NaN
none,16,spray-4,1200,400,6.2267,98.08,0.00,2382,135,1556,0.0868,1421,NaN,NaN,NaN,NaN,27,NaN,NaN,NaN,NaN
none,6,spray-16,1200,400,6.0358,97.25,0.00,2359,327,1572,0.2080,1245,NaN,NaN,NaN,NaN,8582,NaN,NaN,NaN,NaN
none,16,spray-16,1200,400,6.2267,98.08,0.00,2359,317,1575,0.2013,1258,NaN,NaN,NaN,NaN,8172,NaN,NaN,NaN,NaN
none,7,dv-dtn,1200,400,5.8692,99.00,99.00,2384,1032,1763,0.5854,598,707,265,131,2,1493,822,46,8.734,4.770
none,17,dv-dtn,1200,400,6.2567,97.75,98.00,2385,1211,1777,0.6815,487,726,430,79,0,2031,978,56,7.522,4.500
none,7,dv-dtn-digest-batch,1200,400,5.8692,99.00,99.00,2385,2044,2170,0.9419,16,1775,0,96,14,196,822,46,8.734,7.590
none,17,dv-dtn-digest-batch,1200,400,6.2567,97.75,98.00,2385,2094,2172,0.9641,21,1937,0,56,1,498,977,35,7.522,6.415
none,7,dv-dtn-reactive,1200,400,5.8692,99.00,19.33,2385,748,1718,0.4354,833,572,137,137,0,43,29007,120,6.263,4.237
none,17,dv-dtn-reactive,1200,400,6.2567,97.75,33.58,2388,847,1699,0.4985,689,653,145,163,0,101,24143,66,6.058,4.148
none,7,dv-dtn-link-state,1200,400,5.8692,99.00,23.42,2385,676,1712,0.3949,1036,615,31,0,0,0,40846,0,3.216,2.623
none,17,dv-dtn-link-state,1200,400,6.2567,97.75,28.92,2388,818,1738,0.4707,920,713,72,0,0,18,37578,0,3.222,2.577
none,7,spray-4,1200,400,5.8692,99.00,0.00,2383,125,1538,0.0813,1413,NaN,NaN,NaN,NaN,32,NaN,NaN,NaN,NaN
none,17,spray-4,1200,400,6.2567,97.75,0.00,2391,133,1509,0.0881,1376,NaN,NaN,NaN,NaN,28,NaN,NaN,NaN,NaN
none,7,spray-16,1200,400,5.8692,99.00,0.00,2352,269,1549,0.1737,1280,NaN,NaN,NaN,NaN,7471,NaN,NaN,NaN,NaN
none,17,spray-16,1200,400,6.2567,97.75,0.00,2347,308,1545,0.1994,1237,NaN,NaN,NaN,NaN,8852,NaN,NaN,NaN,NaN
none,8,dv-dtn,1200,400,6.1900,98.83,98.83,2379,1157,1757,0.6585,505,655,436,95,0,1884,725,48,7.617,4.742
none,18,dv-dtn,1200,400,5.8883,96.42,96.42,2389,1176,1754,0.6705,513,671,456,65,0,2383,1946,44,7.740,4.634
none,8,dv-dtn-digest-batch,1200,400,6.1900,98.83,98.83,2380,1914,2031,0.9424,46,1665,0,65,6,2701,725,41,7.617,6.366
none,18,dv-dtn-digest-batch,1200,400,5.8883,96.42,96.42,2391,1837,2044,0.8987,158,1629,0,45,4,4564,1946,40,7.740,6.407
none,8,dv-dtn-reactive,1200,400,6.1900,98.83,31.58,2382,800,1666,0.4802,743,602,155,123,0,81,25402,56,6.252,4.309
none,18,dv-dtn-reactive,1200,400,5.8883,96.42,23.83,2387,795,1704,0.4665,778,577,179,131,0,101,27102,103,6.010,3.970
none,8,dv-dtn-link-state,1200,400,6.1900,98.83,21.75,2382,753,1670,0.4509,915,630,92,2,0,0,37618,0,3.192,2.586
none,18,dv-dtn-link-state,1200,400,5.8883,96.42,25.58,2387,724,1718,0.4214,994,617,69,0,0,0,39593,0,3.111,2.446
none,8,spray-4,1200,400,6.1900,98.83,0.00,2382,105,1484,0.0708,1379,NaN,NaN,NaN,NaN,27,NaN,NaN,NaN,NaN
none,18,spray-4,1200,400,5.8883,96.42,0.00,2391,131,1520,0.0862,1389,NaN,NaN,NaN,NaN,22,NaN,NaN,NaN,NaN
none,8,spray-16,1200,400,6.1900,98.83,0.00,2341,254,1496,0.1698,1242,NaN,NaN,NaN,NaN,8794,NaN,NaN,NaN,NaN
none,18,spray-16,1200,400,5.8883,96.42,0.00,2351,285,1542,0.1848,1257,NaN,NaN,NaN,NaN,7334,NaN,NaN,NaN,NaN
none,9,dv-dtn,1200,400,6.4533,98.17,98.33,2380,1237,1805,0.6853,499,855,317,67,2,1982,1090,69,7.216,4.146
none,19,dv-dtn,1200,400,6.1533,99.08,99.33,2368,983,1715,0.5732,655,626,309,77,0,2782,705,25,8.058,4.653
none,9,dv-dtn-digest-batch,1200,400,6.4533,98.17,98.33,2381,2105,2164,0.9727,23,1908,0,31,5,457,1090,55,7.216,6.168
none,19,dv-dtn-digest-batch,1200,400,6.1533,99.08,99.33,2371,1951,2112,0.9238,98,1731,0,55,8,2481,705,21,8.058,6.611
none,9,dv-dtn-reactive,1200,400,6.4533,98.17,28.00,2375,949,1748,0.5429,685,733,164,114,0,98,24051,77,5.620,4.027
none,19,dv-dtn-reactive,1200,400,6.1533,99.08,27.33,2379,747,1683,0.4439,801,556,146,135,0,102,27994,42,6.262,4.185
none,9,dv-dtn-link-state,1200,400,6.4533,98.17,27.58,2375,896,1759,0.5094,861,773,92,2,0,13,34835,0,3.100,2.450
none,19,dv-dtn-link-state,1200,400,6.1533,99.08,23.67,2379,670,1695,0.3953,1025,583,61,0,0,0,40511,0,3.249,2.640
none,9,spray-4,1200,400,6.4533,98.17,0.00,2376,191,1549,0.1233,1358,NaN,NaN,NaN,NaN,28,NaN,NaN,NaN,NaN
none,19,spray-4,1200,400,6.1533,99.08,0.00,2380,114,1511,0.0754,1397,NaN,NaN,NaN,NaN,23,NaN,NaN,NaN,NaN
none,9,spray-16,1200,400,6.4533,98.17,0.00,2347,361,1576,0.2291,1215,NaN,NaN,NaN,NaN,8431,NaN,NaN,NaN,NaN
none,19,spray-16,1200,400,6.1533,99.08,0.00,2332,247,1531,0.1613,1284,NaN,NaN,NaN,NaN,8162,NaN,NaN,NaN,NaN
1978-06-09T20:00:00,0,dv-dtn,1200,400,6.1308,98.58,98.25,2377,1661,1954,0.8501,192,694,847,101,0,611,983,172,6.821,4.547
1978-06-09T20:00:00,10,dv-dtn,1200,400,6.3258,97.67,98.08,2388,1477,1892,0.7807,321,663,715,94,0,1397,520,154,7.166,4.592
1978-06-09T20:00:00,0,dv-dtn-digest-batch,1200,400,6.1308,98.58,98.25,2377,2062,2176,0.9476,37,1839,0,72,5,1266,983,147,6.821,5.626
1978-06-09T20:00:00,10,dv-dtn-digest-batch,1200,400,6.3258,97.67,98.08,2389,2082,2167,0.9608,21,1823,0,52,12,1707,510,125,7.166,5.989
1978-06-09T20:00:00,0,dv-dtn-reactive,1200,400,6.1308,98.58,34.25,2378,1146,1788,0.6409,552,624,439,90,0,57,22356,368,5.005,3.982
1978-06-09T20:00:00,10,dv-dtn-reactive,1200,400,6.3258,97.67,38.33,2387,1010,1789,0.5646,668,580,358,111,0,102,22812,357,5.439,4.012
1978-06-09T20:00:00,0,dv-dtn-link-state,1200,400,6.1308,98.58,36.33,2378,1088,1831,0.5942,743,785,237,0,0,9,30887,0,3.143,2.517
1978-06-09T20:00:00,10,dv-dtn-link-state,1200,400,6.3258,97.67,33.17,2388,941,1809,0.5202,865,652,229,3,0,0,34810,0,3.132,2.477
1978-06-09T20:00:00,0,spray-4,1200,400,6.1308,98.58,0.00,2379,189,1528,0.1237,1339,NaN,NaN,NaN,NaN,35,NaN,NaN,NaN,NaN
1978-06-09T20:00:00,10,spray-4,1200,400,6.3258,97.67,0.00,2390,180,1562,0.1152,1382,NaN,NaN,NaN,NaN,21,NaN,NaN,NaN,NaN
1978-06-09T20:00:00,0,spray-16,1200,400,6.1308,98.58,0.00,2349,449,1589,0.2826,1140,NaN,NaN,NaN,NaN,8256,NaN,NaN,NaN,NaN
1978-06-09T20:00:00,10,spray-16,1200,400,6.3258,97.67,0.00,2341,392,1603,0.2445,1211,NaN,NaN,NaN,NaN,9318,NaN,NaN,NaN,NaN
1978-06-09T20:00:00,1,dv-dtn,1200,400,6.2942,99.00,98.92,2383,1238,1819,0.6806,433,610,537,148,0,1733,581,154,7.332,4.483
1978-06-09T20:00:00,11,dv-dtn,1200,400,6.3625,98.92,99.08,2386,1317,1839,0.7162,371,506,732,146,5,1401,642,167,7.999,4.790
1978-06-09T20:00:00,1,dv-dtn-digest-batch,1200,400,6.2942,99.00,98.92,2384,2055,2168,0.9479,10,1850,0,99,4,1381,580,126,7.332,6.310
1978-06-09T20:00:00,11,dv-dtn-digest-batch,1200,400,6.3625,98.92,99.08,2388,2041,2179,0.9367,12,1763,0,93,33,1004,642,134,7.999,6.780
1978-06-09T20:00:00,1,dv-dtn-reactive,1200,400,6.2942,99.00,29.08,2384,875,1741,0.5026,740,532,280,126,0,106,24844,362,5.528,4.016
1978-06-09T20:00:00,11,dv-dtn-reactive,1200,400,6.3625,98.92,24.75,2390,854,1715,0.4980,730,444,343,131,0,88,25774,329,5.601,3.939
1978-06-09T20:00:00,1,dv-dtn-link-state,1200,400,6.2942,99.00,32.00,2384,840,1752,0.4795,906,636,145,6,0,7,37211,0,3.158,2.579
1978-06-09T20:00:00,11,dv-dtn-link-state,1200,400,6.3625,98.92,28.58,2390,867,1762,0.4921,894,575,223,1,0,0,36666,0,3.141,2.547
1978-06-09T20:00:00,1,spray-4,1200,400,6.2942,99.00,0.00,2383,164,1523,0.1077,1359,NaN,NaN,NaN,NaN,25,NaN,NaN,NaN,NaN
1978-06-09T20:00:00,11,spray-4,1200,400,6.3625,98.92,0.00,2389,166,1519,0.1093,1353,NaN,NaN,NaN,NaN,12,NaN,NaN,NaN,NaN
1978-06-09T20:00:00,1,spray-16,1200,400,6.2942,99.00,0.00,2352,331,1558,0.2125,1227,NaN,NaN,NaN,NaN,10171,NaN,NaN,NaN,NaN
1978-06-09T20:00:00,11,spray-16,1200,400,6.3625,98.92,0.00,2350,348,1538,0.2263,1190,NaN,NaN,NaN,NaN,9128,NaN,NaN,NaN,NaN
1978-06-09T20:00:00,2,dv-dtn,1200,400,6.3717,98.25,98.50,2385,1182,1781,0.6637,482,550,561,116,1,1646,625,200,7.741,4.396
1978-06-09T20:00:00,12,dv-dtn,1200,400,6.2375,99.50,98.17,2379,1314,1812,0.7252,393,501,749,103,2,1617,490,169,7.584,4.842
1978-06-09T20:00:00,2,dv-dtn-digest-batch,1200,400,6.3717,98.25,98.50,2385,1926,2090,0.9215,69,1666,0,79,16,2322,625,171,7.741,6.428
1978-06-09T20:00:00,12,dv-dtn-digest-batch,1200,400,6.2375,99.50,98.17,2381,2053,2145,0.9571,5,1805,0,65,22,1404,490,142,7.584,6.444
1978-06-09T20:00:00,2,dv-dtn-reactive,1200,400,6.3717,98.25,24.58,2380,819,1662,0.4928,744,426,356,99,0,92,26775,302,5.302,3.751
1978-06-09T20:00:00,12,dv-dtn-reactive,1200,400,6.2375,99.50,28.50,2382,877,1716,0.5111,711,430,404,128,0,92,24209,314,5.925,4.250
1978-06-09T20:00:00,2,dv-dtn-link-state,1200,400,6.3717,98.25,25.17,2380,854,1733,0.4928,878,529,275,1,0,0,35741,0,3.253,2.686
1978-06-09T20:00:00,12,dv-dtn-link-state,1200,400,6.2375,99.50,27.33,2382,813,1736,0.4683,920,510,257,3,0,31,37818,0,3.245,2.664
1978-06-09T20:00:00,2,spray-4,1200,400,6.3717,98.25,0.00,2384,143,1508,0.0948,1365,NaN,NaN,NaN,NaN,22,NaN,NaN,NaN,NaN
1978-06-09T20:00:00,12,spray-4,1200,400,6.2375,99.50,0.00,2380,137,1507,0.0909,1370,NaN,NaN,NaN,NaN,23,NaN,NaN,NaN,NaN
1978-06-09T20:00:00,2,spray-16,1200,400,6.3717,98.25,0.00,2348,326,1543,0.2113,1217,NaN,NaN,NaN,NaN,10328,NaN,NaN,NaN,NaN
1978-06-09T20:00:00,12,spray-16,1200,400,6.2375,99.50,0.00,2334,287,1544,0.1859,1257,NaN,NaN,NaN,NaN,9596,NaN,NaN,NaN,NaN
1978-06-09T20:00:00,3,dv-dtn,1200,400,6.0392,99.08,99.25,2370,1307,1861,0.7023,369,564,656,185,0,1221,518,187,7.484,4.785
1978-06-09T20:00:00,13,dv-dtn,1200,400,6.2825,97.92,98.50,2387,1369,1870,0.7321,344,574,703,157,0,1055,857,171,7.399,4.775
1978-06-09T20:00:00,3,dv-dtn-digest-batch,1200,400,6.0392,99.08,99.25,2372,2002,2129,0.9403,11,1710,0,108,8,778,518,148,7.484,6.439
1978-06-09T20:00:00,13,dv-dtn-digest-batch,1200,400,6.2825,97.92,98.50,2388,2088,2208,0.9457,22,1777,0,91,7,1028,857,135,7.399,6.524
1978-06-09T20:00:00,3,dv-dtn-reactive,1200,400,6.0392,99.08,22.17,2372,886,1696,0.5224,669,475,360,141,0,71,23190,401,5.657,4.094
1978-06-09T20:00:00,13,dv-dtn-reactive,1200,400,6.2825,97.92,39.00,2382,904,1740,0.5195,701,560,273,135,0,131,23681,344,5.540,3.955
1978-06-09T20:00:00,3,dv-dtn-link-state,1200,400,6.0392,99.08,28.00,2372,866,1735,0.4991,860,570,237,9,0,0,35199,0,3.223,2.587
1978-06-09T20:00:00,13,dv-dtn-link-state,1200,400,6.2825,97.92,33.08,2382,897,1772,0.5062,873,621,225,2,0,0,35800,0,3.136,2.465
1978-06-09T20:00:00,3,spray-4,1200,400,6.0392,99.08,0.00,2376,171,1526,0.1121,1355,NaN,NaN,NaN,NaN,18,NaN,NaN,NaN,NaN
1978-06-09T20:00:00,13,spray-4,1200,400,6.2825,97.92,0.00,2384,189,1550,0.1219,1361,NaN,NaN,NaN,NaN,36,NaN,NaN,NaN,NaN
1978-06-09T20:00:00,3,spray-16,1200,400,6.0392,99.08,0.00,2342,375,1555,0.2412,1180,NaN,NaN,NaN,NaN,8122,NaN,NaN,NaN,NaN
1978-06-09T20:00:00,13,spray-16,1200,400,6.2825,97.92,0.00,2340,388,1573,0.2467,1185,NaN,NaN,NaN,NaN,9219,NaN,NaN,NaN,NaN
1978-06-09T20:00:00,4,dv-dtn,1200,400,6.3683,99.00,99.17,2376,1491,1907,0.7819,249,577,805,166,1,945,500,194,6.988,4.742
1978-06-09T20:00:00,14,dv-dtn,1200,400,6.3342,98.67,98.83,2375,1308,1898,0.6891,353,587,640,231,6,970,761,180,7.947,4.438
1978-06-09T20:00:00,4,dv-dtn-digest-batch,1200,400,6.3683,99.00,99.17,2377,2115,2212,0.9561,12,1861,0,79,6,71,492,155,6.988,6.012
1978-06-09T20:00:00,14,dv-dtn-digest-batch,1200,400,6.3342,98.67,98.83,2376,1966,2178,0.9027,21,1671,0,122,69,412,761,151,7.947,6.540
1978-06-09T20:00:00,4,dv-dtn-reactive,1200,400,6.3683,99.00,27.83,2376,972,1740,0.5586,624,500,406,144,0,95,22482,419,5.450,3.990
1978-06-09T20:00:00,14,dv-dtn-reactive,1200,400,6.3342,98.67,33.50,2378,919,1741,0.5279,712,493,363,110,0,57,26040,366,5.288,3.926
1978-06-09T20:00:00,4,dv-dtn-link-state,1200,400,6.3683,99.00,36.25,2377,973,1784,0.5454,806,690,212,5,0,6,33955,0,3.195,2.565
1978-06-09T20:00:00,14,dv-dtn-link-state,1200,400,6.3342,98.67,29.83,2378,920,1763,0.5218,838,652,222,5,0,0,34766,0,3.163,2.579
1978-06-09T20:00:00,4,spray-4,1200,400,6.3683,99.00,0.00,2375,168,1520,0.1105,1352,NaN,NaN,NaN,NaN,33,NaN,NaN,NaN,NaN
1978-06-09T20:00:00,14,spray-4,1200,400,6.3342,98.67,0.00,2369,154,1513,0.1018,1359,NaN,NaN,NaN,NaN,27,NaN,NaN,NaN,NaN
1978-06-09T20:00:00,4,spray-16,1200,400,6.3683,99.00,0.00,2337,392,1566,0.2503,1174,NaN,NaN,NaN,NaN,9074,NaN,NaN,NaN,NaN
1978-06-09T20:00:00,14,spray-16,1200,400,6.3342,98.67,0.00,2341,364,1546,0.2354,1182,NaN,NaN,NaN,NaN,9687,NaN,NaN,NaN,NaN
1978-06-09T20:00:00,5,dv-dtn,1200,400,6.4342,99.08,98.83,2384,1248,1859,0.6713,454,576,590,157,0,1457,541,174,7.805,4.448
1978-06-09T20:00:00,15,dv-dtn,1200,400,6.2600,98.42,99.00,2382,1200,1832,0.6550,504,495,632,123,5,1891,780,199,8.089,4.517
1978-06-09T20:00:00,5,dv-dtn-digest-batch,1200,400,6.4342,99.08,98.83,2385,2065,2186,0.9446,10,1773,0,97,14,370,541,142,7.805,6.840
1978-06-09T20:00:00,15,dv-dtn-digest-batch,1200,400,6.2600,98.42,99.00,2381,1980,2095,0.9451,26,1673,0,72,17,1763,781,164,8.089,6.792
1978-06-09T20:00:00,5,dv-dtn-reactive,1200,400,6.4342,99.08,28.00,2381,869,1727,0.5032,741,561,268,117,0,62,25761,370,5.333,3.621
1978-06-09T20:00:00,15,dv-dtn-reactive,1200,400,6.2600,98.42,25.67,2387,791,1676,0.4720,756,483,264,129,0,91,26607,256,5.542,4.187
1978-06-09T20:00:00,5,dv-dtn-link-state,1200,400,6.4342,99.08,30.58,2381,853,1754,0.4863,899,585,215,2,0,1,36694,0,3.105,2.465
1978-06-09T20:00:00,15,dv-dtn-link-state,1200,400,6.2600,98.42,27.75,2387,781,1728,0.4520,946,518,208,1,0,3,37826,0,3.204,2.576
1978-06-09T20:00:00,5,spray-4,1200,400,6.4342,99.08,0.00,2383,187,1541,0.1213,1354,NaN,NaN,NaN,NaN,27,NaN,NaN,NaN,NaN
1978-06-09T20:00:00,15,spray-4,1200,400,6.2600,98.42,0.00,2382,136,1515,0.0898,1379,NaN,NaN,NaN,NaN,19,NaN,NaN,NaN,NaN
1978-06-09T20:00:00,5,spray-16,1200,400,6.4342,99.08,0.00,2336,386,1566,0.2465,1180,NaN,NaN,NaN,NaN,9299,NaN,NaN,NaN,NaN
1978-06-09T20:00:00,15,spray-16,1200,400,6.2600,98.42,0.00,2342,309,1549,0.1995,1240,NaN,NaN,NaN,NaN,8911,NaN,NaN,NaN,NaN
1978-06-09T20:00:00,6,dv-dtn,1200,400,5.9917,98.42,98.58,2382,1438,1871,0.7686,319,568,764,114,0,1279,864,175,7.002,4.866
1978-06-09T20:00:00,16,dv-dtn,1200,400,6.1567,97.83,98.25,2386,1390,1840,0.7554,358,551,759,91,1,1712,1246,163,6.955,4.776
1978-06-09T20:00:00,6,dv-dtn-digest-batch,1200,400,5.9917,98.42,98.58,2382,2126,2220,0.9577,16,1905,0,76,2,260,864,149,7.002,6.033
1978-06-09T20:00:00,16,dv-dtn-digest-batch,1200,400,6.1567,97.83,98.25,2386,2054,2158,0.9518,36,1824,0,66,2,855,1246,131,6.955,5.890
1978-06-09T20:00:00,6,dv-dtn-reactive,1200,400,5.9917,98.42,40.42,2385,938,1768,0.5305,692,549,315,138,0,115,22880,369,5.590,4.039
1978-06-09T20:00:00,16,dv-dtn-reactive,1200,400,6.1567,97.83,33.92,2383,891,1749,0.5094,711,487,341,147,0,115,23863,355,5.688,4.146
1978-06-09T20:00:00,6,dv-dtn-link-state,1200,400,5.9917,98.42,29.33,2385,892,1806,0.4939,911,626,209,3,0,21,36194,0,3.164,2.535
1978-06-09T20:00:00,16,dv-dtn-link-state,1200,400,6.1567,97.83,26.67,2383,913,1792,0.5095,872,598,262,7,0,84,34876,0,3.303,2.756
1978-06-09T20:00:00,6,spray-4,1200,400,5.9917,98.42,0.00,2383,180,1565,0.1150,1385,NaN,NaN,NaN,NaN,25,NaN,NaN,NaN,NaN
1978-06-09T20:00:00,16,spray-4,1200,400,6.1567,97.83,0.00,2384,144,1552,0.0928,1408,NaN,NaN,NaN,NaN,11,NaN,NaN,NaN,NaN
1978-06-09T20:00:00,6,spray-16,1200,400,5.9917,98.42,0.00,2350,373,1592,0.2343,1219,NaN,NaN,NaN,NaN,9434,NaN,NaN,NaN,NaN
1978-06-09T20:00:00,16,spray-16,1200,400,6.1567,97.83,0.00,2352,303,1569,0.1931,1266,NaN,NaN,NaN,NaN,8768,NaN,NaN,NaN,NaN
1978-06-09T20:00:00,7,dv-dtn,1200,400,5.8783,98.92,99.25,2384,1274,1864,0.6835,400,542,655,187,3,1143,593,201,8.165,4.993
1978-06-09T20:00:00,17,dv-dtn,1200,400,6.3158,96.58,97.17,2385,1149,1790,0.6419,471,417,679,169,1,1929,1116,220,7.662,4.993
1978-06-09T20:00:00,7,dv-dtn-digest-batch,1200,400,5.8783,98.92,99.25,2385,2020,2149,0.9400,8,1686,0,106,15,1136,593,163,8.165,7.114
1978-06-09T20:00:00,17,dv-dtn-digest-batch,1200,400,6.3158,96.58,97.17,2383,1872,2042,0.9167,53,1605,0,103,14,2991,1108,168,7.662,6.635
1978-06-09T20:00:00,7,dv-dtn-reactive,1200,400,5.8783,98.92,24.25,2385,784,1732,0.4527,789,437,284,159,0,118,27349,329,5.732,4.168
1978-06-09T20:00:00,17,dv-dtn-reactive,1200,400,6.3158,96.58,21.08,2388,764,1675,0.4561,756,380,342,155,0,130,25189,335,5.950,3.826
1978-06-09T20:00:00,7,dv-dtn-link-state,1200,400,5.8783,98.92,27.00,2385,804,1775,0.4530,965,567,182,6,0,6,38406,0,3.207,2.616
1978-06-09T20:00:00,17,dv-dtn-link-state,1200,400,6.3158,96.58,22.50,2388,754,1680,0.4488,924,401,297,2,0,0,38675,0,3.242,2.638
1978-06-09T20:00:00,7,spray-4,1200,400,5.8783,98.92,0.00,2381,150,1545,0.0971,1395,NaN,NaN,NaN,NaN,10,NaN,NaN,NaN,NaN
1978-06-09T20:00:00,17,spray-4,1200,400,6.3158,96.58,0.00,2384,112,1505,0.0744,1393,NaN,NaN,NaN,NaN,24,NaN,NaN,NaN,NaN
1978-06-09T20:00:00,7,spray-16,1200,400,5.8783,98.92,0.00,2354,329,1576,0.2088,1247,NaN,NaN,NaN,NaN,8729,NaN,NaN,NaN,NaN
1978-06-09T20:00:00,17,spray-16,1200,400,6.3158,96.58,0.00,2354,277,1526,0.1815,1249,NaN,NaN,NaN,NaN,9648,NaN,NaN,NaN,NaN
1978-06-09T20:00:00,8,dv-dtn,1200,400,6.2575,98.08,98.42,2380,1118,1750,0.6389,435,482,576,197,0,1338,514,212,8.304,4.985
1978-06-09T20:00:00,18,dv-dtn,1200,400,5.9750,97.67,98.00,2390,1249,1773,0.7045,414,440,718,109,1,1883,1295,193,7.641,5.090
1978-06-09T20:00:00,8,dv-dtn-digest-batch,1200,400,6.2575,98.08,98.42,2379,1724,2005,0.8599,79,1506,0,152,50,2303,514,184,8.304,6.702
1978-06-09T20:00:00,18,dv-dtn-digest-batch,1200,400,5.9750,97.67,98.00,2391,1843,2051,0.8986,119,1602,0,84,5,3787,1295,164,7.641,6.309
1978-06-09T20:00:00,8,dv-dtn-reactive,1200,400,6.2575,98.08,26.58,2382,679,1624,0.4181,821,408,220,124,0,84,27963,325,5.741,4.016
1978-06-09T20:00:00,18,dv-dtn-reactive,1200,400,5.9750,97.67,20.17,2387,797,1718,0.4639,802,406,326,119,0,91,26437,403,5.829,4.014
1978-06-09T20:00:00,8,dv-dtn-link-state,1200,400,6.2575,98.08,19.08,2382,708,1654,0.4281,942,497,159,4,0,0,38489,0,3.148,2.544
1978-06-09T20:00:00,18,dv-dtn-link-state,1200,400,5.9750,97.67,26.92,2387,747,1732,0.4313,982,520,159,3,0,0,39127,0,3.194,2.590
1978-06-09T20:00:00,8,spray-4,1200,400,6.2575,98.08,0.00,2383,108,1468,0.0736,1360,NaN,NaN,NaN,NaN,24,NaN,NaN,NaN,NaN
1978-06-09T20:00:00,18,spray-4,1200,400,5.9750,97.67,0.00,2390,152,1525,0.0997,1373,NaN,NaN,NaN,NaN,18,NaN,NaN,NaN,NaN
1978-06-09T20:00:00,8,spray-16,1200,400,6.2575,98.08,0.00,2328,274,1489,0.1840,1215,NaN,NaN,NaN,NaN,9356,NaN,NaN,NaN,NaN
1978-06-09T20:00:00,18,spray-16,1200,400,5.9750,97.67,0.00,2361,290,1557,0.1863,1267,NaN,NaN,NaN,NaN,8676,NaN,NaN,NaN,NaN
1978-06-09T20:00:00,9,dv-dtn,1200,400,6.3792,98.58,98.75,2379,1380,1914,0.7210,405,693,571,129,0,1257,855,194,7.202,4.197
1978-06-09T20:00:00,19,dv-dtn,1200,400,6.0875,98.92,99.00,2370,1037,1818,0.5704,623,381,584,158,0,2008,698,192,8.422,5.143
1978-06-09T20:00:00,9,dv-dtn-digest-batch,1200,400,6.3792,98.58,98.75,2381,1969,2114,0.9314,54,1725,0,80,11,1932,855,167,7.202,5.901
1978-06-09T20:00:00,19,dv-dtn-digest-batch,1200,400,6.0875,98.92,99.00,2371,1858,2069,0.8980,93,1570,0,110,8,2843,698,153,8.422,7.140
1978-06-09T20:00:00,9,dv-dtn-reactive,1200,400,6.3792,98.58,26.08,2374,982,1767,0.5557,678,579,333,107,0,91,24140,357,5.117,3.882
1978-06-09T20:00:00,19,dv-dtn-reactive,1200,400,6.0875,98.92,31.75,2379,636,1648,0.3859,877,366,220,135,0,163,27477,315,6.112,4.104
1978-06-09T20:00:00,9,dv-dtn-link-state,1200,400,6.3792,98.58,35.33,2375,1022,1818,0.5622,790,701,253,6,0,0,32565,0,3.119,2.482
1978-06-09T20:00:00,19,dv-dtn-link-state,1200,400,6.0875,98.92,22.92,2379,642,1691,0.3797,1048,460,143,1,0,2,41658,0,3.293,2.681
1978-06-09T20:00:00,9,spray-4,1200,400,6.3792,98.58,0.00,2379,202,1538,0.1313,1336,NaN,NaN,NaN,NaN,27,NaN,NaN,NaN,NaN
1978-06-09T20:00:00,19,spray-4,1200,400,6.0875,98.92,0.00,2378,120,1513,0.0793,1393,NaN,NaN,NaN,NaN,30,NaN,NaN,NaN,NaN
1978-06-09T20:00:00,9,spray-16,1200,400,6.3792,98.58,0.00,2332,434,1594,0.2723,1160,NaN,NaN,NaN,NaN,8470,NaN,NaN,NaN,NaN
1978-06-09T20:00:00,19,spray-16,1200,400,6.0875,98.92,0.00,2332,237,1512,0.1567,1275,NaN,NaN,NaN,NaN,9499,NaN,NaN,NaN,NaN
1978-06-09T16:00:00,0,dv-dtn,1200,400,6.1642,97.75,98.75,2377,1570,1955,0.8031,235,603,869,149,1,622,979,204,6.974,4.508
1978-06-09T16:00:00,10,dv-dtn,1200,400,6.2792,98.92,99.17,2389,1525,1912,0.7976,274,636,779,111,2,1252,442,160,7.076,4.683
1978-06-09T16:00:00,0,dv-dtn-digest-batch,1200,400,6.1642,97.75,98.75,2377,2052,2199,0.9332,22,1778,0,104,21,913,980,177,6.974,5.873
1978-06-09T16:00:00,10,dv-dtn-digest-batch,1200,400,6.2792,98.92,99.17,2389,2161,2241,0.9643,7,1915,0,59,14,655,442,144,7.076,6.030
1978-06-09T16:00:00,0,dv-dtn-reactive,1200,400,6.1642,97.75,30.08,2378,1107,1783,0.6209,582,548,472,94,0,53,22466,375,5.124,3.988
1978-06-09T16:00:00,10,dv-dtn-reactive,1200,400,6.2792,98.92,37.67,2388,1007,1805,0.5579,654,585,349,144,0,80,22653,404,5.497,3.948
1978-06-09T16:00:00,0,dv-dtn-link-state,1200,400,6.1642,97.75,34.17,2378,1042,1807,0.5766,762,721,265,3,0,0,31645,0,3.151,2.539
1978-06-09T16:00:00,10,dv-dtn-link-state,1200,400,6.2792,98.92,32.83,2388,958,1826,0.5246,865,668,235,3,0,0,34709,0,3.128,2.505
1978-06-09T16:00:00,0,spray-4,1200,400,6.1642,97.75,0.00,2376,179,1523,0.1175,1344,NaN,NaN,NaN,NaN,33,NaN,NaN,NaN,NaN
1978-06-09T16:00:00,10,spray-4,1200,400,6.2792,98.92,0.00,2385,182,1564,0.1164,1382,NaN,NaN,NaN,NaN,38,NaN,NaN,NaN,NaN
1978-06-09T16:00:00,0,spray-16,1200,400,6.1642,97.75,0.00,2324,397,1550,0.2561,1153,NaN,NaN,NaN,NaN,8587,NaN,NaN,NaN,NaN
1978-06-09T16:00:00,10,spray-16,1200,400,6.2792,98.92,0.00,2361,410,1609,0.2548,1199,NaN,NaN,NaN,NaN,9678,NaN,NaN,NaN,NaN
1978-06-09T16:00:00,1,dv-dtn,1200,400,6.2267,98.42,99.08,2383,1325,1841,0.7197,380,585,650,135,1,1408,517,137,7.271,4.586
1978-06-09T16:00:00,11,dv-dtn,1200,400,6.3192,98.00,98.50,2386,1292,1840,0.7022,380,528,662,165,3,1182,707,199,8.173,4.859
1978-06-09T16:00:00,1,dv-dtn-digest-batch,1200,400,6.2267,98.42,99.08,2384,2077,2165,0.9594,18,1862,0,67,3,1450,517,108,7.271,6.243
1978-06-09T16:00:00,11,dv-dtn-digest-batch,1200,400,6.3192,98.00,98.50,2388,1974,2143,0.9211,22,1684,0,103,44,1116,707,154,8.173,6.714
1978-06-09T16:00:00,1,dv-dtn-reactive,1200,400,6.2267,98.42,32.08,2383,842,1709,0.4927,719,517,266,148,0,126,24509,339,5.616,3.868
1978-06-09T16:00:00,11,dv-dtn-reactive,1200,400,6.3192,98.00,27.58,2390,866,1715,0.5050,729,462,335,120,0,73,25980,314,5.644,3.942
1978-06-09T16:00:00,1,dv-dtn-link-state,1200,400,6.2267,98.42,31.08,2384,873,1754,0.4977,880,626,191,1,0,1,36539,0,3.202,2.601
1978-06-09T16:00:00,11,dv-dtn-link-state,1200,400,6.3192,98.00,28.92,2390,844,1741,0.4848,896,542,251,1,0,2,36904,0,3.118,2.531
1978-06-09T16:00:00,11,spray-4,1200,400,6.3192,98.00,0.00,2392,157,1518,0.1034,1361,NaN,NaN,NaN,NaN,17,NaN,NaN,NaN,NaN
1978-06-09T16:00:00,1,spray-4,1200,400,6.2267,98.42,0.00,2382,154,1515,0.1017,1361,NaN,NaN,NaN,NaN,24,NaN,NaN,NaN,NaN
1978-06-09T16:00:00,11,spray-16,1200,400,6.3192,98.00,0.00,2349,351,1557,0.2254,1206,NaN,NaN,NaN,NaN,9027,NaN,NaN,NaN,NaN
1978-06-09T16:00:00,1,spray-16,1200,400,6.2267,98.42,0.00,2340,329,1551,0.2121,1222,NaN,NaN,NaN,NaN,10068,NaN,NaN,NaN,NaN
1978-06-09T16:00:00,12,dv-dtn,1200,400,6.3025,98.25,98.58,2380,1342,1824,0.7357,389,485,781,92,1,1478,604,151,7.511,4.753
1978-06-09T16:00:00,2,dv-dtn,1200,400,6.4375,98.25,98.67,2386,1255,1833,0.6847,424,440,740,153,1,1299,558,209,7.850,4.769
1978-06-09T16:00:00,12,dv-dtn-digest-batch,1200,400,6.3025,98.25,98.58,2381,2039,2123,0.9604,7,1749,0,63,14,2252,604,128,7.511,6.523
1978-06-09T16:00:00,2,dv-dtn-digest-batch,1200,400,6.4375,98.25,98.67,2386,1943,2137,0.9092,67,1665,0,99,28,2284,558,180,7.850,6.579
1978-06-09T16:00:00,12,dv-dtn-reactive,1200,400,6.3025,98.25,30.25,2382,923,1712,0.5391,675,394,467,114,0,117,23948,401,5.749,4.251
1978-06-09T16:00:00,2,dv-dtn-reactive,1200,400,6.4375,98.25,28.25,2379,839,1706,0.4918,757,431,334,110,0,119,25752,305,5.465,3.874
1978-06-09T16:00:00,12,dv-dtn-link-state,1200,400,6.3025,98.25,25.08,2382,838,1741,0.4813,903,518,270,0,0,45,37121,0,3.283,2.702
1978-06-09T16:00:00,2,dv-dtn-link-state,1200,400,6.4375,98.25,28.17,2380,820,1724,0.4756,898,506,261,6,0,0,36905,0,3.262,2.659
1978-06-09T16:00:00,12,spray-4,1200,400,6.3025,98.25,0.00,2380,120,1502,0.0799,1382,NaN,NaN,NaN,NaN,21,NaN,NaN,NaN,NaN
1978-06-09T16:00:00,2,spray-4,1200,400,6.4375,98.25,0.00,2378,141,1504,0.0938,1363,NaN,NaN,NaN,NaN,20,NaN,NaN,NaN,NaN
1978-06-09T16:00:00,12,spray-16,1200,400,6.3025,98.25,0.00,2343,291,1523,0.1911,1232,NaN,NaN,NaN,NaN,9800,NaN,NaN,NaN,NaN
1978-06-09T16:00:00,2,spray-16,1200,400,6.4375,98.25,0.00,2331,312,1537,0.2030,1225,NaN,NaN,NaN,NaN,9752,NaN,NaN,NaN,NaN
1978-06-09T16:00:00,13,dv-dtn,1200,400,6.2867,97.42,98.83,2389,1345,1889,0.7120,382,553,699,162,0,1286,780,194,7.289,4.702
1978-06-09T16:00:00,3,dv-dtn,1200,400,5.9375,98.92,99.08,2372,1296,1841,0.7040,384,551,657,160,1,1328,424,152,7.499,4.799
1978-06-09T16:00:00,13,dv-dtn-digest-batch,1200,400,6.2867,97.42,98.83,2389,2072,2199,0.9422,13,1799,0,106,8,934,780,161,7.289,6.408
1978-06-09T16:00:00,3,dv-dtn-digest-batch,1200,400,5.9375,98.92,99.08,2372,1988,2120,0.9377,18,1721,0,111,3,1032,424,140,7.499,6.427
1978-06-09T16:00:00,13,dv-dtn-reactive,1200,400,6.2867,97.42,33.08,2382,879,1719,0.5113,712,562,257,128,0,126,23637,370,5.591,3.942
1978-06-09T16:00:00,3,dv-dtn-reactive,1200,400,5.9375,98.92,37.08,2372,856,1689,0.5068,691,464,349,142,0,70,23530,452,5.668,4.030
1978-06-09T16:00:00,13,dv-dtn-link-state,1200,400,6.2867,97.42,28.67,2382,932,1785,0.5221,851,617,260,2,0,6,35302,0,3.160,2.532
1978-06-09T16:00:00,3,dv-dtn-link-state,1200,400,5.9375,98.92,27.50,2372,841,1715,0.4904,873,549,241,1,0,0,36163,0,3.198,2.562
1978-06-09T16:00:00,13,spray-4,1200,400,6.2867,97.42,0.00,2382,188,1542,0.1219,1354,NaN,NaN,NaN,NaN,37,NaN,NaN,NaN,NaN
1978-06-09T16:00:00,3,spray-4,1200,400,5.9375,98.92,0.00,2379,172,1519,0.1132,1347,NaN,NaN,NaN,NaN,36,NaN,NaN,NaN,NaN
1978-06-09T16:00:00,13,spray-16,1200,400,6.2867,97.42,0.00,2339,401,1568,0.2557,1167,NaN,NaN,NaN,NaN,9570,NaN,NaN,NaN,NaN
1978-06-09T16:00:00,3,spray-16,1200,400,5.9375,98.92,0.00,2339,366,1553,0.2357,1187,NaN,NaN,NaN,NaN,8015,NaN,NaN,NaN,NaN
1978-06-09T16:00:00,14,dv-dtn,1200,400,6.3608,98.67,98.67,2375,1324,1891,0.7002,338,554,689,222,7,963,674,214,8.002,4.508
1978-06-09T16:00:00,4,dv-dtn,1200,400,6.3433,99.08,99.50,2376,1426,1862,0.7658,242,556,769,191,3,871,455,209,7.403,4.973
1978-06-09T16:00:00,14,dv-dtn-digest-batch,1200,400,6.3608,98.67,98.67,2376,1943,2160,0.8995,17,1623,0,133,67,756,670,180,8.002,6.626
1978-06-09T16:00:00,4,dv-dtn-digest-batch,1200,400,6.3433,99.08,99.50,2377,2051,2174,0.9434,5,1772,0,104,14,274,455,171,7.403,6.449
1978-06-09T16:00:00,14,dv-dtn-reactive,1200,400,6.3608,98.67,33.33,2378,925,1736,0.5328,702,458,412,109,0,116,25192,383,5.408,4.078
1978-06-09T16:00:00,4,dv-dtn-reactive,1200,400,6.3433,99.08,32.92,2376,925,1726,0.5359,680,537,320,120,1,96,23942,391,5.404,4.108
1978-06-09T16:00:00,14,dv-dtn-link-state,1200,400,6.3608,98.67,29.42,2378,927,1775,0.5223,847,558,313,1,0,0,34956,0,3.171,2.565
1978-06-09T16:00:00,4,dv-dtn-link-state,1200,400,6.3433,99.08,32.58,2377,901,1753,0.5140,848,613,225,4,0,2,35082,0,3.186,2.582
1978-06-09T16:00:00,14,spray-4,1200,400,6.3608,98.67,0.00,2378,141,1508,0.0935,1367,NaN,NaN,NaN,NaN,25,NaN,NaN,NaN,NaN
1978-06-09T16:00:00,4,spray-4,1200,400,6.3433,99.08,0.00,2374,173,1510,0.1146,1337,NaN,NaN,NaN,NaN,21,NaN,NaN,NaN,NaN
1978-06-09T16:00:00,14,spray-16,1200,400,6.3608,98.67,0.00,2330,370,1553,0.2382,1183,NaN,NaN,NaN,NaN,9774,NaN,NaN,NaN,NaN
1978-06-09T16:00:00,4,spray-16,1200,400,6.3433,99.08,0.00,2344,350,1559,0.2245,1209,NaN,NaN,NaN,NaN,9385,NaN,NaN,NaN,NaN
1978-06-09T16:00:00,15,dv-dtn,1200,400,6.3417,95.75,96.42,2382,1224,1818,0.6733,457,511,642,136,1,1490,799,199,8.038,4.679
1978-06-09T16:00:00,5,dv-dtn,1200,400,6.4542,99.25,99.00,2384,1176,1799,0.6537,463,590,515,160,0,1499,538,209,7.922,4.370
1978-06-09T16:00:00,15,dv-dtn-digest-batch,1200,400,6.3417,95.75,96.42,2383,1987,2107,0.9430,11,1740,0,77,32,1071,799,167,8.038,6.725
1978-06-09T16:00:00,5,dv-dtn-digest-batch,1200,400,6.4542,99.25,99.00,2385,2029,2170,0.9350,9,1752,0,105,27,393,538,171,7.922,6.797
1978-06-09T16:00:00,15,dv-dtn-reactive,1200,400,6.3417,95.75,27.42,2385,778,1684,0.4620,785,440,288,121,0,114,26830,271,5.616,3.958
1978-06-09T16:00:00,5,dv-dtn-reactive,1200,400,6.4542,99.25,25.58,2381,839,1709,0.4909,746,510,277,124,0,79,24552,374,5.567,3.763
1978-06-09T16:00:00,15,dv-dtn-link-state,1200,400,6.3417,95.75,31.50,2387,816,1747,0.4671,931,594,167,0,0,10,37204,0,3.254,2.659
1978-06-09T16:00:00,5,dv-dtn-link-state,1200,400,6.4542,99.25,28.42,2381,840,1733,0.4847,888,585,200,5,0,1,36385,0,3.136,2.510
1978-06-09T16:00:00,15,spray-4,1200,400,6.3417,95.75,0.00,2384,137,1522,0.0900,1385,NaN,NaN,NaN,NaN,17,NaN,NaN,NaN,NaN
1978-06-09T16:00:00,5,spray-4,1200,400,6.4542,99.25,0.00,2385,176,1534,0.1147,1358,NaN,NaN,NaN,NaN,27,NaN,NaN,NaN,NaN
1978-06-09T16:00:00,15,spray-16,1200,400,6.3417,95.75,0.00,2352,299,1545,0.1935,1246,NaN,NaN,NaN,NaN,8964,NaN,NaN,NaN,NaN
1978-06-09T16:00:00,5,spray-16,1200,400,6.4542,99.25,0.00,2343,379,1559,0.2431,1180,NaN,NaN,NaN,NaN,9118,NaN,NaN,NaN,NaN
1978-06-09T16:00:00,16,dv-dtn,1200,400,6.1433,97.92,97.67,2385,1335,1814,0.7359,386,576,683,93,0,1706,1547,163,6.930,4.596
1978-06-09T16:00:00,6,dv-dtn,1200,400,6.0742,97.08,97.08,2380,1390,1873,0.7421,337,539,753,145,1,1393,1211,205,7.043,4.894
1978-06-09T16:00:00,16,dv-dtn-digest-batch,1200,400,6.1433,97.92,97.67,2386,2058,2163,0.9515,36,1833,0,65,4,194,1547,137,6.930,5.906
1978-06-09T16:00:00,6,dv-dtn-digest-batch,1200,400,6.0742,97.08,97.08,2382,2101,2202,0.9541,22,1870,0,76,3,417,1211,169,7.043,6.070
1978-06-09T16:00:00,16,dv-dtn-reactive,1200,400,6.1433,97.92,27.58,2383,899,1736,0.5179,675,483,351,162,0,75,23904,350,5.697,4.357
1978-06-09T16:00:00,6,dv-dtn-reactive,1200,400,6.0742,97.08,32.00,2385,876,1763,0.4969,715,478,326,172,0,122,23400,432,5.647,4.084
1978-06-09T16:00:00,16,dv-dtn-link-state,1200,400,6.1433,97.92,26.92,2383,886,1756,0.5046,865,566,257,5,0,84,35086,0,3.296,2.734
1978-06-09T16:00:00,6,dv-dtn-link-state,1200,400,6.0742,97.08,32.08,2385,848,1778,0.4769,924,604,197,6,0,0,37033,0,3.199,2.575
1978-06-09T16:00:00,16,spray-4,1200,400,6.1433,97.92,0.00,2384,139,1548,0.0898,1409,NaN,NaN,NaN,NaN,21,NaN,NaN,NaN,NaN
1978-06-09T16:00:00,6,spray-4,1200,400,6.0742,97.08,0.00,2388,172,1554,0.1107,1382,NaN,NaN,NaN,NaN,34,NaN,NaN,NaN,NaN
1978-06-09T16:00:00,16,spray-16,1200,400,6.1433,97.92,0.00,2351,302,1548,0.1951,1246,NaN,NaN,NaN,NaN,9034,NaN,NaN,NaN,NaN
1978-06-09T16:00:00,6,spray-16,1200,400,6.0742,97.08,0.00,2353,360,1587,0.2268,1227,NaN,NaN,NaN,NaN,8980,NaN,NaN,NaN,NaN
1978-06-09T16:00:00,17,dv-dtn,1200,400,6.3467,98.50,98.50,2387,1101,1762,0.6249,510,368,666,150,1,2197,1061,224,7.827,4.896
1978-06-09T16:00:00,7,dv-dtn,1200,400,5.8467,99.17,99.33,2384,1245,1849,0.6733,427,533,633,174,3,1366,665,175,8.167,4.957
1978-06-09T16:00:00,17,dv-dtn-digest-batch,1200,400,6.3467,98.50,98.50,2385,1763,1955,0.9018,90,1488,0,92,10,4874,1061,193,7.827,6.682
1978-06-09T16:00:00,7,dv-dtn-digest-batch,1200,400,5.8467,99.17,99.33,2385,1942,2105,0.9226,20,1676,0,110,33,1232,652,161,8.167,7.007
1978-06-09T16:00:00,17,dv-dtn-reactive,1200,400,6.3467,98.50,19.00,2388,712,1666,0.4274,799,362,301,155,0,185,26882,348,5.904,3.913
1978-06-09T16:00:00,7,dv-dtn-reactive,1200,400,5.8467,99.17,30.67,2385,786,1730,0.4543,763,486,235,181,0,149,26318,357,5.760,3.931
1978-06-09T16:00:00,17,dv-dtn-link-state,1200,400,6.3467,98.50,24.58,2388,732,1689,0.4334,949,399,278,8,0,8,39406,0,3.284,2.684
1978-06-09T16:00:00,7,dv-dtn-link-state,1200,400,5.8467,99.17,27.08,2385,784,1748,0.4485,961,639,102,3,0,2,38544,0,3.171,2.540
1978-06-09T16:00:00,17,spray-4,1200,400,6.3467,98.50,0.00,2387,115,1506,0.0764,1391,NaN,NaN,NaN,NaN,20,NaN,NaN,NaN,NaN
1978-06-09T16:00:00,7,spray-4,1200,400,5.8467,99.17,0.00,2387,144,1538,0.0936,1394,NaN,NaN,NaN,NaN,31,NaN,NaN,NaN,NaN
1978-06-09T16:00:00,17,spray-16,1200,400,6.3467,98.50,0.00,2351,258,1515,0.1703,1257,NaN,NaN,NaN,NaN,10450,NaN,NaN,NaN,NaN
1978-06-09T16:00:00,7,spray-16,1200,400,5.8467,99.17,0.00,2357,328,1567,0.2093,1239,NaN,NaN,NaN,NaN,8352,NaN,NaN,NaN,NaN
1978-06-09T16:00:00,18,dv-dtn,1200,400,6.0050,98.42,98.58,2390,1189,1744,0.6818,447,465,653,108,0,1863,1262,206,7.691,5.037
1978-06-09T16:00:00,8,dv-dtn,1200,400,6.2533,98.67,98.83,2379,1227,1771,0.6928,403,488,673,141,0,1289,574,190,7.978,5.142
1978-06-09T16:00:00,18,dv-dtn-digest-batch,1200,400,6.0050,98.42,98.58,2391,1883,2099,0.8971,133,1621,0,79,4,3513,1269,175,7.691,6.505
1978-06-09T16:00:00,8,dv-dtn-digest-batch,1200,400,6.2533,98.67,98.83,2380,1856,1982,0.9364,15,1591,0,108,3,1666,586,159,7.978,6.822
1978-06-09T16:00:00,18,dv-dtn-reactive,1200,400,6.0050,98.42,23.08,2387,734,1663,0.4414,842,431,262,87,0,66,27762,345,5.813,3.843
1978-06-09T16:00:00,8,dv-dtn-reactive,1200,400,6.2533,98.67,23.00,2382,751,1638,0.4585,779,388,325,108,0,59,27620,313,5.535,4.208
1978-06-09T16:00:00,18,dv-dtn-link-state,1200,400,6.0050,98.42,26.00,2387,715,1728,0.4138,1009,515,144,4,0,2,39723,0,3.165,2.540
1978-06-09T16:00:00,8,dv-dtn-link-state,1200,400,6.2533,98.67,19.83,2382,771,1684,0.4578,906,463,278,7,0,6,37108,0,3.208,2.678
1978-06-09T16:00:00,18,spray-4,1200,400,6.0050,98.42,0.00,2387,148,1514,0.0978,1366,NaN,NaN,NaN,NaN,31,NaN,NaN,NaN,NaN
1978-06-09T16:00:00,8,spray-4,1200,400,6.2533,98.67,0.00,2382,113,1477,0.0765,1364,NaN,NaN,NaN,NaN,19,NaN,NaN,NaN,NaN
1978-06-09T16:00:00,18,spray-16,1200,400,6.0050,98.42,0.00,2352,301,1538,0.1957,1237,NaN,NaN,NaN,NaN,8376,NaN,NaN,NaN,NaN
1978-06-09T16:00:00,8,spray-16,1200,400,6.2533,98.67,0.00,2328,276,1495,0.1846,1219,NaN,NaN,NaN,NaN,8614,NaN,NaN,NaN,NaN
1978-06-09T16:00:00,19,dv-dtn,1200,400,6.0325,98.58,99.08,2369,1032,1804,0.5721,593,411,541,178,1,1881,709,229,8.605,5.109
1978-06-09T16:00:00,9,dv-dtn,1200,400,6.3392,98.00,98.42,2381,1336,1869,0.7148,421,696,549,112,0,1506,767,165,7.121,4.108
1978-06-09T16:00:00,19,dv-dtn-digest-batch,1200,400,6.0325,98.58,99.08,2371,1852,2050,0.9034,76,1548,0,102,20,3002,710,193,8.605,7.253
1978-06-09T16:00:00,9,dv-dtn-digest-batch,1200,400,6.3392,98.00,98.42,2380,1988,2102,0.9458,40,1745,0,68,6,1961,767,143,7.121,5.930
1978-06-09T16:00:00,19,dv-dtn-reactive,1200,400,6.0325,98.58,25.92,2379,686,1707,0.4019,908,391,231,113,0,86,30091,376,5.841,3.949
1978-06-09T16:00:00,9,dv-dtn-reactive,1200,400,6.3392,98.00,30.25,2374,1030,1784,0.5774,638,610,346,116,0,83,23453,341,5.231,3.957
1978-06-09T16:00:00,19,dv-dtn-link-state,1200,400,6.0325,98.58,22.83,2379,663,1714,0.3868,1051,496,117,0,0,0,41753,0,3.277,2.649
1978-06-09T16:00:00,9,dv-dtn-link-state,1200,400,6.3392,98.00,38.17,2375,1050,1834,0.5725,782,775,214,2,0,22,32155,0,3.111,2.498
1978-06-09T16:00:00,19,spray-4,1200,400,6.0325,98.58,0.00,2382,122,1516,0.0805,1394,NaN,NaN,NaN,NaN,16,NaN,NaN,NaN,NaN
1978-06-09T16:00:00,9,spray-4,1200,400,6.3392,98.00,0.00,2375,212,1545,0.1372,1333,NaN,NaN,NaN,NaN,15,NaN,NaN,NaN,NaN
1978-06-09T16:00:00,19,spray-16,1200,400,6.0325,98.58,0.00,2340,256,1531,0.1672,1275,NaN,NaN,NaN,NaN,8924,NaN,NaN,NaN,NaN
1978-06-09T16:00:00,9,spray-16,1200,400,6.3392,98.00,0.00,2347,458,1603,0.2857,1145,NaN,NaN,NaN,NaN,8368,NaN,NaN,NaN,NaN
1978-06-09T12:00:00,0,dv-dtn,1200,400,6.1825,96.67,96.92,2377,1631,1944,0.8390,181,594,938,130,2,582,883,193,6.839,4.652
1978-06-09T12:00:00,10,dv-dtn,1200,400,6.3317,98.83,98.92,2389,1581,1964,0.8050,251,646,824,128,4,892,460,151,7.054,4.674
1978-06-09T12:00:00,0,dv-dtn-digest-batch,1200,400,6.1825,96.67,96.92,2377,2013,2139,0.9411,28,1791,0,80,18,1234,883,170,6.839,5.649
1978-06-09T12:00:00,10,dv-dtn-digest-batch,1200,400,6.3317,98.83,98.92,2389,2119,2215,0.9567,3,1877,0,77,16,604,460,121,7.054,5.969
1978-06-09T12:00:00,0,dv-dtn-reactive,1200,400,6.1825,96.67,29.17,2378,1124,1743,0.6449,513,631,437,106,0,67,21420,301,5.096,4.063
1978-06-09T12:00:00,10,dv-dtn-reactive,1200,400,6.3317,98.83,33.00,2387,1011,1806,0.5598,635,577,361,160,0,51,22389,400,5.460,3.966
1978-06-09T12:00:00,0,dv-dtn-link-state,1200,400,6.1825,96.67,35.25,2378,1058,1809,0.5849,749,694,276,2,0,11,30941,0,3.194,2.533
1978-06-09T12:00:00,10,dv-dtn-link-state,1200,400,6.3317,98.83,37.67,2388,983,1836,0.5354,851,748,176,2,0,0,34037,0,3.110,2.466
1978-06-09T12:00:00,0,spray-4,1200,400,6.1825,96.67,0.00,2378,163,1519,0.1073,1356,NaN,NaN,NaN,NaN,18,NaN,NaN,NaN,NaN
1978-06-09T12:00:00,10,spray-4,1200,400,6.3317,98.83,0.00,2386,180,1560,0.1154,1380,NaN,NaN,NaN,NaN,15,NaN,NaN,NaN,NaN
1978-06-09T12:00:00,0,spray-16,1200,400,6.1825,96.67,0.00,2340,437,1567,0.2789,1130,NaN,NaN,NaN,NaN,8514,NaN,NaN,NaN,NaN
1978-06-09T12:00:00,10,spray-16,1200,400,6.3317,98.83,0.00,2357,433,1623,0.2668,1190,NaN,NaN,NaN,NaN,9064,NaN,NaN,NaN,NaN
1978-06-09T12:00:00,1,dv-dtn,1200,400,6.1983,98.75,98.83,2385,1348,1847,0.7298,361,645,616,138,0,1493,516,159,7.147,4.541
1978-06-09T12:00:00,11,dv-dtn,1200,400,6.3192,97.92,98.50,2386,1343,1837,0.7311,341,460,808,148,5,1087,588,177,8.326,5.148
1978-06-09T12:00:00,1,dv-dtn-digest-batch,1200,400,6.1983,98.75,98.83,2383,2062,2156,0.9564,18,1836,0,71,5,1643,516,137,7.147,6.100
1978-06-09T12:00:00,11,dv-dtn-digest-batch,1200,400,6.3192,97.92,98.50,2387,1920,2076,0.9249,25,1671,0,86,45,1604,588,148,8.326,7.006
1978-06-09T12:00:00,1,dv-dtn-reactive,1200,400,6.1983,98.75,29.67,2384,992,1749,0.5672,629,571,361,128,0,80,23080,327,5.442,3.881
1978-06-09T12:00:00,11,dv-dtn-reactive,1200,400,6.3192,97.92,25.75,2390,854,1717,0.4974,742,452,344,121,0,61,27134,335,5.588,4.085
1978-06-09T12:00:00,1,dv-dtn-link-state,1200,400,6.1983,98.75,32.25,2384,947,1792,0.5285,844,679,199,1,0,0,35185,0,3.192,2.636
1978-06-09T12:00:00,11,dv-dtn-link-state,1200,400,6.3192,97.92,26.08,2390,834,1733,0.4812,896,496,292,3,0,4,36963,0,3.179,2.556
1978-06-09T12:00:00,1,spray-4,1200,400,6.1983,98.75,0.00,2385,167,1522,0.1097,1355,NaN,NaN,NaN,NaN,34,NaN,NaN,NaN,NaN
1978-06-09T12:00:00,11,spray-4,1200,400,6.3192,97.92,0.00,2393,147,1511,0.0973,1364,NaN,NaN,NaN,NaN,26,NaN,NaN,NaN,NaN
1978-06-09T12:00:00,1,spray-16,1200,400,6.1983,98.75,0.00,2339,357,1558,0.2291,1201,NaN,NaN,NaN,NaN,10615,NaN,NaN,NaN,NaN
1978-06-09T12:00:00,11,spray-16,1200,400,6.3192,97.92,0.00,2336,325,1539,0.2112,1214,NaN,NaN,NaN,NaN,9011,NaN,NaN,NaN,NaN
1978-06-09T12:00:00,2,dv-dtn,1200,400,6.3983,97.67,98.25,2385,1246,1821,0.6842,433,500,671,141,1,1215,583,215,7.924,4.630
1978-06-09T12:00:00,12,dv-dtn,1200,400,6.2375,98.25,98.25,2380,1275,1793,0.7111,414,453,762,101,3,1728,588,204,7.607,4.717
1978-06-09T12:00:00,2,dv-dtn-digest-batch,1200,400,6.3983,97.67,98.25,2386,1941,2107,0.9212,46,1661,0,83,37,1635,583,190,7.924,6.760
1978-06-09T12:00:00,12,dv-dtn-digest-batch,1200,400,6.2375,98.25,98.25,2380,1950,2074,0.9402,23,1714,0,69,32,2329,586,159,7.607,6.372
1978-06-09T12:00:00,2,dv-dtn-reactive,1200,400,6.3983,97.67,31.58,2380,850,1679,0.5063,724,461,346,105,0,67,25651,347,5.386,3.934
1978-06-09T12:00:00,12,dv-dtn-reactive,1200,400,6.2375,98.25,24.58,2382,925,1704,0.5428,679,411,460,100,0,62,24975,426,5.760,4.195
1978-06-09T12:00:00,2,dv-dtn-link-state,1200,400,6.3983,97.67,25.83,2380,838,1710,0.4901,870,495,289,2,0,2,36315,0,3.286,2.708
1978-06-09T12:00:00,12,dv-dtn-link-state,1200,400,6.2375,98.25,27.67,2382,830,1739,0.4773,909,543,235,0,0,0,37451,0,3.250,2.677
1978-06-09T12:00:00,2,spray-4,1200,400,6.3983,97.67,0.00,2382,130,1497,0.0868,1367,NaN,NaN,NaN,NaN,22,NaN,NaN,NaN,NaN
1978-06-09T12:00:00,12,spray-4,1200,400,6.2375,98.25,0.00,2383,111,1501,0.0740,1390,NaN,NaN,NaN,NaN,23,NaN,NaN,NaN,NaN
1978-06-09T12:00:00,2,spray-16,1200,400,6.3983,97.67,0.00,2336,293,1524,0.1923,1231,NaN,NaN,NaN,NaN,10304,NaN,NaN,NaN,NaN
1978-06-09T12:00:00,12,spray-16,1200,400,6.2375,98.25,0.00,2334,271,1517,0.1786,1246,NaN,NaN,NaN,NaN,10303,NaN,NaN,NaN,NaN
1978-06-09T12:00:00,3,dv-dtn,1200,400,5.9242,98.75,98.92,2370,1287,1832,0.7025,393,497,703,151,1,1359,429,190,7.561,4.852
1978-06-09T12:00:00,13,dv-dtn,1200,400,6.2683,98.33,98.42,2387,1320,1888,0.6992,436,600,619,132,0,1320,761,171,7.368,4.626
1978-06-09T12:00:00,3,dv-dtn-digest-batch,1200,400,5.9242,98.75,98.92,2372,1963,2085,0.9415,9,1715,0,102,11,959,429,150,7.561,6.466
1978-06-09T12:00:00,13,dv-dtn-digest-batch,1200,400,6.2683,98.33,98.42,2389,2100,2214,0.9485,14,1774,0,87,13,1082,761,144,7.368,6.463
1978-06-09T12:00:00,3,dv-dtn-reactive,1200,400,5.9242,98.75,28.33,2372,872,1713,0.5090,696,484,340,145,0,35,24186,359,5.624,4.068
1978-06-09T12:00:00,13,dv-dtn-reactive,1200,400,6.2683,98.33,28.75,2381,908,1760,0.5159,715,550,281,136,1,97,24481,388,5.457,3.959
1978-06-09T12:00:00,3,dv-dtn-link-state,1200,400,5.9242,98.75,25.83,2372,826,1715,0.4816,884,527,260,5,0,9,36078,0,3.199,2.576
1978-06-09T12:00:00,13,dv-dtn-link-state,1200,400,6.2683,98.33,36.50,2382,956,1809,0.5285,852,596,297,1,0,16,35165,0,3.133,2.498
1978-06-09T12:00:00,3,spray-4,1200,400,5.9242,98.75,0.00,2377,157,1518,0.1034,1361,NaN,NaN,NaN,NaN,12,NaN,NaN,NaN,NaN
1978-06-09T12:00:00,13,spray-4,1200,400,6.2683,98.33,0.00,2381,217,1552,0.1398,1335,NaN,NaN,NaN,NaN,28,NaN,NaN,NaN,NaN
1978-06-09T12:00:00,3,spray-16,1200,400,5.9242,98.75,0.00,2340,354,1552,0.2281,1198,NaN,NaN,NaN,NaN,7633,NaN,NaN,NaN,NaN
1978-06-09T12:00:00,13,spray-16,1200,400,6.2683,98.33,0.00,2347,431,1592,0.2707,1161,NaN,NaN,NaN,NaN,9068,NaN,NaN,NaN,NaN
1978-06-09T12:00:00,4,dv-dtn,1200,400,6.3475,98.50,98.33,2377,1437,1853,0.7755,216,550,799,193,7,686,497,197,7.636,5.047
1978-06-09T12:00:00,14,dv-dtn,1200,400,6.3600,98.67,98.83,2375,1347,1891,0.7123,359,582,677,181,4,981,633,200,8.006,4.497
1978-06-09T12:00:00,4,dv-dtn-digest-batch,1200,400,6.3475,98.50,98.33,2377,2005,2165,0.9261,6,1727,0,112,42,569,497,158,7.636,6.484
1978-06-09T12:00:00,14,dv-dtn-digest-batch,1200,400,6.3600,98.67,98.83,2376,1946,2148,0.9060,10,1671,0,134,58,417,633,174,8.006,6.570
1978-06-09T12:00:00,4,dv-dtn-reactive,1200,400,6.3475,98.50,30.17,2377,832,1703,0.4885,718,487,286,153,0,145,24030,431,5.445,3.826
1978-06-09T12:00:00,14,dv-dtn-reactive,1200,400,6.3600,98.67,29.33,2378,946,1754,0.5393,702,482,392,106,0,48,25440,275,5.377,4.072
1978-06-09T12:00:00,4,dv-dtn-link-state,1200,400,6.3475,98.50,32.42,2377,903,1750,0.5160,844,592,257,3,0,0,35446,0,3.177,2.528
1978-06-09T12:00:00,14,dv-dtn-link-state,1200,400,6.3600,98.67,34.92,2378,924,1776,0.5203,851,679,194,1,0,0,34710,0,3.157,2.515
1978-06-09T12:00:00,4,spray-4,1200,400,6.3475,98.50,0.00,2381,160,1511,0.1059,1351,NaN,NaN,NaN,NaN,12,NaN,NaN,NaN,NaN
1978-06-09T12:00:00,14,spray-4,1200,400,6.3600,98.67,0.00,2379,159,1518,0.1047,1359,NaN,NaN,NaN,NaN,32,NaN,NaN,NaN,NaN
1978-06-09T12:00:00,4,spray-16,1200,400,6.3475,98.50,0.00,2332,365,1546,0.2361,1181,NaN,NaN,NaN,NaN,9429,NaN,NaN,NaN,NaN
1978-06-09T12:00:00,14,spray-16,1200,400,6.3600,98.67,0.00,2337,378,1560,0.2423,1182,NaN,NaN,NaN,NaN,9702,NaN,NaN,NaN,NaN
1978-06-09T12:00:00,5,dv-dtn,1200,400,6.5217,98.75,99.25,2384,1247,1863,0.6694,438,559,592,178,0,1391,566,180,7.714,4.486
1978-06-09T12:00:00,15,dv-dtn,1200,400,6.2458,97.67,98.00,2381,1177,1804,0.6524,480,489,601,144,3,1628,803,200,8.046,4.619
1978-06-09T12:00:00,5,dv-dtn-digest-batch,1200,400,6.5217,98.75,99.25,2385,2058,2177,0.9453,13,1766,0,96,10,217,566,147,7.714,6.739
1978-06-09T12:00:00,15,dv-dtn-digest-batch,1200,400,6.2458,97.67,98.00,2383,1976,2118,0.9330,14,1703,0,97,31,1192,802,157,8.046,6.807
1978-06-09T12:00:00,5,dv-dtn-reactive,1200,400,6.5217,98.75,30.33,2380,908,1749,0.5192,716,534,304,125,0,20,25778,338,5.333,3.884
1978-06-09T12:00:00,15,dv-dtn-reactive,1200,400,6.2458,97.67,24.17,2386,779,1671,0.4662,788,435,288,104,0,140,27811,364,5.500,4.074
1978-06-09T12:00:00,5,dv-dtn-link-state,1200,400,6.5217,98.75,29.33,2381,835,1747,0.4780,909,607,175,3,0,2,36705,0,3.094,2.392
1978-06-09T12:00:00,15,dv-dtn-link-state,1200,400,6.2458,97.67,28.75,2387,814,1758,0.4630,943,539,202,1,0,12,37496,0,3.262,2.634
1978-06-09T12:00:00,5,spray-4,1200,400,6.5217,98.75,0.00,2384,194,1536,0.1263,1342,NaN,NaN,NaN,NaN,33,NaN,NaN,NaN,NaN
1978-06-09T12:00:00,15,spray-4,1200,400,6.2458,97.67,0.00,2378,148,1526,0.0970,1378,NaN,NaN,NaN,NaN,17,NaN,NaN,NaN,NaN
1978-06-09T12:00:00,5,spray-16,1200,400,6.5217,98.75,0.00,2335,416,1580,0.2633,1164,NaN,NaN,NaN,NaN,9414,NaN,NaN,NaN,NaN
1978-06-09T12:00:00,15,spray-16,1200,400,6.2458,97.67,0.00,2338,311,1555,0.2000,1244,NaN,NaN,NaN,NaN,8813,NaN,NaN,NaN,NaN
1978-06-09T12:00:00,6,dv-dtn,1200,400,6.0808,96.92,98.50,2381,1384,1869,0.7405,345,569,708,139,1,1380,1020,199,7.068,4.837
1978-06-09T12:00:00,16,dv-dtn,1200,400,6.2125,96.08,96.58,2384,1434,1879,0.7632,359,578,773,86,0,1627,1512,201,6.855,4.471
1978-06-09T12:00:00,6,dv-dtn-digest-batch,1200,400,6.0808,96.92,98.50,2382,2105,2215,0.9503,18,1869,0,86,6,315,1020,160,7.068,6.086
1978-06-09T12:00:00,16,dv-dtn-digest-batch,1200,400,6.2125,96.08,96.58,2386,2070,2181,0.9491,35,1899,0,70,6,276,1512,174,6.855,5.736
1978-06-09T12:00:00,6,dv-dtn-reactive,1200,400,6.0808,96.92,22.25,2385,951,1785,0.5328,677,489,388,157,0,81,22324,417,5.751,4.129
1978-06-09T12:00:00,16,dv-dtn-reactive,1200,400,6.2125,96.08,33.08,2383,988,1754,0.5633,626,515,413,140,0,62,22395,354,5.698,4.310
1978-06-09T12:00:00,6,dv-dtn-link-state,1200,400,6.0808,96.92,30.83,2385,869,1783,0.4874,905,590,221,9,0,3,36458,0,3.174,2.542
1978-06-09T12:00:00,16,dv-dtn-link-state,1200,400,6.2125,96.08,29.83,2383,928,1784,0.5202,855,630,254,1,0,11,35161,0,3.221,2.648
1978-06-09T12:00:00,6,spray-4,1200,400,6.0808,96.92,0.00,2383,177,1546,0.1145,1369,NaN,NaN,NaN,NaN,24,NaN,NaN,NaN,NaN
1978-06-09T12:00:00,16,spray-4,1200,400,6.2125,96.08,0.00,2386,144,1553,0.0927,1409,NaN,NaN,NaN,NaN,26,NaN,NaN,NaN,NaN
1978-06-09T12:00:00,6,spray-16,1200,400,6.0808,96.92,0.00,2353,345,1572,0.2195,1227,NaN,NaN,NaN,NaN,9005,NaN,NaN,NaN,NaN
1978-06-09T12:00:00,16,spray-16,1200,400,6.2125,96.08,0.00,2346,323,1576,0.2049,1253,NaN,NaN,NaN,NaN,8733,NaN,NaN,NaN,NaN
1978-06-09T12:00:00,7,dv-dtn,1200,400,5.8600,99.33,99.50,2385,1276,1908,0.6688,441,501,682,189,2,1032,649,179,8.375,4.975
1978-06-09T12:00:00,17,dv-dtn,1200,400,6.2933,97.42,97.92,2384,1160,1792,0.6473,480,368,728,152,0,1922,988,187,7.629,4.881
1978-06-09T12:00:00,7,dv-dtn-digest-batch,1200,400,5.8600,99.33,99.50,2385,1973,2143,0.9207,25,1568,0,117,28,1285,635,146,8.375,7.284
1978-06-09T12:00:00,17,dv-dtn-digest-batch,1200,400,6.2933,97.42,97.92,2385,1823,1998,0.9124,82,1597,0,87,6,4224,988,152,7.629,6.532
1978-06-09T12:00:00,7,dv-dtn-reactive,1200,400,5.8600,99.33,34.83,2385,794,1752,0.4532,795,457,262,163,0,74,27362,323,5.809,4.220
1978-06-09T12:00:00,17,dv-dtn-reactive,1200,400,6.2933,97.42,30.25,2388,792,1691,0.4684,776,372,370,123,0,126,25424,383,5.888,3.915
1978-06-09T12:00:00,7,dv-dtn-link-state,1200,400,5.8600,99.33,29.67,2385,783,1769,0.4426,976,568,161,10,0,0,38706,0,3.168,2.603
1978-06-09T12:00:00,17,dv-dtn-link-state,1200,400,6.2933,97.42,23.83,2388,769,1694,0.4540,920,444,288,5,0,1,38468,0,3.318,2.694
1978-06-09T12:00:00,7,spray-4,1200,400,5.8600,99.33,0.00,2381,158,1541,0.1025,1383,NaN,NaN,NaN,NaN,24,NaN,NaN,NaN,NaN
1978-06-09T12:00:00,17,spray-4,1200,400,6.2933,97.42,0.00,2386,109,1507,0.0723,1398,NaN,NaN,NaN,NaN,32,NaN,NaN,NaN,NaN
1978-06-09T12:00:00,7,spray-16,1200,400,5.8600,99.33,0.00,2343,318,1562,0.2036,1244,NaN,NaN,NaN,NaN,8406,NaN,NaN,NaN,NaN
1978-06-09T12:00:00,17,spray-16,1200,400,6.2933,97.42,0.00,2351,267,1526,0.1750,1259,NaN,NaN,NaN,NaN,10218,NaN,NaN,NaN,NaN
1978-06-09T12:00:00,8,dv-dtn,1200,400,6.2533,99.58,99.50,2380,1238,1780,0.6955,393,435,727,146,3,1337,658,202,7.912,5.089
1978-06-09T12:00:00,18,dv-dtn,1200,400,5.9883,96.67,97.67,2391,1211,1768,0.6850,442,463,669,115,0,1978,1296,225,7.648,4.932
1978-06-09T12:00:00,8,dv-dtn-digest-batch,1200,400,6.2533,99.58,99.50,2380,1834,2007,0.9138,54,1550,0,114,5,2394,658,174,7.912,6.684
1978-06-09T12:00:00,18,dv-dtn-digest-batch,1200,400,5.9883,96.67,97.67,2391,1858,2064,0.9002,114,1613,0,91,1,3476,1296,209,7.648,6.393
1978-06-09T12:00:00,8,dv-dtn-reactive,1200,400,6.2533,99.58,21.50,2382,762,1646,0.4629,762,424,303,122,0,109,26285,312,5.731,4.154
1978-06-09T12:00:00,18,dv-dtn-reactive,1200,400,5.9883,96.67,24.75,2387,766,1699,0.4509,830,469,249,103,0,155,27456,281,5.616,3.911
1978-06-09T12:00:00,8,dv-dtn-link-state,1200,400,6.2533,99.58,22.17,2382,763,1686,0.4526,920,468,251,3,0,2,37208,0,3.176,2.566
1978-06-09T12:00:00,18,dv-dtn-link-state,1200,400,5.9883,96.67,25.42,2387,743,1718,0.4325,974,528,175,1,0,43,39287,0,3.202,2.603
1978-06-09T12:00:00,8,spray-4,1200,400,6.2533,99.58,0.00,2385,116,1474,0.0787,1358,NaN,NaN,NaN,NaN,25,NaN,NaN,NaN,NaN
1978-06-09T12:00:00,18,spray-4,1200,400,5.9883,96.67,0.00,2387,135,1514,0.0892,1379,NaN,NaN,NaN,NaN,36,NaN,NaN,NaN,NaN
1978-06-09T12:00:00,8,spray-16,1200,400,6.2533,99.58,0.00,2312,283,1497,0.1890,1214,NaN,NaN,NaN,NaN,9707,NaN,NaN,NaN,NaN
1978-06-09T12:00:00,18,spray-16,1200,400,5.9883,96.67,0.00,2356,298,1550,0.1923,1252,NaN,NaN,NaN,NaN,8787,NaN,NaN,NaN,NaN
1978-06-09T12:00:00,9,dv-dtn,1200,400,6.3875,98.58,99.08,2379,1369,1878,0.7290,373,694,595,136,0,1203,653,188,7.142,4.381
1978-06-09T12:00:00,19,dv-dtn,1200,400,5.9975,98.42,98.67,2370,1029,1796,0.5729,582,399,545,182,3,2066,844,235,8.517,5.092
1978-06-09T12:00:00,9,dv-dtn-digest-batch,1200,400,6.3875,98.58,99.08,2381,2014,2143,0.9398,44,1786,0,77,8,1535,653,156,7.142,6.000
1978-06-09T12:00:00,19,dv-dtn-digest-batch,1200,400,5.9975,98.42,98.67,2370,1887,2085,0.9050,87,1527,0,93,18,2718,844,188,8.517,7.280
1978-06-09T12:00:00,9,dv-dtn-reactive,1200,400,6.3875,98.58,32.42,2375,952,1749,0.5443,678,556,324,119,0,118,23443,418,5.214,3.792
1978-06-09T12:00:00,19,dv-dtn-reactive,1200,400,5.9975,98.42,18.50,2379,675,1674,0.4032,910,402,222,89,0,70,29168,320,5.990,3.987
1978-06-09T12:00:00,9,dv-dtn-link-state,1200,400,6.3875,98.58,34.75,2375,1027,1808,0.5680,775,709,258,6,0,7,32278,0,3.129,2.462
1978-06-09T12:00:00,19,dv-dtn-link-state,1200,400,5.9975,98.42,24.92,2379,671,1719,0.3903,1047,462,158,1,0,0,41345,0,3.265,2.678
1978-06-09T12:00:00,9,spray-4,1200,400,6.3875,98.58,0.00,2376,189,1528,0.1237,1339,NaN,NaN,NaN,NaN,21,NaN,NaN,NaN,NaN
1978-06-09T12:00:00,19,spray-4,1200,400,5.9975,98.42,0.00,2378,117,1511,0.0774,1394,NaN,NaN,NaN,NaN,14,NaN,NaN,NaN,NaN
1978-06-09T12:00:00,19,spray-16,1200,400,5.9975,98.42,0.00,2331,253,1537,0.1646,1284,NaN,NaN,NaN,NaN,9062,NaN,NaN,NaN,NaN
1978-06-09T12:00:00,9,spray-16,1200,400,6.3875,98.58,0.00,2333,440,1592,0.2764,1152,NaN,NaN,NaN,NaN,8990,NaN,NaN,NaN,NaN
1978-06-09T08:00:00,0,dv-dtn,1200,400,6.1617,97.83,98.67,2377,1519,1892,0.8029,245,609,814,128,0,815,735,171,6.824,4.523
1978-06-09T08:00:00,10,dv-dtn,1200,400,6.3300,98.75,99.17,2389,1529,1958,0.7809,268,589,824,154,7,990,526,161,7.361,4.801
1978-06-09T08:00:00,0,dv-dtn-digest-batch,1200,400,6.1617,97.83,98.67,2377,2045,2161,0.9463,30,1813,0,84,2,1186,735,152,6.824,5.685
1978-06-09T08:00:00,10,dv-dtn-digest-batch,1200,400,6.3300,98.75,99.17,2389,2080,2204,0.9437,8,1834,0,89,27,444,526,127,7.361,6.159
1978-06-09T08:00:00,0,dv-dtn-reactive,1200,400,6.1617,97.83,38.83,2378,1073,1751,0.6128,579,585,423,99,0,106,22404,291,5.019,3.931
1978-06-09T08:00:00,10,dv-dtn-reactive,1200,400,6.3300,98.75,34.50,2388,1003,1784,0.5622,664,586,348,117,0,44,23152,331,5.568,4.181
1978-06-09T08:00:00,0,dv-dtn-link-state,1200,400,6.1617,97.83,33.75,2378,1017,1782,0.5707,765,735,215,0,0,12,31781,0,3.145,2.527
1978-06-09T08:00:00,10,dv-dtn-link-state,1200,400,6.3300,98.75,30.58,2388,924,1795,0.5148,869,628,245,2,0,0,35320,0,3.113,2.486
1978-06-09T08:00:00,0,spray-4,1200,400,6.1617,97.83,0.00,2374,172,1518,0.1133,1346,NaN,NaN,NaN,NaN,49,NaN,NaN,NaN,NaN
1978-06-09T08:00:00,10,spray-4,1200,400,6.3300,98.75,0.00,2383,177,1557,0.1137,1380,NaN,NaN,NaN,NaN,50,NaN,NaN,NaN,NaN
1978-06-09T08:00:00,0,spray-16,1200,400,6.1617,97.83,0.00,2326,423,1563,0.2706,1140,NaN,NaN,NaN,NaN,8493,NaN,NaN,NaN,NaN
1978-06-09T08:00:00,10,spray-16,1200,400,6.3300,98.75,0.00,2352,392,1595,0.2458,1203,NaN,NaN,NaN,NaN,8840,NaN,NaN,NaN,NaN
1978-06-09T08:00:00,1,dv-dtn,1200,400,6.1350,98.00,98.50,2384,1362,1851,0.7358,344,644,619,143,2,1432,622,183,7.324,4.512
1978-06-09T08:00:00,11,dv-dtn,1200,400,6.2858,97.67,97.75,2386,1303,1844,0.7066,403,403,827,137,1,1272,687,220,8.241,4.988
1978-06-09T08:00:00,1,dv-dtn-digest-batch,1200,400,6.1350,98.00,98.50,2383,2032,2130,0.9540,10,1808,0,74,14,1105,617,146,7.324,6.196
1978-06-09T08:00:00,11,dv-dtn-digest-batch,1200,400,6.2858,97.67,97.75,2388,1915,2090,0.9163,25,1660,0,108,42,1627,683,191,8.241,6.966
1978-06-09T08:00:00,1,dv-dtn-reactive,1200,400,6.1350,98.00,31.42,2384,935,1740,0.5374,666,539,331,139,0,83,23622,331,5.534,3.995
1978-06-09T08:00:00,11,dv-dtn-reactive,1200,400,6.2858,97.67,26.33,2389,811,1709,0.4745,785,447,298,113,0,89,27780,269,5.594,4.032
1978-06-09T08:00:00,1,dv-dtn-link-state,1200,400,6.1350,98.00,35.08,2384,896,1779,0.5037,882,653,164,1,0,1,36061,0,3.137,2.530
1978-06-09T08:00:00,11,dv-dtn-link-state,1200,400,6.2858,97.67,28.00,2389,804,1725,0.4661,920,530,226,1,0,0,37712,0,3.204,2.577
1978-06-09T08:00:00,1,spray-4,1200,400,6.1350,98.00,0.00,2384,187,1520,0.1230,1333,NaN,NaN,NaN,NaN,20,NaN,NaN,NaN,NaN
1978-06-09T08:00:00,11,spray-4,1200,400,6.2858,97.67,0.00,2388,131,1507,0.0869,1376,NaN,NaN,NaN,NaN,37,NaN,NaN,NaN,NaN
1978-06-09T08:00:00,1,spray-16,1200,400,6.1350,98.00,0.00,2345,361,1566,0.2305,1205,NaN,NaN,NaN,NaN,10275,NaN,NaN,NaN,NaN
1978-06-09T08:00:00,11,spray-16,1200,400,6.2858,97.67,0.00,2344,311,1527,0.2037,1216,NaN,NaN,NaN,NaN,9614,NaN,NaN,NaN,NaN
1978-06-09T08:00:00,2,dv-dtn,1200,400,6.3892,97.92,98.50,2385,1286,1837,0.7001,380,516,687,169,2,1008,638,183,7.987,4.770
1978-06-09T08:00:00,12,dv-dtn,1200,400,6.3308,97.58,98.00,2381,1283,1831,0.7007,401,457,757,145,2,1586,602,184,7.566,4.762
1978-06-09T08:00:00,2,dv-dtn-digest-batch,1200,400,6.3892,97.92,98.50,2386,1925,2145,0.8974,21,1605,0,138,61,1259,638,162,7.987,6.737
1978-06-09T08:00:00,12,dv-dtn-digest-batch,1200,400,6.3308,97.58,98.00,2381,1957,2083,0.9395,15,1718,0,90,21,1670,601,148,7.566,6.309
1978-06-09T08:00:00,2,dv-dtn-reactive,1200,400,6.3892,97.92,25.75,2380,838,1717,0.4881,738,434,335,141,0,83,25381,345,5.495,3.894
1978-06-09T08:00:00,12,dv-dtn-reactive,1200,400,6.3308,97.58,24.42,2382,878,1705,0.5150,705,391,434,122,0,151,23966,369,5.918,4.183
1978-06-09T08:00:00,2,dv-dtn-link-state,1200,400,6.3892,97.92,26.92,2380,837,1732,0.4833,894,528,255,1,0,1,36453,0,3.254,2.659
1978-06-09T08:00:00,12,dv-dtn-link-state,1200,400,6.3308,97.58,26.50,2382,824,1738,0.4741,914,485,280,0,0,0,37600,0,3.237,2.621
1978-06-09T08:00:00,2,spray-4,1200,400,6.3892,97.92,0.00,2377,128,1508,0.0849,1380,NaN,NaN,NaN,NaN,20,NaN,NaN,NaN,NaN
1978-06-09T08:00:00,12,spray-4,1200,400,6.3308,97.58,0.00,2376,135,1516,0.0891,1381,NaN,NaN,NaN,NaN,27,NaN,NaN,NaN,NaN
1978-06-09T08:00:00,2,spray-16,1200,400,6.3892,97.92,0.00,2340,315,1523,0.2068,1208,NaN,NaN,NaN,NaN,9620,NaN,NaN,NaN,NaN
1978-06-09T08:00:00,12,spray-16,1200,400,6.3308,97.58,0.00,2331,289,1529,0.1890,1240,NaN,NaN,NaN,NaN,10065,NaN,NaN,NaN,NaN
1978-06-09T08:00:00,13,dv-dtn,1200,400,6.3033,98.08,98.33,2387,1358,1905,0.7129,422,555,712,125,0,1373,762,191,7.602,4.788
1978-06-09T08:00:00,3,dv-dtn,1200,400,5.9433,98.67,99.00,2371,1281,1826,0.7015,381,528,665,164,0,1405,478,169,7.546,4.895
1978-06-09T08:00:00,13,dv-dtn-digest-batch,1200,400,6.3033,98.08,98.33,2389,2073,2199,0.9427,17,1757,0,98,11,995,762,147,7.602,6.623
1978-06-09T08:00:00,3,dv-dtn-digest-batch,1200,400,5.9433,98.67,99.00,2372,2001,2121,0.9434,12,1736,0,102,6,1047,478,135,7.546,6.486
1978-06-09T08:00:00,13,dv-dtn-reactive,1200,400,6.3033,98.08,34.67,2382,855,1770,0.4831,770,479,303,145,0,74,25479,398,5.534,3.796
1978-06-09T08:00:00,3,dv-dtn-reactive,1200,400,5.9433,98.67,33.67,2372,860,1723,0.4991,692,434,370,171,0,66,23421,387,5.789,4.035
1978-06-09T08:00:00,13,dv-dtn-link-state,1200,400,6.3033,98.08,31.75,2382,898,1789,0.5020,888,569,276,3,0,1,36140,0,3.138,2.461
1978-06-09T08:00:00,3,dv-dtn-link-state,1200,400,5.9433,98.67,29.58,2372,840,1731,0.4853,887,566,222,4,0,0,36428,0,3.203,2.557
1978-06-09T08:00:00,13,spray-4,1200,400,6.3033,98.08,0.00,2384,184,1543,0.1192,1359,NaN,NaN,NaN,NaN,22,NaN,NaN,NaN,NaN
1978-06-09T08:00:00,3,spray-4,1200,400,5.9433,98.67,0.00,2376,157,1522,0.1032,1365,NaN,NaN,NaN,NaN,33,NaN,NaN,NaN,NaN
1978-06-09T08:00:00,13,spray-16,1200,400,6.3033,98.08,0.00,2339,397,1573,0.2524,1176,NaN,NaN,NaN,NaN,9728,NaN,NaN,NaN,NaN
1978-06-09T08:00:00,3,spray-16,1200,400,5.9433,98.67,0.00,2329,358,1560,0.2295,1202,NaN,NaN,NaN,NaN,7707,NaN,NaN,NaN,NaN
1978-06-09T08:00:00,4,dv-dtn,1200,400,6.4133,97.83,98.75,2376,1325,1832,0.7233,341,504,731,155,11,1043,571,196,7.933,4.909
1978-06-09T08:00:00,14,dv-dtn,1200,400,6.3833,98.75,98.17,2376,1419,1936,0.7330,327,590,730,186,4,755,693,196,7.972,4.645
1978-06-09T08:00:00,4,dv-dtn-digest-batch,1200,400,6.4133,97.83,98.75,2376,1923,2096,0.9175,20,1666,0,95,58,1360,554,155,7.933,6.617
1978-06-09T08:00:00,14,dv-dtn-digest-batch,1200,400,6.3833,98.75,98.17,2376,1947,2113,0.9214,9,1668,0,121,36,451,681,164,7.972,6.603
1978-06-09T08:00:00,4,dv-dtn-reactive,1200,400,6.4133,97.83,30.83,2377,798,1697,0.4702,777,474,267,122,0,55,26550,385,5.575,3.822
1978-06-09T08:00:00,14,dv-dtn-reactive,1200,400,6.3833,98.75,29.75,2377,981,1751,0.5603,662,548,371,108,0,49,23606,372,5.425,3.948
1978-06-09T08:00:00,4,dv-dtn-link-state,1200,400,6.4133,97.83,28.50,2377,822,1708,0.4813,881,569,199,5,0,0,37118,0,3.123,2.511
1978-06-09T08:00:00,14,dv-dtn-link-state,1200,400,6.3833,98.75,32.42,2378,955,1780,0.5365,823,586,308,2,0,0,33927,0,3.138,2.503
1978-06-09T08:00:00,4,spray-4,1200,400,6.4133,97.83,0.00,2375,171,1519,0.1126,1348,NaN,NaN,NaN,NaN,21,NaN,NaN,NaN,NaN
1978-06-09T08:00:00,14,spray-4,1200,400,6.3833,98.75,0.00,2376,184,1532,0.1201,1348,NaN,NaN,NaN,NaN,21,NaN,NaN,NaN,NaN
1978-06-09T08:00:00,4,spray-16,1200,400,6.4133,97.83,0.00,2340,344,1551,0.2218,1207,NaN,NaN,NaN,NaN,9306,NaN,NaN,NaN,NaN
1978-06-09T08:00:00,14,spray-16,1200,400,6.3833,98.75,0.00,2338,398,1565,0.2543,1167,NaN,NaN,NaN,NaN,9286,NaN,NaN,NaN,NaN
1978-06-09T08:00:00,5,dv-dtn,1200,400,6.4725,99.00,99.17,2384,1183,1799,0.6576,480,571,531,136,0,1804,637,180,7.785,4.479
1978-06-09T08:00:00,15,dv-dtn,1200,400,6.2992,97.92,98.75,2383,1270,1843,0.6891,438,513,653,130,5,1695,987,243,7.771,4.676
1978-06-09T08:00:00,15,dv-dtn-digest-batch,1200,400,6.2992,97.92,98.75,2383,2048,2178,0.9403,17,1722,0,87,26,837,987,200,7.771,6.663
1978-06-09T08:00:00,5,dv-dtn-digest-batch,1200,400,6.4725,99.00,99.17,2385,2095,2213,0.9467,12,1799,0,89,17,217,629,124,7.785,6.870
1978-06-09T08:00:00,15,dv-dtn-reactive,1200,400,6.2992,97.92,34.25,2387,875,1723,0.5078,724,438,369,124,0,34,26502,291,5.516,4.061
1978-06-09T08:00:00,5,dv-dtn-reactive,1200,400,6.4725,99.00,26.75,2381,845,1698,0.4976,723,493,299,130,0,75,25920,313,5.411,3.792
1978-06-09T08:00:00,15,dv-dtn-link-state,1200,400,6.2992,97.92,29.50,2387,852,1767,0.4822,912,578,217,3,0,0,37002,0,3.217,2.623
1978-06-09T08:00:00,5,dv-dtn-link-state,1200,400,6.4725,99.00,28.67,2381,799,1722,0.4640,917,575,179,6,0,5,37036,0,3.089,2.408
1978-06-09T08:00:00,15,spray-4,1200,400,6.2992,97.92,0.00,2385,152,1533,0.0992,1381,NaN,NaN,NaN,NaN,33,NaN,NaN,NaN,NaN
1978-06-09T08:00:00,5,spray-4,1200,400,6.4725,99.00,0.00,2386,183,1527,0.1198,1344,NaN,NaN,NaN,NaN,27,NaN,NaN,NaN,NaN
1978-06-09T08:00:00,15,spray-16,1200,400,6.2992,97.92,0.00,2347,334,1555,0.2148,1221,NaN,NaN,NaN,NaN,8804,NaN,NaN,NaN,NaN
1978-06-09T08:00:00,5,spray-16,1200,400,6.4725,99.00,0.00,2344,373,1565,0.2383,1192,NaN,NaN,NaN,NaN,9687,NaN,NaN,NaN,NaN
1978-06-09T08:00:00,16,dv-dtn,1200,400,6.1817,96.33,95.67,2386,1431,1875,0.7632,347,605,739,97,0,1644,1176,212,6.907,4.528
1978-06-09T08:00:00,6,dv-dtn,1200,400,6.0683,96.33,96.67,2381,1337,1825,0.7326,370,552,699,118,0,1507,1201,142,7.122,4.878
1978-06-09T08:00:00,16,dv-dtn-digest-batch,1200,400,6.1817,96.33,95.67,2386,2076,2178,0.9532,20,1873,0,70,12,406,1176,182,6.907,5.824
1978-06-09T08:00:00,6,dv-dtn-digest-batch,1200,400,6.0683,96.33,96.67,2382,2116,2207,0.9588,20,1893,0,70,1,243,1201,106,7.122,6.133
1978-06-09T08:00:00,16,dv-dtn-reactive,1200,400,6.1817,96.33,24.08,2383,990,1778,0.5568,663,533,403,125,0,64,24053,342,5.649,4.149
1978-06-09T08:00:00,6,dv-dtn-reactive,1200,400,6.0683,96.33,29.17,2383,906,1758,0.5154,717,500,346,135,0,119,24027,265,5.692,4.280
1978-06-09T08:00:00,16,dv-dtn-link-state,1200,400,6.1817,96.33,30.33,2383,930,1802,0.5161,869,647,232,3,0,4,34958,0,3.239,2.640
1978-06-09T08:00:00,6,dv-dtn-link-state,1200,400,6.0683,96.33,30.58,2385,833,1777,0.4688,940,597,184,4,0,0,37117,0,3.178,2.537
1978-06-09T08:00:00,16,spray-4,1200,400,6.1817,96.33,0.00,2383,159,1566,0.1015,1407,NaN,NaN,NaN,NaN,27,NaN,NaN,NaN,NaN
1978-06-09T08:00:00,6,spray-4,1200,400,6.0683,96.33,0.00,2386,171,1552,0.1102,1381,NaN,NaN,NaN,NaN,30,NaN,NaN,NaN,NaN
1978-06-09T08:00:00,16,spray-16,1200,400,6.1817,96.33,0.00,2352,326,1576,0.2069,1250,NaN,NaN,NaN,NaN,9067,NaN,NaN,NaN,NaN
1978-06-09T08:00:00,6,spray-16,1200,400,6.0683,96.33,0.00,2361,353,1581,0.2233,1228,NaN,NaN,NaN,NaN,8858,NaN,NaN,NaN,NaN
1978-06-09T08:00:00,17,dv-dtn,1200,400,6.2417,96.33,97.42,2387,1059,1757,0.6027,536,364,650,162,0,2342,1117,220,7.776,4.724
1978-06-09T08:00:00,7,dv-dtn,1200,400,5.8575,98.83,98.92,2383,1197,1856,0.6449,448,480,645,209,2,1247,681,185,8.378,5.071
1978-06-09T08:00:00,17,dv-dtn-digest-batch,1200,400,6.2417,96.33,97.42,2386,1732,1964,0.8819,88,1498,0,135,9,3913,1107,179,7.776,6.497
1978-06-09T08:00:00,7,dv-dtn-digest-batch,1200,400,5.8575,98.83,98.92,2385,1865,2057,0.9067,39,1553,0,111,42,1763,655,146,8.378,7.086
1978-06-09T08:00:00,17,dv-dtn-reactive,1200,400,6.2417,96.33,24.58,2388,727,1661,0.4377,801,344,344,133,0,189,26205,350,5.864,3.952
1978-06-09T08:00:00,7,dv-dtn-reactive,1200,400,5.8575,98.83,27.25,2384,749,1721,0.4352,821,438,255,151,0,91,27512,339,5.859,3.973
1978-06-09T08:00:00,17,dv-dtn-link-state,1200,400,6.2417,96.33,18.17,2388,738,1673,0.4411,931,464,240,4,0,34,38395,0,3.349,2.718
1978-06-09T08:00:00,7,dv-dtn-link-state,1200,400,5.8575,98.83,24.08,2385,746,1740,0.4287,993,527,174,1,0,0,39636,0,3.183,2.563
1978-06-09T08:00:00,17,spray-4,1200,400,6.2417,96.33,0.00,2385,111,1503,0.0739,1392,NaN,NaN,NaN,NaN,25,NaN,NaN,NaN,NaN
1978-06-09T08:00:00,7,spray-4,1200,400,5.8575,98.83,0.00,2383,134,1531,0.0875,1397,NaN,NaN,NaN,NaN,19,NaN,NaN,NaN,NaN
1978-06-09T08:00:00,17,spray-16,1200,400,6.2417,96.33,0.00,2359,247,1511,0.1635,1264,NaN,NaN,NaN,NaN,9356,NaN,NaN,NaN,NaN
1978-06-09T08:00:00,7,spray-16,1200,400,5.8575,98.83,0.00,2358,314,1564,0.2008,1250,NaN,NaN,NaN,NaN,8033,NaN,NaN,NaN,NaN
1978-06-09T08:00:00,18,dv-dtn,1200,400,5.9850,97.92,97.08,2391,1073,1723,0.6228,534,467,538,116,0,2189,1197,230,8.082,4.812
1978-06-09T08:00:00,8,dv-dtn,1200,400,6.3200,99.25,99.67,2378,1254,1795,0.6986,383,464,710,158,0,1586,744,201,7.876,4.993
1978-06-09T08:00:00,18,dv-dtn-digest-batch,1200,400,5.9850,97.92,97.08,2390,1815,2034,0.8923,137,1616,0,67,15,3334,1180,209,8.082,6.626
1978-06-09T08:00:00,8,dv-dtn-digest-batch,1200,400,6.3200,99.25,99.67,2378,1806,2034,0.8879,90,1552,0,127,11,3539,744,171,7.876,6.548
1978-06-09T08:00:00,18,dv-dtn-reactive,1200,400,5.9850,97.92,21.75,2387,724,1681,0.4307,855,417,259,102,0,190,28472,294,5.771,3.946
1978-06-09T08:00:00,8,dv-dtn-reactive,1200,400,6.3200,99.25,33.17,2382,768,1668,0.4604,777,417,281,123,0,125,26010,276,5.688,4.083
1978-06-09T08:00:00,18,dv-dtn-link-state,1200,400,5.9850,97.92,21.83,2387,690,1690,0.4083,1000,526,125,0,0,14,39809,0,3.158,2.535
1978-06-09T08:00:00,8,dv-dtn-link-state,1200,400,6.3200,99.25,26.67,2382,788,1709,0.4611,916,509,225,5,0,3,37099,0,3.216,2.586
1978-06-09T08:00:00,18,spray-4,1200,400,5.9850,97.92,0.00,2389,149,1524,0.0978,1375,NaN,NaN,NaN,NaN,33,NaN,NaN,NaN,NaN
1978-06-09T08:00:00,8,spray-4,1200,400,6.3200,99.25,0.00,2378,116,1483,0.0782,1367,NaN,NaN,NaN,NaN,22,NaN,NaN,NaN,NaN
1978-06-09T08:00:00,18,spray-16,1200,400,5.9850,97.92,0.00,2358,276,1542,0.1790,1266,NaN,NaN,NaN,NaN,8316,NaN,NaN,NaN,NaN
1978-06-09T08:00:00,8,spray-16,1200,400,6.3200,99.25,0.00,2335,304,1509,0.2015,1205,NaN,NaN,NaN,NaN,9367,NaN,NaN,NaN,NaN
1978-06-09T08:00:00,19,dv-dtn,1200,400,5.9750,97.00,97.33,2370,1005,1794,0.5602,628,425,497,160,1,2053,706,220,8.399,4.852
1978-06-09T08:00:00,9,dv-dtn,1200,400,6.3325,98.08,98.50,2380,1386,1868,0.7420,368,648,659,113,1,1280,521,153,7.289,4.485
1978-06-09T08:00:00,19,dv-dtn-digest-batch,1200,400,5.9750,97.00,97.33,2371,1874,2121,0.8835,108,1590,0,119,20,2777,706,177,8.399,6.933
1978-06-09T08:00:00,9,dv-dtn-digest-batch,1200,400,6.3325,98.08,98.50,2380,2075,2158,0.9615,25,1781,0,55,3,1221,521,128,7.289,6.280
1978-06-09T08:00:00,19,dv-dtn-reactive,1200,400,5.9750,97.00,22.33,2379,689,1684,0.4091,894,374,262,101,0,79,29557,282,5.844,3.993
1978-06-09T08:00:00,9,dv-dtn-reactive,1200,400,6.3325,98.08,29.58,2375,974,1759,0.5537,681,563,338,104,0,89,24702,404,5.089,3.868
1978-06-09T08:00:00,19,dv-dtn-link-state,1200,400,5.9750,97.00,23.67,2379,652,1704,0.3826,1050,456,152,2,0,0,41277,0,3.244,2.609
1978-06-09T08:00:00,9,dv-dtn-link-state,1200,400,6.3325,98.08,32.33,2375,1018,1804,0.5643,785,653,303,1,0,6,32560,0,3.151,2.498
1978-06-09T08:00:00,19,spray-4,1200,400,5.9750,97.00,0.00,2378,127,1512,0.0840,1385,NaN,NaN,NaN,NaN,25,NaN,NaN,NaN,NaN
1978-06-09T08:00:00,9,spray-4,1200,400,6.3325,98.08,0.00,2377,199,1544,0.1289,1345,NaN,NaN,NaN,NaN,32,NaN,NaN,NaN,NaN
1978-06-09T08:00:00,19,spray-16,1200,400,5.9750,97.00,0.00,2336,249,1534,0.1623,1285,NaN,NaN,NaN,NaN,9017,NaN,NaN,NaN,NaN
1978-06-09T08:00:00,9,spray-16,1200,400,6.3325,98.08,0.00,2344,425,1587,0.2678,1162,NaN,NaN,NaN,NaN,8820,NaN,NaN,NaN,NaN
1978-06-09T04:00:00,0,dv-dtn,1200,400,6.1383,97.75,98.08,2377,1601,1937,0.8265,218,653,857,118,0,607,825,183,6.793,4.499
1978-06-09T04:00:00,10,dv-dtn,1200,400,6.3400,99.08,99.08,2389,1499,1950,0.7687,268,615,761,180,3,872,604,209,7.427,4.619
1978-06-09T04:00:00,0,dv-dtn-digest-batch,1200,400,6.1383,97.75,98.08,2377,1990,2150,0.9256,56,1770,0,95,9,1212,825,159,6.793,5.548
1978-06-09T04:00:00,10,dv-dtn-digest-batch,1200,400,6.3400,99.08,99.08,2389,2034,2171,0.9369,11,1774,0,102,24,634,604,190,7.427,6.189
1978-06-09T04:00:00,0,dv-dtn-reactive,1200,400,6.1383,97.75,25.83,2378,1136,1792,0.6339,539,609,455,117,0,70,20392,354,5.223,3.968
1978-06-09T04:00:00,10,dv-dtn-reactive,1200,400,6.3400,99.08,35.92,2388,995,1793,0.5549,672,562,366,126,0,37,23352,316,5.645,4.105
1978-06-09T04:00:00,0,dv-dtn-link-state,1200,400,6.1383,97.75,34.58,2378,1067,1815,0.5879,744,657,351,4,0,0,30933,0,3.161,2.515
1978-06-09T04:00:00,10,dv-dtn-link-state,1200,400,6.3400,99.08,33.25,2388,932,1818,0.5127,884,639,239,2,0,0,35231,0,3.109,2.470
1978-06-09T04:00:00,0,spray-4,1200,400,6.1383,97.75,0.00,2375,200,1532,0.1305,1332,NaN,NaN,NaN,NaN,18,NaN,NaN,NaN,NaN
1978-06-09T04:00:00,10,spray-4,1200,400,6.3400,99.08,0.00,2384,180,1559,0.1155,1379,NaN,NaN,NaN,NaN,21,NaN,NaN,NaN,NaN
1978-06-09T04:00:00,0,spray-16,1200,400,6.1383,97.75,0.00,2336,459,1582,0.2901,1123,NaN,NaN,NaN,NaN,8497,NaN,NaN,NaN,NaN
1978-06-09T04:00:00,10,spray-16,1200,400,6.3400,99.08,0.00,2357,380,1595,0.2382,1215,NaN,NaN,NaN,NaN,9685,NaN,NaN,NaN,NaN
1978-06-09T04:00:00,1,dv-dtn,1200,400,6.2075,97.75,98.83,2384,1329,1846,0.7199,350,599,635,166,1,1550,580,198,7.307,4.572
1978-06-09T04:00:00,11,dv-dtn,1200,400,6.2733,98.25,97.58,2388,1251,1802,0.6942,430,457,711,115,6,1572,741,202,8.460,5.030
1978-06-09T04:00:00,1,dv-dtn-digest-batch,1200,400,6.2075,97.75,98.83,2384,2025,2137,0.9476,8,1835,0,91,13,711,580,180,7.307,6.004
1978-06-09T04:00:00,11,dv-dtn-digest-batch,1200,400,6.2733,98.25,97.58,2387,1944,2093,0.9288,13,1698,0,90,46,687,741,181,8.460,6.998
1978-06-09T04:00:00,1,dv-dtn-reactive,1200,400,6.2075,97.75,24.42,2384,942,1738,0.5420,663,543,333,133,0,92,23522,406,5.507,3.878
1978-06-09T04:00:00,11,dv-dtn-reactive,1200,400,6.2733,98.25,37.42,2390,800,1691,0.4731,804,429,321,87,0,97,28549,344,5.472,3.909
1978-06-09T04:00:00,1,dv-dtn-link-state,1200,400,6.2075,97.75,32.50,2384,933,1786,0.5224,852,635,227,1,0,4,35476,0,3.164,2.616
1978-06-09T04:00:00,11,dv-dtn-link-state,1200,400,6.2733,98.25,26.67,2390,791,1726,0.4583,934,523,224,1,0,19,38172,0,3.205,2.551
1978-06-09T04:00:00,1,spray-4,1200,400,6.2075,97.75,0.00,2385,174,1509,0.1153,1335,NaN,NaN,NaN,NaN,25,NaN,NaN,NaN,NaN
1978-06-09T04:00:00,11,spray-4,1200,400,6.2733,98.25,0.00,2390,137,1512,0.0906,1375,NaN,NaN,NaN,NaN,20,NaN,NaN,NaN,NaN
1978-06-09T04:00:00,1,spray-16,1200,400,6.2075,97.75,0.00,2341,349,1551,0.2250,1202,NaN,NaN,NaN,NaN,10146,NaN,NaN,NaN,NaN
1978-06-09T04:00:00,11,spray-16,1200,400,6.2733,98.25,0.00,2348,309,1524,0.2028,1215,NaN,NaN,NaN,NaN,8953,NaN,NaN,NaN,NaN
1978-06-09T04:00:00,2,dv-dtn,1200,400,6.3067,97.83,97.58,2386,1202,1807,0.6652,421,531,602,181,3,1237,745,270,8.089,4.601
1978-06-09T04:00:00,12,dv-dtn,1200,400,6.3208,96.50,96.67,2379,1327,1836,0.7228,392,486,754,116,1,1830,523,184,7.553,4.674
1978-06-09T04:00:00,2,dv-dtn-digest-batch,1200,400,6.3067,97.83,97.58,2386,1871,2085,0.8974,28,1592,0,123,63,1645,745,233,8.089,6.779
1978-06-09T04:00:00,12,dv-dtn-digest-batch,1200,400,6.3208,96.50,96.67,2381,1982,2074,0.9556,6,1750,0,72,14,1975,511,154,7.553,6.424
1978-06-09T04:00:00,2,dv-dtn-reactive,1200,400,6.3067,97.83,25.00,2380,808,1686,0.4792,765,444,311,113,0,140,26462,354,5.455,3.887
1978-06-09T04:00:00,12,dv-dtn-reactive,1200,400,6.3208,96.50,24.00,2381,881,1715,0.5137,709,430,395,125,0,140,24754,375,5.768,4.065
1978-06-09T04:00:00,2,dv-dtn-link-state,1200,400,6.3067,97.83,27.00,2380,815,1715,0.4752,897,559,203,3,0,5,36233,0,3.274,2.674
1978-06-09T04:00:00,12,dv-dtn-link-state,1200,400,6.3208,96.50,26.25,2382,855,1742,0.4908,887,546,247,0,0,22,36668,0,3.219,2.618
1978-06-09T04:00:00,2,spray-4,1200,400,6.3067,97.83,0.00,2383,148,1510,0.0980,1362,NaN,NaN,NaN,NaN,23,NaN,NaN,NaN,NaN
1978-06-09T04:00:00,12,spray-4,1200,400,6.3208,96.50,0.00,2379,126,1509,0.0835,1383,NaN,NaN,NaN,NaN,16,NaN,NaN,NaN,NaN
1978-06-09T04:00:00,2,spray-16,1200,400,6.3067,97.83,0.00,2338,309,1538,0.2009,1229,NaN,NaN,NaN,NaN,10153,NaN,NaN,NaN,NaN
1978-06-09T04:00:00,12,spray-16,1200,400,6.3208,96.50,0.00,2327,295,1530,0.1928,1235,NaN,NaN,NaN,NaN,10284,NaN,NaN,NaN,NaN
1978-06-09T04:00:00,3,dv-dtn,1200,400,5.9867,98.50,98.67,2371,1246,1791,0.6957,409,543,621,134,2,1616,404,202,7.585,4.832
1978-06-09T04:00:00,13,dv-dtn,1200,400,6.3383,98.75,98.92,2388,1282,1874,0.6841,449,532,673,143,0,1596,661,177,7.632,4.655
1978-06-09T04:00:00,3,dv-dtn-digest-batch,1200,400,5.9867,98.50,98.67,2371,2033,2135,0.9522,16,1763,0,82,4,988,404,163,7.585,6.589
1978-06-09T04:00:00,13,dv-dtn-digest-batch,1200,400,6.3383,98.75,98.92,2389,2044,2173,0.9406,22,1727,0,91,16,1505,661,136,7.632,6.731
1978-06-09T04:00:00,3,dv-dtn-reactive,1200,400,5.9867,98.50,28.00,2372,856,1698,0.5041,686,487,323,156,0,83,23738,320,5.706,4.063
1978-06-09T04:00:00,13,dv-dtn-reactive,1200,400,6.3383,98.75,28.25,2382,929,1777,0.5228,735,470,379,113,0,48,25657,285,5.528,4.254
1978-06-09T04:00:00,3,dv-dtn-link-state,1200,400,5.9867,98.50,26.58,2372,805,1703,0.4727,891,526,215,7,0,4,36815,0,3.213,2.507
1978-06-09T04:00:00,13,dv-dtn-link-state,1200,400,6.3383,98.75,32.08,2382,870,1781,0.4885,910,580,228,1,0,1,36846,0,3.124,2.461
1978-06-09T04:00:00,3,spray-4,1200,400,5.9867,98.50,0.00,2375,165,1515,0.1089,1350,NaN,NaN,NaN,NaN,16,NaN,NaN,NaN,NaN
1978-06-09T04:00:00,13,spray-4,1200,400,6.3383,98.75,0.00,2374,172,1542,0.1115,1370,NaN,NaN,NaN,NaN,23,NaN,NaN,NaN,NaN
1978-06-09T04:00:00,3,spray-16,1200,400,5.9867,98.50,0.00,2340,342,1536,0.2227,1194,NaN,NaN,NaN,NaN,7816,NaN,NaN,NaN,NaN
1978-06-09T04:00:00,13,spray-16,1200,400,6.3383,98.75,0.00,2348,379,1581,0.2397,1202,NaN,NaN,NaN,NaN,9779,NaN,NaN,NaN,NaN
1978-06-09T04:00:00,4,dv-dtn,1200,400,6.3883,97.42,98.33,2376,1338,1810,0.7392,307,520,724,158,7,1052,548,217,7.715,5.013
1978-06-09T04:00:00,14,dv-dtn,1200,400,6.3775,99.17,99.42,2376,1368,1917,0.7136,347,550,735,199,3,930,631,226,7.914,4.498
1978-06-09T04:00:00,4,dv-dtn-digest-batch,1200,400,6.3883,97.42,98.33,2376,1899,2063,0.9205,29,1648,0,101,34,2131,547,184,7.715,6.513
1978-06-09T04:00:00,14,dv-dtn-digest-batch,1200,400,6.3775,99.17,99.42,2376,1919,2116,0.9069,10,1663,0,145,42,631,631,182,7.914,6.555
1978-06-09T04:00:00,4,dv-dtn-reactive,1200,400,6.3883,97.42,30.83,2376,844,1690,0.4994,718,467,325,128,0,76,24789,465,5.531,3.986
1978-06-09T04:00:00,14,dv-dtn-reactive,1200,400,6.3775,99.17,22.17,2378,940,1735,0.5418,693,519,357,102,0,37,25054,315,5.343,3.891
1978-06-09T04:00:00,4,dv-dtn-link-state,1200,400,6.3883,97.42,25.67,2377,836,1707,0.4897,864,563,229,7,0,24,36281,0,3.140,2.505
1978-06-09T04:00:00,14,dv-dtn-link-state,1200,400,6.3775,99.17,30.33,2378,936,1772,0.5282,836,600,293,0,0,0,34356,0,3.129,2.529
1978-06-09T04:00:00,4,spray-4,1200,400,6.3883,97.42,0.00,2375,164,1507,0.1088,1343,NaN,NaN,NaN,NaN,17,NaN,NaN,NaN,NaN
1978-06-09T04:00:00,14,spray-4,1200,400,6.3775,99.17,0.00,2379,169,1521,0.1111,1352,NaN,NaN,NaN,NaN,27,NaN,NaN,NaN,NaN
1978-06-09T04:00:00,4,spray-16,1200,400,6.3883,97.42,0.00,2340,370,1544,0.2396,1174,NaN,NaN,NaN,NaN,9680,NaN,NaN,NaN,NaN
1978-06-09T04:00:00,14,spray-16,1200,400,6.3775,99.17,0.00,2335,391,1564,0.2500,1173,NaN,NaN,NaN,NaN,9246,NaN,NaN,NaN,NaN
1978-06-09T04:00:00,5,dv-dtn,1200,400,6.5092,98.58,98.75,2383,1195,1800,0.6639,454,553,577,150,1,1729,702,226,7.798,4.517
1978-06-09T04:00:00,15,dv-dtn,1200,400,6.2675,98.50,97.33,2382,1246,1819,0.6850,440,533,646,130,3,1631,749,208,7.830,4.527
1978-06-09T04:00:00,5,dv-dtn-digest-batch,1200,400,6.5092,98.58,98.75,2385,2076,2176,0.9540,18,1814,0,73,9,370,705,189,7.798,6.847
1978-06-09T04:00:00,15,dv-dtn-digest-batch,1200,400,6.2675,98.50,97.33,2383,2051,2176,0.9426,14,1733,0,85,26,897,749,176,7.830,6.630
1978-06-09T04:00:00,5,dv-dtn-reactive,1200,400,6.5092,98.58,27.42,2381,855,1715,0.4985,745,498,297,115,0,34,26397,364,5.419,3.823
1978-06-09T04:00:00,15,dv-dtn-reactive,1200,400,6.2675,98.50,20.67,2387,845,1708,0.4947,719,462,328,144,0,91,24948,379,5.607,4.077
1978-06-09T04:00:00,15,dv-dtn-link-state,1200,400,6.2675,98.50,27.00,2387,818,1745,0.4688,926,615,160,1,0,0,37125,0,3.165,2.560
1978-06-09T04:00:00,5,dv-dtn-link-state,1200,400,6.5092,98.58,28.00,2381,793,1740,0.4557,941,550,190,6,0,0,37676,0,3.077,2.416
1978-06-09T04:00:00,15,spray-4,1200,400,6.2675,98.50,0.00,2381,163,1534,0.1063,1371,NaN,NaN,NaN,NaN,35,NaN,NaN,NaN,NaN
1978-06-09T04:00:00,5,spray-4,1200,400,6.5092,98.58,0.00,2381,184,1536,0.1198,1352,NaN,NaN,NaN,NaN,25,NaN,NaN,NaN,NaN
1978-06-09T04:00:00,15,spray-16,1200,400,6.2675,98.50,0.00,2340,346,1558,0.2221,1212,NaN,NaN,NaN,NaN,8754,NaN,NaN,NaN,NaN
1978-06-09T04:00:00,5,spray-16,1200,400,6.5092,98.58,0.00,2333,380,1564,0.2430,1184,NaN,NaN,NaN,NaN,9196,NaN,NaN,NaN,NaN
1978-06-09T04:00:00,16,dv-dtn,1200,400,6.2267,95.00,95.58,2386,1502,1890,0.7947,309,596,823,79,0,1127,1348,179,7.043,4.680
1978-06-09T04:00:00,6,dv-dtn,1200,400,6.1042,98.67,98.58,2380,1353,1854,0.7298,386,574,681,114,1,1596,1279,151,7.154,4.795
1978-06-09T04:00:00,16,dv-dtn-digest-batch,1200,400,6.2267,95.00,95.58,2386,2114,2198,0.9618,30,1863,0,51,3,205,1374,149,7.043,5.969
1978-06-09T04:00:00,6,dv-dtn-digest-batch,1200,400,6.1042,98.67,98.58,2382,2082,2196,0.9481,26,1882,0,85,3,243,1279,126,7.154,6.112
1978-06-09T04:00:00,16,dv-dtn-reactive,1200,400,6.2267,95.00,33.75,2383,970,1769,0.5483,688,530,380,111,0,97,23501,349,5.669,4.304
1978-06-09T04:00:00,6,dv-dtn-reactive,1200,400,6.1042,98.67,28.33,2385,892,1753,0.5088,731,526,287,130,0,101,23715,404,5.720,4.080
1978-06-09T04:00:00,16,dv-dtn-link-state,1200,400,6.2267,95.00,27.92,2383,885,1787,0.4952,898,636,183,4,0,17,35627,0,3.230,2.667
1978-06-09T04:00:00,6,dv-dtn-link-state,1200,400,6.1042,98.67,31.75,2385,866,1792,0.4833,922,630,165,4,0,12,36898,0,3.219,2.562
1978-06-09T04:00:00,16,spray-4,1200,400,6.2267,95.00,0.00,2385,140,1552,0.0902,1412,NaN,NaN,NaN,NaN,20,NaN,NaN,NaN,NaN
1978-06-09T04:00:00,6,spray-4,1200,400,6.1042,98.67,0.00,2388,162,1548,0.1047,1386,NaN,NaN,NaN,NaN,20,NaN,NaN,NaN,NaN
1978-06-09T04:00:00,16,spray-16,1200,400,6.2267,95.00,0.00,2348,319,1575,0.2025,1256,NaN,NaN,NaN,NaN,8749,NaN,NaN,NaN,NaN
1978-06-09T04:00:00,6,spray-16,1200,400,6.1042,98.67,0.00,2355,339,1590,0.2132,1251,NaN,NaN,NaN,NaN,9054,NaN,NaN,NaN,NaN
1978-06-09T04:00:00,17,dv-dtn,1200,400,6.2342,97.83,98.58,2386,925,1691,0.5470,535,409,463,230,1,2181,966,280,8.531,4.671
1978-06-09T04:00:00,7,dv-dtn,1200,400,5.9150,98.75,99.33,2385,1224,1861,0.6577,421,477,675,213,3,1123,751,170,8.291,5.207
1978-06-09T04:00:00,17,dv-dtn-digest-batch,1200,400,6.2342,97.83,98.58,2380,1576,1841,0.8561,66,1373,0,158,41,3576,967,239,8.531,6.734
1978-06-09T04:00:00,7,dv-dtn-digest-batch,1200,400,5.9150,98.75,99.33,2385,1932,2112,0.9148,16,1613,0,140,24,1138,743,132,8.291,7.238
1978-06-09T04:00:00,17,dv-dtn-reactive,1200,400,6.2342,97.83,17.83,2388,632,1614,0.3916,850,355,240,132,0,178,28560,328,5.779,3.785
1978-06-09T04:00:00,7,dv-dtn-reactive,1200,400,5.9150,98.75,28.92,2385,796,1735,0.4588,793,425,310,146,0,62,27227,402,5.744,4.103
1978-06-09T04:00:00,17,dv-dtn-link-state,1200,400,6.2342,97.83,14.50,2388,651,1628,0.3999,976,428,187,1,0,14,40289,0,3.276,2.602
1978-06-09T04:00:00,7,dv-dtn-link-state,1200,400,5.9150,98.75,26.58,2385,764,1750,0.4366,985,526,179,1,0,0,39150,0,3.190,2.580
1978-06-09T04:00:00,17,spray-4,1200,400,6.2342,97.83,0.00,2385,99,1493,0.0663,1394,NaN,NaN,NaN,NaN,18,NaN,NaN,NaN,NaN
1978-06-09T04:00:00,7,spray-4,1200,400,5.9150,98.75,0.00,2390,158,1546,0.1022,1388,NaN,NaN,NaN,NaN,72,NaN,NaN,NaN,NaN
1978-06-09T04:00:00,17,spray-16,1200,400,6.2342,97.83,0.00,2349,231,1501,0.1539,1270,NaN,NaN,NaN,NaN,9390,NaN,NaN,NaN,NaN
1978-06-09T04:00:00,7,spray-16,1200,400,5.9150,98.75,0.00,2355,322,1583,0.2034,1261,NaN,NaN,NaN,NaN,8800,NaN,NaN,NaN,NaN
1978-06-09T04:00:00,18,dv-dtn,1200,400,5.9792,98.00,97.17,2392,1128,1723,0.6547,475,401,663,119,1,1987,1197,278,8.204,5.017
1978-06-09T04:00:00,8,dv-dtn,1200,400,6.2258,99.00,99.17,2378,1143,1757,0.6505,442,428,643,171,1,1601,659,226,7.962,5.003
1978-06-09T04:00:00,18,dv-dtn-digest-batch,1200,400,5.9792,98.00,97.17,2392,1786,2039,0.8759,142,1568,0,100,11,2800,1184,227,8.204,6.736
1978-06-09T04:00:00,8,dv-dtn-digest-batch,1200,400,6.2258,99.00,99.17,2379,1763,2045,0.8621,127,1473,0,143,12,3348,658,208,7.962,6.680
1978-06-09T04:00:00,18,dv-dtn-reactive,1200,400,5.9792,98.00,17.92,2387,698,1646,0.4241,851,403,245,97,0,149,28109,301,5.784,3.968
1978-06-09T04:00:00,8,dv-dtn-reactive,1200,400,6.2258,99.00,27.25,2382,739,1656,0.4463,784,385,309,133,0,101,26673,353,5.804,4.256
1978-06-09T04:00:00,18,dv-dtn-link-state,1200,400,5.9792,98.00,22.17,2387,690,1686,0.4093,996,454,188,0,0,5,40070,0,3.178,2.583
1978-06-09T04:00:00,8,dv-dtn-link-state,1200,400,6.2258,99.00,22.75,2382,753,1682,0.4477,921,415,291,8,0,20,37239,0,3.243,2.695
1978-06-09T04:00:00,18,spray-4,1200,400,5.9792,98.00,0.00,2388,157,1529,0.1027,1372,NaN,NaN,NaN,NaN,27,NaN,NaN,NaN,NaN
1978-06-09T04:00:00,8,spray-4,1200,400,6.2258,99.00,0.00,2379,113,1470,0.0769,1357,NaN,NaN,NaN,NaN,24,NaN,NaN,NaN,NaN
1978-06-09T04:00:00,18,spray-16,1200,400,5.9792,98.00,0.00,2357,292,1548,0.1886,1256,NaN,NaN,NaN,NaN,8134,NaN,NaN,NaN,NaN
1978-06-09T04:00:00,8,spray-16,1200,400,6.2258,99.00,0.00,2331,284,1499,0.1895,1215,NaN,NaN,NaN,NaN,9849,NaN,NaN,NaN,NaN
1978-06-09T04:00:00,19,dv-dtn,1200,400,6.0183,98.00,98.75,2369,1009,1780,0.5669,600,408,527,168,3,2114,784,257,8.465,4.954
1978-06-09T04:00:00,9,dv-dtn,1200,400,6.3675,97.92,98.33,2381,1344,1862,0.7218,419,662,605,98,1,1499,602,187,7.173,4.350
1978-06-09T04:00:00,19,dv-dtn-digest-batch,1200,400,6.0183,98.00,98.75,2370,1870,2106,0.8879,114,1557,0,107,15,2807,784,204,8.465,7.112
1978-06-09T04:00:00,9,dv-dtn-digest-batch,1200,400,6.3675,97.92,98.33,2380,2041,2126,0.9600,21,1819,0,60,4,1528,602,144,7.173,6.021
1978-06-09T04:00:00,19,dv-dtn-reactive,1200,400,6.0183,98.00,22.50,2379,688,1687,0.4078,864,371,266,135,0,140,29059,252,5.931,4.135
1978-06-09T04:00:00,9,dv-dtn-reactive,1200,400,6.3675,97.92,34.67,2375,967,1758,0.5501,687,527,377,104,0,101,24251,327,5.267,3.865
1978-06-09T04:00:00,19,dv-dtn-link-state,1200,400,6.0183,98.00,25.17,2379,662,1706,0.3880,1043,440,190,1,0,0,41477,0,3.243,2.644
1978-06-09T04:00:00,9,dv-dtn-link-state,1200,400,6.3675,97.92,32.00,2375,1016,1810,0.5613,793,652,296,1,0,24,32390,0,3.140,2.522
1978-06-09T04:00:00,19,spray-4,1200,400,6.0183,98.00,0.00,2377,125,1520,0.0822,1395,NaN,NaN,NaN,NaN,37,NaN,NaN,NaN,NaN
1978-06-09T04:00:00,9,spray-4,1200,400,6.3675,97.92,0.00,2377,195,1539,0.1267,1344,NaN,NaN,NaN,NaN,20,NaN,NaN,NaN,NaN
1978-06-09T04:00:00,19,spray-16,1200,400,6.0183,98.00,0.00,2337,257,1540,0.1669,1283,NaN,NaN,NaN,NaN,8888,NaN,NaN,NaN,NaN
1978-06-09T04:00:00,9,spray-16,1200,400,6.3675,97.92,0.00,2339,416,1568,0.2653,1152,NaN,NaN,NaN,NaN,8732,NaN,NaN,NaN,NaN
1978-06-09T03:00:00,0,dv-dtn,1200,400,6.1000,97.58,98.17,2376,1661,1944,0.8544,178,635,939,104,1,444,849,167,6.767,4.642
1978-06-09T03:00:00,10,dv-dtn,1200,400,6.3200,99.17,99.25,2388,1477,1945,0.7594,294,675,692,172,2,941,672,204,7.402,4.603
1978-06-09T03:00:00,0,dv-dtn-digest-batch,1200,400,6.1000,97.58,98.17,2377,2038,2165,0.9413,37,1815,0,78,12,954,849,143,6.767,5.644
1978-06-09T03:00:00,10,dv-dtn-digest-batch,1200,400,6.3200,99.17,99.25,2388,2041,2173,0.9393,10,1802,0,100,22,913,672,175,7.402,6.203
1978-06-09T03:00:00,0,dv-dtn-reactive,1200,400,6.1000,97.58,29.75,2378,1150,1787,0.6435,525,679,390,112,0,47,20798,365,5.165,4.018
1978-06-09T03:00:00,10,dv-dtn-reactive,1200,400,6.3200,99.17,28.00,2388,1005,1795,0.5599,665,577,351,125,0,38,24082,395,5.467,4.016
1978-06-09T03:00:00,0,dv-dtn-link-state,1200,400,6.1000,97.58,36.58,2378,1094,1830,0.5978,734,788,236,2,0,0,30538,0,3.155,2.530
1978-06-09T03:00:00,10,dv-dtn-link-state,1200,400,6.3200,99.17,30.67,2388,943,1821,0.5178,876,591,289,2,0,0,35078,0,3.093,2.456
1978-06-09T03:00:00,0,spray-4,1200,400,6.1000,97.58,0.00,2377,195,1531,0.1274,1336,NaN,NaN,NaN,NaN,29,NaN,NaN,NaN,NaN
1978-06-09T03:00:00,10,spray-4,1200,400,6.3200,99.17,0.00,2387,177,1552,0.1140,1375,NaN,NaN,NaN,NaN,21,NaN,NaN,NaN,NaN
1978-06-09T03:00:00,0,spray-16,1200,400,6.1000,97.58,0.00,2335,463,1578,0.2934,1115,NaN,NaN,NaN,NaN,8229,NaN,NaN,NaN,NaN
1978-06-09T03:00:00,10,spray-16,1200,400,6.3200,99.17,0.00,2348,391,1579,0.2476,1188,NaN,NaN,NaN,NaN,9807,NaN,NaN,NaN,NaN
1978-06-09T03:00:00,1,dv-dtn,1200,400,6.2250,98.50,98.75,2384,1327,1853,0.7161,364,619,604,160,2,1564,608,216,7.332,4.473
1978-06-09T03:00:00,11,dv-dtn,1200,400,6.2758,98.42,98.17,2385,1269,1809,0.7015,417,443,752,117,6,1437,696,174,8.378,5.015
1978-06-09T03:00:00,1,dv-dtn-digest-batch,1200,400,6.2250,98.50,98.75,2385,2069,2172,0.9526,8,1874,0,75,20,525,596,164,7.332,6.089
1978-06-09T03:00:00,11,dv-dtn-digest-batch,1200,400,6.2758,98.42,98.17,2387,1984,2119,0.9363,10,1740,0,86,39,470,696,145,8.378,7.017
1978-06-09T03:00:00,1,dv-dtn-reactive,1200,400,6.2250,98.50,34.92,2384,897,1722,0.5209,696,549,277,129,0,115,24734,349,5.393,3.841
1978-06-09T03:00:00,11,dv-dtn-reactive,1200,400,6.2758,98.42,34.83,2390,779,1693,0.4601,790,428,286,124,0,104,27333,378,5.641,3.909
1978-06-09T03:00:00,1,dv-dtn-link-state,1200,400,6.2250,98.50,34.17,2384,932,1793,0.5198,861,667,195,0,0,2,35546,0,3.189,2.591
1978-06-09T03:00:00,11,dv-dtn-link-state,1200,400,6.2758,98.42,28.83,2389,811,1736,0.4672,924,549,219,1,0,6,37775,0,3.213,2.577
1978-06-09T03:00:00,1,spray-4,1200,400,6.2250,98.50,0.00,2382,173,1514,0.1143,1341,NaN,NaN,NaN,NaN,46,NaN,NaN,NaN,NaN
1978-06-09T03:00:00,11,spray-4,1200,400,6.2758,98.42,0.00,2388,138,1509,0.0915,1371,NaN,NaN,NaN,NaN,30,NaN,NaN,NaN,NaN
1978-06-09T03:00:00,1,spray-16,1200,400,6.2250,98.50,0.00,2350,347,1555,0.2232,1208,NaN,NaN,NaN,NaN,10401,NaN,NaN,NaN,NaN
1978-06-09T03:00:00,11,spray-16,1200,400,6.2758,98.42,0.00,2355,315,1535,0.2052,1220,NaN,NaN,NaN,NaN,8968,NaN,NaN,NaN,NaN
1978-06-09T03:00:00,2,dv-dtn,1200,400,6.2992,97.25,97.33,2384,1206,1845,0.6537,431,518,614,206,2,1303,777,275,8.122,4.601
1978-06-09T03:00:00,12,dv-dtn,1200,400,6.3533,96.50,96.58,2379,1311,1824,0.7188,409,519,709,102,2,1771,536,193,7.531,4.611
1978-06-09T03:00:00,2,dv-dtn-digest-batch,1200,400,6.2992,97.25,97.33,2386,1819,2074,0.8770,68,1552,0,146,41,2373,744,240,8.122,6.621
1978-06-09T03:00:00,12,dv-dtn-digest-batch,1200,400,6.3533,96.50,96.58,2381,1978,2098,0.9428,22,1736,0,82,16,2284,536,161,7.531,6.376
1978-06-09T03:00:00,2,dv-dtn-reactive,1200,400,6.2992,97.25,24.75,2380,787,1695,0.4643,769,447,269,139,0,104,26972,330,5.465,3.832
1978-06-09T03:00:00,12,dv-dtn-reactive,1200,400,6.3533,96.50,27.50,2382,932,1735,0.5372,667,454,428,136,0,106,24081,386,5.773,4.208
1978-06-09T03:00:00,2,dv-dtn-link-state,1200,400,6.2992,97.25,28.25,2380,778,1711,0.4547,927,511,205,6,0,0,37384,0,3.247,2.623
1978-06-09T03:00:00,12,dv-dtn-link-state,1200,400,6.3533,96.50,27.92,2382,842,1745,0.4825,902,559,237,1,0,3,36908,0,3.206,2.635
1978-06-09T03:00:00,2,spray-4,1200,400,6.2992,97.25,0.00,2385,134,1504,0.0891,1370,NaN,NaN,NaN,NaN,18,NaN,NaN,NaN,NaN
1978-06-09T03:00:00,12,spray-4,1200,400,6.3533,96.50,0.00,2380,127,1514,0.0839,1387,NaN,NaN,NaN,NaN,25,NaN,NaN,NaN,NaN
1978-06-09T03:00:00,2,spray-16,1200,400,6.2992,97.25,0.00,2338,299,1525,0.1961,1226,NaN,NaN,NaN,NaN,10310,NaN,NaN,NaN,NaN
1978-06-09T03:00:00,12,spray-16,1200,400,6.3533,96.50,0.00,2336,310,1549,0.2001,1239,NaN,NaN,NaN,NaN,10256,NaN,NaN,NaN,NaN
1978-06-09T03:00:00,3,dv-dtn,1200,400,5.9700,98.08,98.67,2371,1242,1795,0.6919,402,541,618,150,1,1590,421,192,7.647,4.857
1978-06-09T03:00:00,13,dv-dtn,1200,400,6.3092,98.75,98.75,2388,1294,1878,0.6890,444,559,649,139,1,1604,728,161,7.616,4.708
1978-06-09T03:00:00,3,dv-dtn-digest-batch,1200,400,5.9700,98.08,98.67,2371,2027,2134,0.9499,7,1761,0,93,7,992,421,155,7.647,6.619
1978-06-09T03:00:00,13,dv-dtn-digest-batch,1200,400,6.3092,98.75,98.75,2389,2067,2191,0.9434,23,1736,0,89,12,1429,728,135,7.616,6.781
1978-06-09T03:00:00,3,dv-dtn-reactive,1200,400,5.9700,98.08,24.67,2372,853,1684,0.5065,712,452,340,119,0,85,24336,349,5.698,3.985
1978-06-09T03:00:00,13,dv-dtn-reactive,1200,400,6.3092,98.75,36.08,2382,879,1764,0.4983,765,518,290,120,0,90,26219,329,5.561,4.031
1978-06-09T03:00:00,3,dv-dtn-link-state,1200,400,5.9700,98.08,27.50,2372,802,1705,0.4704,891,559,200,12,0,0,36997,0,3.192,2.525
1978-06-09T03:00:00,13,dv-dtn-link-state,1200,400,6.3092,98.75,33.17,2382,876,1777,0.4930,900,630,202,1,0,14,36457,0,3.143,2.471
1978-06-09T03:00:00,3,spray-4,1200,400,5.9700,98.08,0.00,2375,165,1517,0.1088,1352,NaN,NaN,NaN,NaN,14,NaN,NaN,NaN,NaN
1978-06-09T03:00:00,13,spray-4,1200,400,6.3092,98.75,0.00,2380,179,1536,0.1165,1357,NaN,NaN,NaN,NaN,21,NaN,NaN,NaN,NaN
1978-06-09T03:00:00,3,spray-16,1200,400,5.9700,98.08,0.00,2334,339,1539,0.2203,1200,NaN,NaN,NaN,NaN,8083,NaN,NaN,NaN,NaN
1978-06-09T03:00:00,13,spray-16,1200,400,6.3092,98.75,0.00,2350,381,1577,0.2416,1196,NaN,NaN,NaN,NaN,9707,NaN,NaN,NaN,NaN
1978-06-09T03:00:00,4,dv-dtn,1200,400,6.3800,97.25,97.50,2376,1357,1843,0.7363,313,494,772,168,5,1033,611,224,7.763,4.965
1978-06-09T03:00:00,14,dv-dtn,1200,400,6.2967,99.17,99.42,2376,1356,1922,0.7055,358,584,683,205,3,907,571,215,7.881,4.538
1978-06-09T03:00:00,4,dv-dtn-digest-batch,1200,400,6.3800,97.25,97.50,2377,1964,2110,0.9308,18,1701,0,89,39,1162,611,191,7.763,6.606
1978-06-09T03:00:00,14,dv-dtn-digest-batch,1200,400,6.2967,99.17,99.42,2375,1929,2104,0.9168,8,1677,0,135,32,581,571,180,7.881,6.563
1978-06-09T03:00:00,4,dv-dtn-reactive,1200,400,6.3800,97.25,28.75,2377,836,1701,0.4915,744,444,332,121,0,87,25804,381,5.426,3.879
1978-06-09T03:00:00,14,dv-dtn-reactive,1200,400,6.2967,99.17,26.00,2378,917,1728,0.5307,702,465,391,109,0,52,25895,417,5.300,4.052
1978-06-09T03:00:00,4,dv-dtn-link-state,1200,400,6.3800,97.25,28.92,2377,858,1711,0.5015,850,472,335,3,0,46,36011,0,3.155,2.533
1978-06-09T03:00:00,14,dv-dtn-link-state,1200,400,6.2967,99.17,31.08,2378,919,1763,0.5213,844,582,284,0,0,0,34533,0,3.140,2.504
1978-06-09T03:00:00,4,spray-4,1200,400,6.3800,97.25,0.00,2377,153,1509,0.1014,1356,NaN,NaN,NaN,NaN,23,NaN,NaN,NaN,NaN
1978-06-09T03:00:00,14,spray-4,1200,400,6.2967,99.17,0.00,2378,159,1524,0.1043,1365,NaN,NaN,NaN,NaN,25,NaN,NaN,NaN,NaN
1978-06-09T03:00:00,4,spray-16,1200,400,6.3800,97.25,0.00,2348,340,1546,0.2199,1206,NaN,NaN,NaN,NaN,9098,NaN,NaN,NaN,NaN
1978-06-09T03:00:00,14,spray-16,1200,400,6.2967,99.17,0.00,2327,381,1563,0.2438,1182,NaN,NaN,NaN,NaN,9007,NaN,NaN,NaN,NaN
1978-06-09T03:00:00,5,dv-dtn,1200,400,6.5742,98.75,99.00,2384,1196,1796,0.6659,467,570,560,133,0,1917,623,167,7.830,4.545
1978-06-09T03:00:00,15,dv-dtn,1200,400,6.2875,98.42,98.75,2382,1239,1817,0.6819,441,576,577,137,0,1694,758,197,7.839,4.514
1978-06-09T03:00:00,5,dv-dtn-digest-batch,1200,400,6.5742,98.75,99.00,2385,2096,2180,0.9615,10,1843,0,70,4,354,623,128,7.830,6.956
1978-06-09T03:00:00,15,dv-dtn-digest-batch,1200,400,6.2875,98.42,98.75,2383,2022,2165,0.9339,10,1726,0,104,29,1011,758,168,7.839,6.588
1978-06-09T03:00:00,15,dv-dtn-reactive,1200,400,6.2875,98.42,19.00,2387,835,1694,0.4929,739,512,276,120,0,90,26488,288,5.458,4.164
1978-06-09T03:00:00,5,dv-dtn-reactive,1200,400,6.5742,98.75,29.58,2381,836,1721,0.4858,729,476,285,156,0,78,26285,340,5.527,3.860
1978-06-09T03:00:00,15,dv-dtn-link-state,1200,400,6.2875,98.42,27.58,2387,821,1741,0.4716,920,563,205,0,0,11,36833,0,3.200,2.549
1978-06-09T03:00:00,5,dv-dtn-link-state,1200,400,6.5742,98.75,28.42,2381,798,1739,0.4589,932,604,158,9,0,0,37564,0,3.051,2.414
1978-06-09T03:00:00,15,spray-4,1200,400,6.2875,98.42,0.00,2380,157,1526,0.1029,1369,NaN,NaN,NaN,NaN,34,NaN,NaN,NaN,NaN
1978-06-09T03:00:00,5,spray-4,1200,400,6.5742,98.75,0.00,2386,187,1535,0.1218,1348,NaN,NaN,NaN,NaN,30,NaN,NaN,NaN,NaN
1978-06-09T03:00:00,15,spray-16,1200,400,6.2875,98.42,0.00,2341,332,1550,0.2142,1218,NaN,NaN,NaN,NaN,9254,NaN,NaN,NaN,NaN
1978-06-09T03:00:00,5,spray-16,1200,400,6.5742,98.75,0.00,2338,372,1562,0.2382,1190,NaN,NaN,NaN,NaN,9230,NaN,NaN,NaN,NaN
1978-06-09T03:00:00,16,dv-dtn,1200,400,6.2717,95.17,95.83,2386,1511,1894,0.7978,300,556,862,83,0,1205,1214,186,7.052,4.780
1978-06-09T03:00:00,6,dv-dtn,1200,400,6.0867,96.50,96.50,2380,1343,1837,0.7311,391,563,670,102,1,1513,1220,183,7.156,4.737
1978-06-09T03:00:00,16,dv-dtn-digest-batch,1200,400,6.2717,95.17,95.83,2386,2108,2193,0.9612,23,1876,0,57,5,178,1214,159,7.052,5.941
1978-06-09T03:00:00,6,dv-dtn-digest-batch,1200,400,6.0867,96.50,96.50,2382,2106,2198,0.9581,25,1905,0,64,3,357,1220,155,7.156,6.136
1978-06-09T03:00:00,16,dv-dtn-reactive,1200,400,6.2717,95.17,25.08,2383,955,1726,0.5533,650,524,375,121,0,83,23849,332,5.565,4.272
1978-06-09T03:00:00,6,dv-dtn-reactive,1200,400,6.0867,96.50,27.92,2384,867,1736,0.4994,717,506,297,152,0,149,23824,379,5.830,4.092
1978-06-09T03:00:00,16,dv-dtn-link-state,1200,400,6.2717,95.17,26.75,2383,891,1778,0.5011,887,632,205,0,0,0,35540,0,3.221,2.679
1978-06-09T03:00:00,6,dv-dtn-link-state,1200,400,6.0867,96.50,30.67,2385,851,1783,0.4773,929,601,194,3,0,2,36892,0,3.216,2.583
1978-06-09T03:00:00,16,spray-4,1200,400,6.2717,95.17,0.00,2384,138,1545,0.0893,1407,NaN,NaN,NaN,NaN,22,NaN,NaN,NaN,NaN
1978-06-09T03:00:00,6,spray-4,1200,400,6.0867,96.50,0.00,2385,163,1550,0.1052,1387,NaN,NaN,NaN,NaN,16,NaN,NaN,NaN,NaN
1978-06-09T03:00:00,16,spray-16,1200,400,6.2717,95.17,0.00,2346,324,1564,0.2072,1240,NaN,NaN,NaN,NaN,9177,NaN,NaN,NaN,NaN
1978-06-09T03:00:00,6,spray-16,1200,400,6.0867,96.50,0.00,2358,364,1586,0.2295,1222,NaN,NaN,NaN,NaN,9533,NaN,NaN,NaN,NaN
1978-06-09T03:00:00,17,dv-dtn,1200,400,6.2450,98.17,96.75,2384,952,1719,0.5538,510,391,506,256,1,2043,1082,246,8.561,4.697
1978-06-09T03:00:00,7,dv-dtn,1200,400,5.9300,98.75,99.17,2385,1212,1850,0.6551,431,458,682,205,2,1161,751,182,8.277,5.213
1978-06-09T03:00:00,17,dv-dtn-digest-batch,1200,400,6.2450,98.17,96.75,2383,1584,1915,0.8272,83,1383,0,204,44,3207,1081,211,8.561,6.575
1978-06-09T03:00:00,7,dv-dtn-digest-batch,1200,400,5.9300,98.75,99.17,2385,1959,2112,0.9276,12,1634,0,122,19,1015,726,158,8.277,7.295
1978-06-09T03:00:00,17,dv-dtn-reactive,1200,400,6.2450,98.17,15.58,2388,610,1605,0.3801,874,354,211,121,0,159,28248,273,6.025,3.872
1978-06-09T03:00:00,7,dv-dtn-reactive,1200,400,5.9300,98.75,32.08,2385,799,1731,0.4616,788,432,305,144,0,54,27040,365,5.722,4.106
1978-06-09T03:00:00,7,dv-dtn-link-state,1200,400,5.9300,98.75,25.67,2385,754,1748,0.4314,990,530,173,4,0,0,39398,0,3.174,2.557
1978-06-09T03:00:00,17,dv-dtn-link-state,1200,400,6.2450,98.17,16.67,2388,654,1631,0.4010,971,455,150,6,0,12,40349,0,3.268,2.615
1978-06-09T03:00:00,7,spray-4,1200,400,5.9300,98.75,0.00,2382,153,1540,0.0994,1387,NaN,NaN,NaN,NaN,18,NaN,NaN,NaN,NaN
1978-06-09T03:00:00,17,spray-4,1200,400,6.2450,98.17,0.00,2385,106,1496,0.0709,1390,NaN,NaN,NaN,NaN,24,NaN,NaN,NaN,NaN
1978-06-09T03:00:00,7,spray-16,1200,400,5.9300,98.75,0.00,2351,322,1557,0.2068,1235,NaN,NaN,NaN,NaN,8984,NaN,NaN,NaN,NaN
1978-06-09T03:00:00,17,spray-16,1200,400,6.2450,98.17,0.00,2348,227,1511,0.1502,1284,NaN,NaN,NaN,NaN,9660,NaN,NaN,NaN,NaN
1978-06-09T03:00:00,8,dv-dtn,1200,400,6.2775,98.25,99.42,2378,1182,1782,0.6633,424,411,697,176,0,1602,562,210,7.862,5.011
1978-06-09T03:00:00,18,dv-dtn,1200,400,5.9792,97.67,96.75,2392,1138,1734,0.6563,458,423,654,138,0,1910,1323,239,8.147,5.076
1978-06-09T03:00:00,18,dv-dtn-digest-batch,1200,400,5.9792,97.67,96.75,2392,1816,2074,0.8756,139,1578,0,110,9,2630,1315,197,8.147,6.743
1978-06-09T03:00:00,8,dv-dtn-digest-batch,1200,400,6.2775,98.25,99.42,2379,1840,2055,0.8954,78,1538,0,130,7,2750,563,183,7.862,6.742
1978-06-09T03:00:00,18,dv-dtn-reactive,1200,400,5.9792,97.67,27.33,2386,719,1664,0.4321,849,432,230,96,0,114,27983,309,5.700,4.015
1978-06-09T03:00:00,8,dv-dtn-reactive,1200,400,6.2775,98.25,28.08,2382,771,1654,0.4661,778,349,371,105,0,146,26339,307,5.627,4.162
1978-06-09T03:00:00,18,dv-dtn-link-state,1200,400,5.9792,97.67,22.42,2387,677,1681,0.4027,1004,489,151,0,0,56,40246,0,3.124,2.486
1978-06-09T03:00:00,8,dv-dtn-link-state,1200,400,6.2775,98.25,23.83,2382,753,1683,0.4474,918,424,289,12,0,42,37380,0,3.243,2.683
1978-06-09T03:00:00,18,spray-4,1200,400,5.9792,97.67,0.00,2390,157,1527,0.1028,1370,NaN,NaN,NaN,NaN,24,NaN,NaN,NaN,NaN
1978-06-09T03:00:00,8,spray-4,1200,400,6.2775,98.25,0.00,2384,109,1471,0.0741,1362,NaN,NaN,NaN,NaN,13,NaN,NaN,NaN,NaN
1978-06-09T03:00:00,18,spray-16,1200,400,5.9792,97.67,0.00,2361,301,1552,0.1939,1251,NaN,NaN,NaN,NaN,8231,NaN,NaN,NaN,NaN
1978-06-09T03:00:00,8,spray-16,1200,400,6.2775,98.25,0.00,2334,260,1490,0.1745,1230,NaN,NaN,NaN,NaN,9256,NaN,NaN,NaN,NaN
1978-06-09T03:00:00,19,dv-dtn,1200,400,6.0267,98.08,98.83,2370,1002,1817,0.5515,588,417,494,226,1,1953,782,249,8.489,5.040
1978-06-09T03:00:00,9,dv-dtn,1200,400,6.3467,98.42,98.67,2381,1335,1858,0.7185,414,664,589,108,1,1483,736,170,7.165,4.399
1978-06-09T03:00:00,19,dv-dtn-digest-batch,1200,400,6.0267,98.08,98.83,2370,1811,2086,0.8682,112,1515,0,139,24,2982,782,202,8.489,7.089
1978-06-09T03:00:00,9,dv-dtn-digest-batch,1200,400,6.3467,98.42,98.67,2381,2017,2131,0.9465,45,1812,0,63,6,1668,725,130,7.165,5.958
1978-06-09T03:00:00,19,dv-dtn-reactive,1200,400,6.0267,98.08,24.08,2379,695,1684,0.4127,877,360,280,112,0,96,29083,330,5.936,4.137
1978-06-09T03:00:00,9,dv-dtn-reactive,1200,400,6.3467,98.42,30.83,2374,942,1784,0.5280,711,560,322,131,0,110,24588,350,5.200,3.739
1978-06-09T03:00:00,19,dv-dtn-link-state,1200,400,6.0267,98.08,23.08,2379,674,1714,0.3932,1035,454,186,5,0,0,41028,0,3.273,2.647
1978-06-09T03:00:00,9,dv-dtn-link-state,1200,400,6.3467,98.42,34.08,2375,995,1792,0.5552,795,682,262,2,0,7,32841,0,3.154,2.496
1978-06-09T03:00:00,19,spray-4,1200,400,6.0267,98.08,0.00,2380,143,1523,0.0939,1380,NaN,NaN,NaN,NaN,46,NaN,NaN,NaN,NaN
1978-06-09T03:00:00,9,spray-4,1200,400,6.3467,98.42,0.00,2379,210,1540,0.1364,1330,NaN,NaN,NaN,NaN,18,NaN,NaN,NaN,NaN
1978-06-09T03:00:00,19,spray-16,1200,400,6.0267,98.08,0.00,2340,254,1532,0.1658,1278,NaN,NaN,NaN,NaN,8853,NaN,NaN,NaN,NaN
1978-06-09T03:00:00,9,spray-16,1200,400,6.3467,98.42,0.00,2333,424,1578,0.2687,1154,NaN,NaN,NaN,NaN,8522,NaN,NaN,NaN,NaN
1978-06-09T00:00:00,0,dv-dtn,1200,400,6.1292,96.83,97.25,2377,1670,1960,0.8520,167,613,933,123,0,492,1002,204,6.849,4.671
1978-06-09T00:00:00,10,dv-dtn,1200,400,6.3417,98.83,98.42,2388,1456,1921,0.7579,297,610,745,167,1,1075,584,224,7.559,4.719
1978-06-09T00:00:00,0,dv-dtn-digest-batch,1200,400,6.1292,96.83,97.25,2377,2107,2193,0.9608,18,1872,0,65,3,653,1002,176,6.849,5.780
1978-06-09T00:00:00,10,dv-dtn-digest-batch,1200,400,6.3417,98.83,98.42,2388,1995,2142,0.9314,12,1784,0,105,30,1269,584,183,7.559,6.250
1978-06-09T00:00:00,0,dv-dtn-reactive,1200,400,6.1292,96.83,30.17,2378,1185,1798,0.6591,504,600,501,109,0,73,20287,400,5.147,4.088
1978-06-09T00:00:00,10,dv-dtn-reactive,1200,400,6.3417,98.83,27.42,2388,970,1771,0.5477,676,529,370,125,0,45,24029,370,5.538,4.089
1978-06-09T00:00:00,0,dv-dtn-link-state,1200,400,6.1292,96.83,36.83,2378,1063,1819,0.5844,756,698,291,0,0,9,31222,0,3.147,2.510
1978-06-09T00:00:00,10,dv-dtn-link-state,1200,400,6.3417,98.83,30.08,2388,916,1805,0.5075,888,617,240,1,0,0,35519,0,3.131,2.500
1978-06-09T00:00:00,0,spray-4,1200,400,6.1292,96.83,0.00,2375,186,1538,0.1209,1352,NaN,NaN,NaN,NaN,34,NaN,NaN,NaN,NaN
1978-06-09T00:00:00,10,spray-4,1200,400,6.3417,98.83,0.00,2382,167,1553,0.1075,1386,NaN,NaN,NaN,NaN,31,NaN,NaN,NaN,NaN
1978-06-09T00:00:00,0,spray-16,1200,400,6.1292,96.83,0.00,2330,446,1573,0.2835,1127,NaN,NaN,NaN,NaN,8789,NaN,NaN,NaN,NaN
1978-06-09T00:00:00,10,spray-16,1200,400,6.3417,98.83,0.00,2345,394,1588,0.2481,1194,NaN,NaN,NaN,NaN,9534,NaN,NaN,NaN,NaN
1978-06-09T00:00:00,1,dv-dtn,1200,400,6.2358,98.50,98.75,2384,1360,1842,0.7383,326,605,672,156,0,1436,599,193,7.254,4.642
1978-06-09T00:00:00,11,dv-dtn,1200,400,6.3450,97.33,97.75,2387,1279,1832,0.6981,415,476,718,134,4,1494,708,195,8.129,4.891
1978-06-09T00:00:00,1,dv-dtn-digest-batch,1200,400,6.2358,98.50,98.75,2385,2096,2183,0.9601,9,1831,0,69,9,1145,599,166,7.254,6.292
1978-06-09T00:00:00,11,dv-dtn-digest-batch,1200,400,6.3450,97.33,97.75,2388,1981,2113,0.9375,12,1703,0,78,42,814,701,163,8.129,6.907
1978-06-09T00:00:00,1,dv-dtn-reactive,1200,400,6.2358,98.50,34.67,2384,925,1737,0.5325,684,540,312,128,0,86,24504,301,5.427,3.875
1978-06-09T00:00:00,11,dv-dtn-reactive,1200,400,6.3450,97.33,26.00,2390,831,1719,0.4834,757,446,324,131,0,85,26754,362,5.605,3.905
1978-06-09T00:00:00,1,dv-dtn-link-state,1200,400,6.2358,98.50,33.08,2384,916,1786,0.5129,869,620,243,1,0,0,35540,0,3.175,2.553
1978-06-09T00:00:00,11,dv-dtn-link-state,1200,400,6.3450,97.33,29.25,2390,839,1754,0.4783,914,552,229,1,0,0,37242,0,3.201,2.588
1978-06-09T00:00:00,1,spray-4,1200,400,6.2358,98.50,0.00,2383,182,1518,0.1199,1336,NaN,NaN,NaN,NaN,32,NaN,NaN,NaN,NaN
1978-06-09T00:00:00,11,spray-4,1200,400,6.3450,97.33,0.00,2394,147,1519,0.0968,1372,NaN,NaN,NaN,NaN,35,NaN,NaN,NaN,NaN
1978-06-09T00:00:00,1,spray-16,1200,400,6.2358,98.50,0.00,2349,346,1553,0.2228,1207,NaN,NaN,NaN,NaN,10322,NaN,NaN,NaN,NaN
1978-06-09T00:00:00,11,spray-16,1200,400,6.3450,97.33,0.00,2342,335,1545,0.2168,1210,NaN,NaN,NaN,NaN,9710,NaN,NaN,NaN,NaN
1978-06-09T00:00:00,2,dv-dtn,1200,400,6.3417,97.33,97.67,2385,1244,1841,0.6757,427,537,637,169,1,1309,891,246,8.156,4.555
1978-06-09T00:00:00,12,dv-dtn,1200,400,6.3800,98.92,98.25,2381,1350,1833,0.7365,366,516,756,112,5,1564,408,193,7.519,4.764
1978-06-09T00:00:00,2,dv-dtn-digest-batch,1200,400,6.3417,97.33,97.67,2386,1827,2080,0.8784,72,1515,0,148,33,2436,886,208,8.156,6.544
1978-06-09T00:00:00,12,dv-dtn-digest-batch,1200,400,6.3800,98.92,98.25,2380,2020,2141,0.9435,35,1764,0,67,19,2337,408,160,7.519,6.370
1978-06-09T00:00:00,2,dv-dtn-reactive,1200,400,6.3417,97.33,29.50,2380,821,1694,0.4847,768,461,292,105,0,96,26775,368,5.515,3.868
1978-06-09T00:00:00,12,dv-dtn-reactive,1200,400,6.3800,98.92,24.50,2382,944,1747,0.5404,681,416,479,122,0,81,24562,419,5.748,4.203
1978-06-09T00:00:00,2,dv-dtn-link-state,1200,400,6.3417,97.33,27.17,2380,800,1717,0.4659,915,534,213,2,0,1,36875,0,3.223,2.586
1978-06-09T00:00:00,12,dv-dtn-link-state,1200,400,6.3800,98.92,29.00,2382,857,1753,0.4889,894,539,273,2,0,1,36977,0,3.236,2.670
1978-06-09T00:00:00,2,spray-4,1200,400,6.3417,97.33,0.00,2378,153,1503,0.1018,1350,NaN,NaN,NaN,NaN,27,NaN,NaN,NaN,NaN
1978-06-09T00:00:00,12,spray-4,1200,400,6.3800,98.92,0.00,2379,126,1512,0.0833,1386,NaN,NaN,NaN,NaN,27,NaN,NaN,NaN,NaN
1978-06-09T00:00:00,2,spray-16,1200,400,6.3417,97.33,0.00,2336,300,1536,0.1953,1236,NaN,NaN,NaN,NaN,9966,NaN,NaN,NaN,NaN
1978-06-09T00:00:00,12,spray-16,1200,400,6.3800,98.92,0.00,2342,297,1534,0.1936,1237,NaN,NaN,NaN,NaN,10315,NaN,NaN,NaN,NaN
1978-06-09T00:00:00,3,dv-dtn,1200,400,5.9000,99.08,99.08,2369,1217,1815,0.6705,418,549,580,180,0,1519,444,254,7.602,4.872
1978-06-09T00:00:00,13,dv-dtn,1200,400,6.2342,98.75,98.92,2388,1310,1894,0.6917,439,561,659,144,1,1341,718,181,7.662,4.727
1978-06-09T00:00:00,3,dv-dtn-digest-batch,1200,400,5.9000,99.08,99.08,2371,1937,2110,0.9180,39,1659,0,126,8,1470,438,198,7.602,6.513
1978-06-09T00:00:00,13,dv-dtn-digest-batch,1200,400,6.2342,98.75,98.92,2387,2061,2205,0.9347,31,1732,0,99,14,1763,718,151,7.662,6.746
1978-06-09T00:00:00,3,dv-dtn-reactive,1200,400,5.9000,99.08,22.42,2372,803,1670,0.4808,726,482,290,141,0,91,23854,399,5.659,3.775
1978-06-09T00:00:00,13,dv-dtn-reactive,1200,400,6.2342,98.75,29.08,2382,903,1765,0.5116,754,459,377,108,0,94,25791,392,5.587,4.245
1978-06-09T00:00:00,3,dv-dtn-link-state,1200,400,5.9000,99.08,27.92,2372,796,1703,0.4674,902,535,214,5,0,0,36999,0,3.179,2.513
1978-06-09T00:00:00,13,dv-dtn-link-state,1200,400,6.2342,98.75,29.67,2382,890,1792,0.4967,902,614,221,0,0,0,36409,0,3.159,2.515
1978-06-09T00:00:00,3,spray-4,1200,400,5.9000,99.08,0.00,2373,154,1518,0.1014,1364,NaN,NaN,NaN,NaN,15,NaN,NaN,NaN,NaN
1978-06-09T00:00:00,13,spray-4,1200,400,6.2342,98.75,0.00,2379,182,1542,0.1180,1360,NaN,NaN,NaN,NaN,21,NaN,NaN,NaN,NaN
1978-06-09T00:00:00,3,spray-16,1200,400,5.9000,99.08,0.00,2342,345,1539,0.2242,1194,NaN,NaN,NaN,NaN,7831,NaN,NaN,NaN,NaN
1978-06-09T00:00:00,13,spray-16,1200,400,6.2342,98.75,0.00,2345,379,1569,0.2416,1190,NaN,NaN,NaN,NaN,9628,NaN,NaN,NaN,NaN
1978-06-09T00:00:00,4,dv-dtn,1200,400,6.3783,98.50,98.00,2376,1335,1818,0.7343,327,565,671,146,10,1259,677,191,7.821,4.771
1978-06-09T00:00:00,14,dv-dtn,1200,400,6.2875,98.75,96.42,2375,1389,1908,0.7280,336,557,749,176,7,928,592,186,7.767,4.575
1978-06-09T00:00:00,4,dv-dtn-digest-batch,1200,400,6.3783,98.50,98.00,2377,1992,2125,0.9374,9,1736,0,84,40,709,663,158,7.821,6.565
1978-06-09T00:00:00,14,dv-dtn-digest-batch,1200,400,6.2875,98.75,96.42,2376,1970,2125,0.9271,7,1725,0,107,41,431,592,164,7.767,6.484
1978-06-09T00:00:00,4,dv-dtn-reactive,1200,400,6.3783,98.50,23.75,2377,823,1689,0.4873,723,480,280,143,0,112,24342,453,5.483,4.009
1978-06-09T00:00:00,14,dv-dtn-reactive,1200,400,6.2875,98.75,24.83,2378,939,1735,0.5412,654,488,382,142,0,47,23690,392,5.541,4.052
1978-06-09T00:00:00,4,dv-dtn-link-state,1200,400,6.3783,98.50,31.25,2377,871,1727,0.5043,849,586,224,7,0,1,35793,0,3.173,2.618
1978-06-09T00:00:00,14,dv-dtn-link-state,1200,400,6.2875,98.75,28.25,2378,938,1774,0.5287,836,644,235,0,0,0,34230,0,3.141,2.501
1978-06-09T00:00:00,4,spray-4,1200,400,6.3783,98.50,0.00,2375,175,1528,0.1145,1353,NaN,NaN,NaN,NaN,30,NaN,NaN,NaN,NaN
1978-06-09T00:00:00,14,spray-4,1200,400,6.2875,98.75,0.00,2372,166,1520,0.1092,1354,NaN,NaN,NaN,NaN,25,NaN,NaN,NaN,NaN
1978-06-09T00:00:00,4,spray-16,1200,400,6.3783,98.50,0.00,2337,345,1552,0.2223,1207,NaN,NaN,NaN,NaN,10199,NaN,NaN,NaN,NaN
1978-06-09T00:00:00,14,spray-16,1200,400,6.2875,98.75,0.00,2339,382,1553,0.2460,1171,NaN,NaN,NaN,NaN,9542,NaN,NaN,NaN,NaN
1978-06-09T00:00:00,5,dv-dtn,1200,400,6.5950,98.83,99.00,2385,1194,1809,0.6600,468,525,604,147,0,1672,708,180,7.886,4.486
1978-06-09T00:00:00,15,dv-dtn,1200,400,6.2100,98.67,99.08,2382,1318,1875,0.7029,423,569,661,133,1,1552,672,199,7.745,4.564
1978-06-09T00:00:00,5,dv-dtn-digest-batch,1200,400,6.5950,98.83,99.00,2384,2020,2136,0.9457,13,1787,0,89,14,416,708,148,7.886,6.864
1978-06-09T00:00:00,15,dv-dtn-digest-batch,1200,400,6.2100,98.67,99.08,2383,2044,2170,0.9419,16,1719,0,88,22,1334,671,156,7.745,6.598
1978-06-09T00:00:00,5,dv-dtn-reactive,1200,400,6.5950,98.83,33.83,2380,855,1716,0.4983,760,503,308,101,0,57,27080,321,5.393,3.691
1978-06-09T00:00:00,15,dv-dtn-reactive,1200,400,6.2100,98.67,30.25,2387,918,1742,0.5270,700,462,392,124,0,47,25763,374,5.567,4.087
1978-06-09T00:00:00,5,dv-dtn-link-state,1200,400,6.5950,98.83,28.50,2381,818,1739,0.4704,920,610,166,1,0,2,37078,0,3.078,2.403
1978-06-09T00:00:00,15,dv-dtn-link-state,1200,400,6.2100,98.67,32.33,2387,870,1770,0.4915,898,553,257,2,0,3,36396,0,3.198,2.626
1978-06-09T00:00:00,5,spray-4,1200,400,6.5950,98.83,0.00,2383,192,1541,0.1246,1349,NaN,NaN,NaN,NaN,38,NaN,NaN,NaN,NaN
1978-06-09T00:00:00,15,spray-4,1200,400,6.2100,98.67,0.00,2383,160,1529,0.1046,1369,NaN,NaN,NaN,NaN,24,NaN,NaN,NaN,NaN
1978-06-09T00:00:00,5,spray-16,1200,400,6.5950,98.83,0.00,2343,389,1574,0.2471,1185,NaN,NaN,NaN,NaN,9539,NaN,NaN,NaN,NaN
1978-06-09T00:00:00,15,spray-16,1200,400,6.2100,98.67,0.00,2336,320,1553,0.2061,1233,NaN,NaN,NaN,NaN,9246,NaN,NaN,NaN,NaN
1978-06-09T00:00:00,6,dv-dtn,1200,400,6.1017,96.25,96.33,2380,1423,1864,0.7634,319,579,746,121,1,1331,1036,183,7.136,4.840
1978-06-09T00:00:00,16,dv-dtn,1200,400,6.2058,96.83,98.58,2386,1455,1887,0.7711,334,527,832,98,0,1374,997,167,7.048,4.691
1978-06-09T00:00:00,6,dv-dtn-digest-batch,1200,400,6.1017,96.25,96.33,2382,2099,2204,0.9524,20,1878,0,83,2,201,1036,152,7.136,6.055
1978-06-09T00:00:00,16,dv-dtn-digest-batch,1200,400,6.2058,96.83,98.58,2386,2089,2179,0.9587,19,1870,0,64,7,100,997,139,7.048,5.967
1978-06-09T00:00:00,6,dv-dtn-reactive,1200,400,6.1017,96.25,28.33,2385,916,1757,0.5213,683,523,328,158,0,127,22151,440,5.779,4.053
1978-06-09T00:00:00,16,dv-dtn-reactive,1200,400,6.2058,96.83,29.42,2383,930,1714,0.5426,643,523,359,141,0,63,23011,273,5.743,4.311
1978-06-09T00:00:00,6,dv-dtn-link-state,1200,400,6.1017,96.25,33.17,2385,863,1798,0.4800,930,615,189,5,0,0,37126,0,3.147,2.454
1978-06-09T00:00:00,16,dv-dtn-link-state,1200,400,6.2058,96.83,29.17,2383,880,1771,0.4969,890,586,229,1,0,54,35670,0,3.262,2.692
1978-06-09T00:00:00,6,spray-4,1200,400,6.1017,96.25,0.00,2383,170,1558,0.1091,1388,NaN,NaN,NaN,NaN,25,NaN,NaN,NaN,NaN
1978-06-09T00:00:00,16,spray-4,1200,400,6.2058,96.83,0.00,2383,133,1544,0.0861,1411,NaN,NaN,NaN,NaN,24,NaN,NaN,NaN,NaN
1978-06-09T00:00:00,6,spray-16,1200,400,6.1017,96.25,0.00,2356,359,1590,0.2258,1231,NaN,NaN,NaN,NaN,8749,NaN,NaN,NaN,NaN
1978-06-09T00:00:00,16,spray-16,1200,400,6.2058,96.83,0.00,2349,309,1569,0.1969,1260,NaN,NaN,NaN,NaN,9038,NaN,NaN,NaN,NaN
1978-06-09T00:00:00,7,dv-dtn,1200,400,5.9342,98.33,99.25,2385,1253,1841,0.6806,371,510,669,214,3,1048,647,200,8.138,5.153
1978-06-09T00:00:00,17,dv-dtn,1200,400,6.3175,97.42,93.08,2386,1098,1771,0.6200,445,418,609,223,5,1520,1311,233,8.299,4.849
1978-06-09T00:00:00,7,dv-dtn-digest-batch,1200,400,5.9342,98.33,99.25,2385,2006,2177,0.9215,14,1630,0,129,28,519,648,166,8.138,7.174
1978-06-09T00:00:00,17,dv-dtn-digest-batch,1200,400,6.3175,97.42,93.08,2387,1735,2037,0.8517,79,1475,0,173,50,1969,1277,190,8.299,6.782
1978-06-09T00:00:00,7,dv-dtn-reactive,1200,400,5.9342,98.33,25.67,2384,784,1721,0.4555,773,399,323,164,0,122,26202,391,5.885,4.121
1978-06-09T00:00:00,17,dv-dtn-reactive,1200,400,6.3175,97.42,24.25,2388,681,1632,0.4173,834,383,250,117,0,156,27422,393,5.659,3.825
1978-06-09T00:00:00,7,dv-dtn-link-state,1200,400,5.9342,98.33,26.58,2385,783,1757,0.4456,968,570,164,6,0,1,38712,0,3.185,2.589
1978-06-09T00:00:00,17,dv-dtn-link-state,1200,400,6.3175,97.42,18.58,2388,701,1648,0.4254,944,445,207,3,0,1,39197,0,3.225,2.672
1978-06-09T00:00:00,7,spray-4,1200,400,5.9342,98.33,0.00,2382,163,1536,0.1061,1373,NaN,NaN,NaN,NaN,24,NaN,NaN,NaN,NaN
1978-06-09T00:00:00,17,spray-4,1200,400,6.3175,97.42,0.00,2392,120,1502,0.0799,1382,NaN,NaN,NaN,NaN,20,NaN,NaN,NaN,NaN
1978-06-09T00:00:00,7,spray-16,1200,400,5.9342,98.33,0.00,2348,315,1565,0.2013,1250,NaN,NaN,NaN,NaN,8246,NaN,NaN,NaN,NaN
1978-06-09T00:00:00,17,spray-16,1200,400,6.3175,97.42,0.00,2348,260,1516,0.1715,1256,NaN,NaN,NaN,NaN,10221,NaN,NaN,NaN,NaN
1978-06-09T00:00:00,8,dv-dtn,1200,400,6.2925,99.00,99.25,2378,1173,1788,0.6560,448,456,643,167,0,1775,821,267,7.680,4.787
1978-06-09T00:00:00,18,dv-dtn,1200,400,6.0150,97.92,97.75,2391,1174,1769,0.6637,459,430,669,135,1,1985,1260,227,8.023,5.098
1978-06-09T00:00:00,8,dv-dtn-digest-batch,1200,400,6.2925,99.00,99.25,2380,1830,2003,0.9136,47,1571,0,114,12,2917,746,216,7.680,6.393
1978-06-09T00:00:00,18,dv-dtn-digest-batch,1200,400,6.0150,97.92,97.75,2392,1843,2072,0.8895,130,1603,0,93,6,2843,1263,191,8.023,6.702
1978-06-09T00:00:00,8,dv-dtn-reactive,1200,400,6.2925,99.00,32.75,2382,767,1650,0.4648,754,416,317,129,0,151,25893,309,5.670,4.083
1978-06-09T00:00:00,18,dv-dtn-reactive,1200,400,6.0150,97.92,21.67,2387,747,1691,0.4418,818,462,239,126,0,191,27051,260,5.775,4.001
1978-06-09T00:00:00,8,dv-dtn-link-state,1200,400,6.2925,99.00,24.92,2382,791,1711,0.4623,911,486,252,9,0,18,36747,0,3.194,2.645
1978-06-09T00:00:00,18,dv-dtn-link-state,1200,400,6.0150,97.92,22.92,2387,694,1703,0.4075,1008,510,145,1,0,11,40234,0,3.127,2.458
1978-06-09T00:00:00,8,spray-4,1200,400,6.2925,99.00,0.00,2384,118,1482,0.0796,1364,NaN,NaN,NaN,NaN,6,NaN,NaN,NaN,NaN
1978-06-09T00:00:00,18,spray-4,1200,400,6.0150,97.92,0.00,2390,148,1526,0.0970,1378,NaN,NaN,NaN,NaN,21,NaN,NaN,NaN,NaN
1978-06-09T00:00:00,8,spray-16,1200,400,6.2925,99.00,0.00,2337,288,1503,0.1916,1215,NaN,NaN,NaN,NaN,8871,NaN,NaN,NaN,NaN
1978-06-09T00:00:00,18,spray-16,1200,400,6.0150,97.92,0.00,2347,299,1541,0.1940,1242,NaN,NaN,NaN,NaN,9371,NaN,NaN,NaN,NaN
1978-06-09T00:00:00,9,dv-dtn,1200,400,6.4025,98.25,98.67,2380,1291,1835,0.7035,434,575,625,109,1,1660,738,155,7.355,4.581
1978-06-09T00:00:00,19,dv-dtn,1200,400,6.0350,97.92,94.83,2369,945,1761,0.5366,605,358,510,204,7,2172,788,235,8.554,4.995
1978-06-09T00:00:00,9,dv-dtn-digest-batch,1200,400,6.4025,98.25,98.67,2381,2012,2145,0.9380,52,1752,0,74,7,1878,738,133,7.355,6.170
1978-06-09T00:00:00,19,dv-dtn-digest-batch,1200,400,6.0350,97.92,94.83,2370,1834,2078,0.8826,82,1554,0,139,23,2715,788,190,8.554,7.201
1978-06-09T00:00:00,9,dv-dtn-reactive,1200,400,6.4025,98.25,34.50,2374,865,1718,0.5035,749,536,267,104,0,110,25383,354,5.368,3.875
1978-06-09T00:00:00,19,dv-dtn-reactive,1200,400,6.0350,97.92,28.50,2378,625,1651,0.3786,888,360,227,138,0,155,28644,350,6.069,3.994
1978-06-09T00:00:00,9,dv-dtn-link-state,1200,400,6.4025,98.25,31.17,2375,927,1778,0.5214,847,647,225,4,0,2,34537,0,3.145,2.490
1978-06-09T00:00:00,19,dv-dtn-link-state,1200,400,6.0350,97.92,20.42,2379,622,1680,0.3702,1053,425,160,5,0,3,41439,0,3.293,2.680
1978-06-09T00:00:00,9,spray-4,1200,400,6.4025,98.25,0.00,2375,197,1536,0.1283,1339,NaN,NaN,NaN,NaN,40,NaN,NaN,NaN,NaN
1978-06-09T00:00:00,19,spray-4,1200,400,6.0350,97.92,0.00,2380,113,1511,0.0748,1398,NaN,NaN,NaN,NaN,22,NaN,NaN,NaN,NaN
1978-06-09T00:00:00,9,spray-16,1200,400,6.4025,98.25,0.00,2328,411,1575,0.2610,1164,NaN,NaN,NaN,NaN,9255,NaN,NaN,NaN,NaN
1978-06-09T00:00:00,19,spray-16,1200,400,6.0350,97.92,0.00,2332,239,1528,0.1564,1289,NaN,NaN,NaN,NaN,9112,NaN,NaN,NaN,NaN
